-0.001958890 0.000809459 -0.001034070 0 0 0
-0.002624220 0.002417780 0.000489973 0 0 0
-0.003556410 0.004213700 0.005393110 0 0 0
-0.005288910 0.005375160 0.006193780 0 0 0
-0.002332930 0.005979210 0.005437730 0 0 0
-0.001582380 0.005633060 0.006266120 0 0 0
0.001472320 0.002632210 0.007136970 0 0 0
0.000226833 0.001126020 0.005191730 0 0 0
-0.003670490 0.001053200 0.002926520 0 0 0
-0.007170970 0.002278180 0.000336953 0 0 0
-0.008948350 0.000642601 -0.002219550 0 0 0
-0.011032800 0.000594794 -0.004042120 0 0 0
-0.011510400 0.000537903 -0.005295640 0 0 0
-0.011676400 -0.000081173 -0.005249640 0 0 0
-0.010960400 0.001158610 -0.004380440 0 0 0
-0.009667020 0.001123960 -0.002078070 0 0 0
-0.006757300 0.001562960 0.000924700 0 0 0
-0.004647200 0.001069330 0.003768120 0 0 0
-0.002161510 0.001497480 0.006035800 0 0 0
0.001042530 0.001106760 0.007497000 0 0 0
0.001867000 0.001603100 0.008409400 0 0 0
0.002269810 0.002400500 0.009132770 0 0 0
0.002176730 0.003572720 0.009214810 0 0 0
0.001270980 0.003033280 0.007679140 0 0 0
-0.001451560 0.001186650 0.005387560 0 0 0
-0.004743490 0.001056800 0.002449170 0 0 0
-0.007182100 0.000403739 -0.000230061 0 0 0
-0.009269050 -0.000013412 -0.002540060 0 0 0
-0.010528900 0.000436841 -0.004033560 0 0 0
-0.011273700 0.000347022 -0.004230760 0 0 0
-0.010517700 0.001466770 -0.003089870 0 0 0
-0.008872330 0.000785152 -0.001117650 0 0 0
-0.007049940 0.001248030 0.001657970 0 0 0
-0.004568130 0.000395731 0.003615930 0 0 0
-0.003016350 0.000884331 0.005528270 0 0 0
-0.000232873 0.000202359 0.007340900 0 0 0
0.001306720 0.001025370 0.009014930 0 0 0
0.002355240 0.002049580 0.010227400 0 0 0
0.001937740 0.001792800 0.009962150 0 0 0
0.001102910 0.001839650 0.008501340 0 0 0
-0.001162580 0.001164680 0.006197560 0 0 0
-0.004257110 0.001041820 0.003324630 0 0 0
-0.006003110 0.000480678 0.000581076 0 0 0
-0.008083230 0.000500163 -0.001628850 0 0 0
-0.009961940 -0.000557194 -0.003332320 0 0 0
-0.010997000 -0.000855846 -0.004365570 0 0 0
-0.010742000 -0.000441949 -0.003501300 0 0 0
-0.009791890 -0.000054830 -0.001864340 0 0 0
-0.008115440 0.000859510 0.000368186 0 0 0
-0.005276110 0.000975203 0.002929120 0 0 0
-0.002811020 0.001456360 0.005318160 0 0 0
-0.000773443 0.001918850 0.007776260 0 0 0
0.000343357 0.001294620 0.009171200 0 0 0
0.001692920 0.001188270 0.010105900 0 0 0
0.001583670 0.001119810 0.009667710 0 0 0
0.001647690 0.001965150 0.008521550 0 0 0
0.001248200 0.002241160 0.006828550 0 0 0
-0.001089140 0.002569060 0.004955960 0 0 0
-0.003919330 0.002119080 0.002639150 0 0 0
-0.006795970 0.001394130 0.000104149 0 0 0
-0.008441910 0.000581385 -0.002054050 0 0 0
-0.010245400 -0.000967092 -0.002825190 0 0 0
-0.010083000 -0.001147930 -0.002867930 0 0 0
-0.009507400 -0.001542770 -0.002385670 0 0 0
-0.009086220 -0.001030340 -0.001385930 0 0 0
-0.007277800 -0.000164745 0.000350699 0 0 0
-0.005399260 0.000306348 0.002894160 0 0 0
-0.002063240 0.000792415 0.006165460 0 0 0
-0.000654301 0.000834766 0.008493800 0 0 0
0.001223240 0.000814669 0.010150600 0 0 0
0.002556030 0.000365995 0.010546200 0 0 0
0.002412090 0.000634984 0.010278100 0 0 0
0.002099550 0.000882477 0.009570490 0 0 0
0.000519968 0.001579940 0.008153980 0 0 0
-0.001582660 0.001843340 0.005539770 0 0 0
-0.003993860 0.001533160 0.002800050 0 0 0
-0.006169890 0.001726580 0.000649258 0 0 0
-0.008392710 0.000549247 -0.000907824 0 0 0
-0.009981920 -0.000144096 -0.002325670 0 0 0
-0.010845400 -0.000691863 -0.003218070 0 0 0
-0.011479200 -0.000784231 -0.002582900 0 0 0
-0.009872390 -0.000258004 -0.001176300 0 0 0
-0.007741900 -0.000338291 0.000855580 0 0 0
-0.004068130 -0.000054235 0.003145540 0 0 0
-0.001899520 0.000415521 0.005468960 0 0 0
0.000580615 0.000815588 0.008030390 0 0 0
0.002249570 0.000901781 0.010182500 0 0 0
0.002970780 0.001594170 0.010960800 0 0 0
0.003031180 0.001789550 0.010834600 0 0 0
0.002067710 0.001840120 0.009837230 0 0 0
0.000595912 0.001989580 0.007429090 0 0 0
-0.002257060 0.001251510 0.004379160 0 0 0
-0.004937810 0.000212902 0.002058660 0 0 0
-0.007846050 -0.000983530 -0.000415024 0 0 0
-0.009898610 -0.001317330 -0.002522590 0 0 0
-0.010285300 -0.001202350 -0.002972110 0 0 0
0.000170523 0.003551920 0.001344380 0 0 0
0.048919900 0.015093500 0.016739600 0 0 0
0.120220000 0.030436700 0.035553000 0 0 0
0.184055000 0.059631000 0.040604700 0 0 0
0.293016000 0.083257400 0.050219400 0 0 0
0.366058000 0.106959000 0.042704400 0 0 0
0.440434000 0.118420000 0.061912500 0 0 0
0.517066000 0.144915000 0.074990400 0 0 0
0.608445000 0.170144000 0.065560200 0 0 0
0.681966000 0.188349000 0.068856200 0 0 0
0.762884000 0.204828000 0.076768000 0 0 0
0.842764000 0.226017000 0.072181000 0 0 0
0.907375000 0.244493000 0.082688900 0 0 0
0.980479000 0.273592000 0.082180100 0 0 0
1.064680000 0.310619000 0.075715800 0 0 0
1.136730000 0.343901000 0.085572600 0 0 0
1.208930000 0.363716000 0.087255600 0 0 0
1.288200000 0.404951000 0.090000900 0 0 0
1.356910000 0.435766000 0.102784000 0 0 0
1.428240000 0.464799000 0.116968000 0 0 0
1.500030000 0.493355000 0.134722000 0 0 0
1.573910000 0.499388000 0.155821000 0 0 0
1.643070000 0.521919000 0.157748000 0 0 0
1.714850000 0.561564000 0.166108000 0 0 0
1.780840000 0.607418000 0.164715000 0 0 0
1.853070000 0.659240000 0.151840000 0 0 0
1.917910000 0.711829000 0.155365000 0 0 0
1.983990000 0.754080000 0.160237000 0 0 0
2.043380000 0.799328000 0.159728000 0 0 0
2.112340000 0.840762000 0.171176000 0 0 0
2.175710000 0.887525000 0.173755000 0 0 0
2.255210000 0.933454000 0.176553000 0 0 0
2.335110000 0.970549000 0.185261000 0 0 0
2.415000000 0.994547000 0.196256000 0 0 0
2.490250000 1.022230000 0.203155000 0 0 0
2.564100000 1.050470000 0.211553000 0 0 0
2.629010000 1.086730000 0.218366000 0 0 0
2.699290000 1.132260000 0.217198000 0 0 0
2.761250000 1.170230000 0.235284000 0 0 0
2.829800000 1.192510000 0.242395000 0 0 0
2.910460000 1.213960000 0.240888000 0 0 0
2.991800000 1.231640000 0.245345000 0 0 0
3.076280000 1.241730000 0.243363000 0 0 0
3.165980000 1.266790000 0.244838000 0 0 0
3.243240000 1.277450000 0.260911000 0 0 0
3.323330000 1.286830000 0.268233000 0 0 0
3.404260000 1.282480000 0.294487000 0 0 0
3.488880000 1.283400000 0.312587000 0 0 0
3.578120000 1.290720000 0.306346000 0 0 0
3.668470000 1.307040000 0.305871000 0 0 0
3.740090000 1.309400000 0.320741000 0 0 0
3.814460000 1.318310000 0.322064000 0 0 0
3.883210000 1.335280000 0.330572000 0 0 0
3.948240000 1.354300000 0.323915000 0 0 0
4.021020000 1.369260000 0.309842000 0 0 0
4.100140000 1.381340000 0.309743000 0 0 0
4.167680000 1.386470000 0.319641000 0 0 0
4.242900000 1.392460000 0.332140000 0 0 0
4.310780000 1.391090000 0.355710000 0 0 0
4.384430000 1.389500000 0.363631000 0 0 0
4.465900000 1.389990000 0.352008000 0 0 0
4.534860000 1.396740000 0.362558000 0 0 0
4.597510000 1.399700000 0.375426000 0 0 0
4.663000000 1.411250000 0.372583000 0 0 0
4.722540000 1.413170000 0.384589000 0 0 0
4.779580000 1.414490000 0.385612000 0 0 0
4.838780000 1.416580000 0.379423000 0 0 0
4.897990000 1.421720000 0.377431000 0 0 0
4.947470000 1.435000000 0.383091000 0 0 0
4.992880000 1.441890000 0.381193000 0 0 0
5.032960000 1.444310000 0.380711000 0 0 0
5.068390000 1.439570000 0.390909000 0 0 0
5.097510000 1.434090000 0.401514000 0 0 0
5.120950000 1.424280000 0.404998000 0 0 0
5.151790000 1.421950000 0.396982000 0 0 0
5.181350000 1.418570000 0.389649000 0 0 0
5.199710000 1.417490000 0.392507000 0 0 0
5.210360000 1.413430000 0.392533000 0 0 0
5.221880000 1.410250000 0.394054000 0 0 0
5.239260000 1.413540000 0.396095000 0 0 0
5.254870000 1.414920000 0.397499000 0 0 0
5.273040000 1.412170000 0.406684000 0 0 0
5.290480000 1.404700000 0.412017000 0 0 0
5.309850000 1.391240000 0.416582000 0 0 0
5.321910000 1.358340000 0.421469000 0 0 0
5.327440000 1.326940000 0.425402000 0 0 0
5.323820000 1.307310000 0.428065000 0 0 0
5.313830000 1.288170000 0.426538000 0 0 0
5.300400000 1.270730000 0.420745000 0 0 0
5.284990000 1.255490000 0.412114000 0 0 0
5.266610000 1.239550000 0.398704000 0 0 0
5.241130000 1.215580000 0.373556000 0 0 0
5.220520000 1.192230000 0.365019000 0 0 0
5.207150000 1.185670000 0.359649000 0 0 0
5.204860000 1.187410000 0.358792000 0 0 0
5.202050000 1.195990000 0.375674000 0 0 0
5.193770000 1.195470000 0.384914000 0 0 0
5.180520000 1.192350000 0.396960000 0 0 0
5.167090000 1.185010000 0.403800000 0 0 0
5.143920000 1.177320000 0.409746000 0 0 0
5.117390000 1.170580000 0.401210000 0 0 0
5.069730000 1.157300000 0.385745000 0 0 0
5.048050000 1.143970000 0.378027000 0 0 0
5.027560000 1.137700000 0.376951000 0 0 0
5.005940000 1.144530000 0.391834000 0 0 0
4.989460000 1.153620000 0.393721000 0 0 0
4.964830000 1.171530000 0.400501000 0 0 0
4.938800000 1.191720000 0.402620000 0 0 0
4.913180000 1.212660000 0.396323000 0 0 0
4.879310000 1.248090000 0.366647000 0 0 0
4.852940000 1.272640000 0.357740000 0 0 0
4.835700000 1.279580000 0.350282000 0 0 0
4.825710000 1.288310000 0.350266000 0 0 0
4.818810000 1.301830000 0.353002000 0 0 0
4.812460000 1.330920000 0.359080000 0 0 0
4.809170000 1.361170000 0.367771000 0 0 0
4.813010000 1.397470000 0.373409000 0 0 0
4.819430000 1.440340000 0.360471000 0 0 0
4.826440000 1.470650000 0.366344000 0 0 0
4.831950000 1.446180000 0.360941000 0 0 0
4.825540000 1.433930000 0.356745000 0 0 0
4.822020000 1.418800000 0.365324000 0 0 0
4.820460000 1.410100000 0.373040000 0 0 0
4.818090000 1.405370000 0.380181000 0 0 0
4.814200000 1.401710000 0.380334000 0 0 0
4.809210000 1.401860000 0.376300000 0 0 0
4.807550000 1.403860000 0.375496000 0 0 0
4.806230000 1.404590000 0.373817000 0 0 0
4.805250000 1.406160000 0.373330000 0 0 0
4.805090000 1.405020000 0.373406000 0 0 0
4.803840000 1.403140000 0.374061000 0 0 0
4.803540000 1.402910000 0.372794000 0 0 0
4.802100000 1.402540000 0.374039000 0 0 0
4.798810000 1.402230000 0.377799000 0 0 0
4.794380000 1.402100000 0.381675000 0 0 0
4.790830000 1.401260000 0.383022000 0 0 0
4.786730000 1.399250000 0.384384000 0 0 0
4.784000000 1.395580000 0.385090000 0 0 0
4.784300000 1.394130000 0.385146000 0 0 0
4.786410000 1.392880000 0.384954000 0 0 0
4.789500000 1.392630000 0.381215000 0 0 0
4.794000000 1.394320000 0.379904000 0 0 0
4.800030000 1.396850000 0.378951000 0 0 0
4.804640000 1.397760000 0.376022000 0 0 0
4.806370000 1.399730000 0.377795000 0 0 0
4.805430000 1.401880000 0.379662000 0 0 0
4.802620000 1.401450000 0.382171000 0 0 0
4.794950000 1.399490000 0.384358000 0 0 0
4.789600000 1.398300000 0.386164000 0 0 0
4.784430000 1.396130000 0.386572000 0 0 0
4.783390000 1.392900000 0.384173000 0 0 0
4.786180000 1.391430000 0.382510000 0 0 0
4.790050000 1.390050000 0.380105000 0 0 0
4.794580000 1.390560000 0.377655000 0 0 0
4.798980000 1.392100000 0.376034000 0 0 0
4.802810000 1.394110000 0.376273000 0 0 0
4.804310000 1.396670000 0.379481000 0 0 0
4.800840000 1.398710000 0.381723000 0 0 0
4.796470000 1.399010000 0.383722000 0 0 0
4.792660000 1.398080000 0.386701000 0 0 0
4.786900000 1.397310000 0.389787000 0 0 0
4.784740000 1.394910000 0.389479000 0 0 0
4.784710000 1.392530000 0.389174000 0 0 0
4.788010000 1.390170000 0.385493000 0 0 0
4.792100000 1.388490000 0.383355000 0 0 0
4.797050000 1.388840000 0.380679000 0 0 0
4.801520000 1.390150000 0.378537000 0 0 0
4.805910000 1.391600000 0.378390000 0 0 0
4.806420000 1.393790000 0.378277000 0 0 0
4.803860000 1.395970000 0.380429000 0 0 0
4.799250000 1.396440000 0.383617000 0 0 0
4.792100000 1.396700000 0.388350000 0 0 0
4.786870000 1.395990000 0.389939000 0 0 0
4.782630000 1.394260000 0.388993000 0 0 0
4.781870000 1.390420000 0.387513000 0 0 0
4.783670000 1.388740000 0.385016000 0 0 0
4.786930000 1.387200000 0.383714000 0 0 0
4.790970000 1.387010000 0.380814000 0 0 0
4.797460000 1.388760000 0.380004000 0 0 0
4.803440000 1.390790000 0.378304000 0 0 0
4.808160000 1.392050000 0.378593000 0 0 0
4.811750000 1.395800000 0.378972000 0 0 0
4.810070000 1.398170000 0.379728000 0 0 0
4.805260000 1.399190000 0.382172000 0 0 0
4.799810000 1.398390000 0.385610000 0 0 0
4.791770000 1.396050000 0.388453000 0 0 0
4.785840000 1.394400000 0.389676000 0 0 0
4.779980000 1.391910000 0.390234000 0 0 0
4.778350000 1.387340000 0.391133000 0 0 0
4.779000000 1.384240000 0.388866000 0 0 0
4.782370000 1.383510000 0.386595000 0 0 0
4.779840000 1.375820000 0.381841000 0 0 0
4.751820000 1.357730000 0.367178000 0 0 0
4.700960000 1.338200000 0.358124000 0 0 0
4.639600000 1.316630000 0.334826000 0 0 0
4.556630000 1.297450000 0.314185000 0 0 0
4.475610000 1.277010000 0.310725000 0 0 0
4.385260000 1.250160000 0.306310000 0 0 0
4.303710000 1.218270000 0.319829000 0 0 0
4.222970000 1.178370000 0.323808000 0 0 0
4.129530000 1.154130000 0.314152000 0 0 0
4.041920000 1.129720000 0.312079000 0 0 0
3.957460000 1.118190000 0.306571000 0 0 0
3.875410000 1.106280000 0.297583000 0 0 0
3.796330000 1.106250000 0.303115000 0 0 0
3.719700000 1.094680000 0.294001000 0 0 0
3.640730000 1.082610000 0.273995000 0 0 0
3.573130000 1.063460000 0.268964000 0 0 0
3.498440000 1.049460000 0.258832000 0 0 0
3.419420000 1.030200000 0.249900000 0 0 0
3.351690000 1.009610000 0.239831000 0 0 0
3.273880000 0.986713000 0.222370000 0 0 0
3.186510000 0.964376000 0.221348000 0 0 0
3.106020000 0.950621000 0.238734000 0 0 0
3.023670000 0.923540000 0.238912000 0 0 0
2.948120000 0.891799000 0.236033000 0 0 0
2.874640000 0.865253000 0.241692000 0 0 0
2.801140000 0.846951000 0.225045000 0 0 0
2.734400000 0.824407000 0.216015000 0 0 0
2.682510000 0.796357000 0.211192000 0 0 0
2.623500000 0.770432000 0.192464000 0 0 0
2.556020000 0.744386000 0.209665000 0 0 0
2.492990000 0.715798000 0.211641000 0 0 0
2.420280000 0.694194000 0.196923000 0 0 0
2.344710000 0.667859000 0.197061000 0 0 0
2.283990000 0.638048000 0.223671000 0 0 0
2.213900000 0.606274000 0.222204000 0 0 0
2.130940000 0.585534000 0.216308000 0 0 0
2.057190000 0.564009000 0.204259000 0 0 0
1.972010000 0.539108000 0.181424000 0 0 0
1.891250000 0.515528000 0.168428000 0 0 0
1.812120000 0.492305000 0.156548000 0 0 0
1.734320000 0.464948000 0.145638000 0 0 0
1.656710000 0.441591000 0.149596000 0 0 0
1.582700000 0.412293000 0.134826000 0 0 0
1.502640000 0.383735000 0.114242000 0 0 0
1.421380000 0.364282000 0.105608000 0 0 0
1.344920000 0.354363000 0.104770000 0 0 0
1.263020000 0.339111000 0.097644500 0 0 0
1.189790000 0.334064000 0.113411000 0 0 0
1.118690000 0.317019000 0.117098000 0 0 0
1.032490000 0.296587000 0.107427000 0 0 0
0.967767000 0.277344000 0.106688000 0 0 0
0.893590000 0.258580000 0.094095600 0 0 0
0.812423000 0.233060000 0.085544200 0 0 0
0.733891000 0.218508000 0.076124000 0 0 0
0.654773000 0.201012000 0.058859400 0 0 0
0.579248000 0.183512000 0.050620000 0 0 0
0.521162000 0.164520000 0.051730900 0 0 0
0.454470000 0.153113000 0.038957800 0 0 0
0.400220000 0.145415000 0.049117300 0 0 0
0.349460000 0.138807000 0.048056100 0 0 0
0.294437000 0.126682000 0.035477500 0 0 0
0.237102000 0.113038000 0.029277800 0 0 0
0.194636000 0.106768000 0.032836400 0 0 0
0.151715000 0.104218000 0.037373300 0 0 0
0.108075000 0.097155600 0.033668200 0 0 0
0.069869200 0.084272300 0.042556500 0 0 0
0.032372400 0.070054200 0.036670200 0 0 0
-0.003046120 0.069448500 0.024801900 0 0 0
-0.042175700 0.066418000 0.009419200 0 0 0
-0.077059000 0.062253900 0.002973940 0 0 0
-0.101540000 0.061707100 -0.000229389 0 0 0
-0.115288000 0.065271800 -0.000602655 0 0 0
-0.130611000 0.070541300 -0.002613200 0 0 0
-0.150577000 0.073567800 -0.001994300 0 0 0
-0.164503000 0.074812200 -0.000628283 0 0 0
-0.175011000 0.070962900 0.004415820 0 0 0
-0.182232000 0.067899400 0.010903500 0 0 0
-0.200576000 0.071030300 0.011152500 0 0 0
-0.222595000 0.073534100 0.010715300 0 0 0
-0.245738000 0.068726600 0.010123700 0 0 0
-0.271674000 0.059662600 0.010160700 0 0 0
-0.291827000 0.050682200 0.008273700 0 0 0
-0.302862000 0.040182900 0.004767130 0 0 0
-0.311246000 0.036954300 0.002261160 0 0 0
-0.312834000 0.033443900 0.001220630 0 0 0
-0.310273000 0.032896200 0.002430010 0 0 0
-0.305152000 0.032622500 0.004621130 0 0 0
-0.296477000 0.034761900 0.004691450 0 0 0
-0.294830000 0.036967400 0.001092570 0 0 0
-0.292657000 0.040788600 -0.001116070 0 0 0
-0.295252000 0.044942200 -0.002988520 0 0 0
-0.296207000 0.049698600 -0.006245160 0 0 0
-0.297368000 0.051858000 -0.006764740 0 0 0
-0.299839000 0.055302300 -0.006451220 0 0 0
-0.299941000 0.056863700 -0.005730500 0 0 0
-0.300251000 0.056308300 -0.005199330 0 0 0
-0.301422000 0.053843300 -0.003945460 0 0 0
-0.302867000 0.052273400 -0.002980170 0 0 0
-0.303295000 0.048788600 -0.001045490 0 0 0
-0.305989000 0.045635800 0.001619980 0 0 0
-0.308810000 0.042459700 0.002965350 0 0 0
-0.313947000 0.041989500 0.003865890 0 0 0
-0.318255000 0.041245200 0.004220370 0 0 0
-0.320509000 0.041703000 0.003915380 0 0 0
-0.322168000 0.043373200 0.002790120 0 0 0
-0.321478000 0.044467200 0.000981896 0 0 0
-0.319635000 0.045490600 0.000697889 0 0 0
-0.315413000 0.047197500 -0.000823634 0 0 0
-0.311802000 0.048791400 -0.002302080 0 0 0
-0.306336000 0.048950200 -0.004386210 0 0 0
-0.300541000 0.050215400 -0.007117780 0 0 0
-0.296980000 0.050205600 -0.007586940 0 0 0
-0.294092000 0.047878100 -0.006228540 0 0 0
-0.293793000 0.046356700 -0.004931960 0 0 0
-0.294990000 0.044936900 -0.002614650 0 0 0
-0.295914000 0.044688700 -0.000402209 0 0 0
-0.301388000 0.044394200 0.001332550 0 0 0
-0.307793000 0.043332900 0.004180220 0 0 0
-0.313754000 0.043139800 0.005881000 0 0 0
-0.318221000 0.044267000 0.005184100 0 0 0
-0.320547000 0.046063300 0.004089580 0 0 0
-0.323202000 0.042466300 0.003098010 0 0 0
-0.323386000 0.014105100 0.002856560 0 0 0
-0.315633000 -0.020335400 0.000167978 0 0 0
-0.304876000 -0.051596800 -0.001339100 0 0 0
-0.285400000 -0.081319800 -0.001186210 0 0 0
-0.269931000 -0.100284000 -0.002054530 0 0 0
-0.254448000 -0.120359000 -0.001181040 0 0 0
-0.236840000 -0.138140000 0.001293690 0 0 0
-0.210661000 -0.156715000 0.006941540 0 0 0
-0.180167000 -0.172770000 0.008040500 0 0 0
-0.148701000 -0.198322000 0.012846100 0 0 0
-0.112141000 -0.220478000 0.013631100 0 0 0
-0.077172100 -0.244454000 0.007485100 0 0 0
-0.052588100 -0.265099000 0.002992610 0 0 0
-0.041511800 -0.269893000 0.023891400 0 0 0
-0.037887700 -0.271536000 0.035766700 0 0 0
-0.028979300 -0.277221000 0.042960400 0 0 0
-0.014338300 -0.283238000 0.042917800 0 0 0
-0.000757073 -0.288318000 0.038821800 0 0 0
0.009913400 -0.293933000 0.029753000 0 0 0
0.027417600 -0.294033000 0.023378200 0 0 0
0.043791100 -0.288495000 0.015744700 0 0 0
0.060098600 -0.276489000 0.009555800 0 0 0
0.072168600 -0.259685000 0.007663940 0 0 0
0.079350300 -0.236765000 0.007315330 0 0 0
0.092287700 -0.204731000 0.015467100 0 0 0
0.110571000 -0.180132000 0.024838600 0 0 0
0.139764000 -0.161653000 0.033329100 0 0 0
0.183231000 -0.139631000 0.030629000 0 0 0
0.229722000 -0.122683000 0.005333760 0 0 0
0.269553000 -0.101754000 -0.004456150 0 0 0
0.288457000 -0.076183000 -0.011526800 0 0 0
0.296363000 -0.049882600 -0.017162200 0 0 0
0.299811000 -0.017448400 -0.010195200 0 0 0
0.301367000 0.014298900 0.004356600 0 0 0
0.308048000 0.045511400 0.017988400 0 0 0
0.313132000 0.071351700 0.029322300 0 0 0
0.320623000 0.097639000 0.037308000 0 0 0
0.332132000 0.103826000 0.038377800 0 0 0
0.334414000 0.094115000 0.041152400 0 0 0
0.329431000 0.085475400 0.037457300 0 0 0
0.324742000 0.076385000 0.034999700 0 0 0
0.321910000 0.074342100 0.030471000 0 0 0
0.319474000 0.075508100 0.027959800 0 0 0
0.319556000 0.075150100 0.028393700 0 0 0
0.319302000 0.077918200 0.031626800 0 0 0
0.317608000 0.083004500 0.032384900 0 0 0
0.316069000 0.086763800 0.032883300 0 0 0
0.312102000 0.086875100 0.031768600 0 0 0
0.307582000 0.086697100 0.030859600 0 0 0
0.303099000 0.088497000 0.029984200 0 0 0
0.299636000 0.089789200 0.029474800 0 0 0
0.296091000 0.090082700 0.030428100 0 0 0
0.293717000 0.088494200 0.030214600 0 0 0
0.294400000 0.087843200 0.031727200 0 0 0
0.294694000 0.085463700 0.031627300 0 0 0
0.296733000 0.083598400 0.032772600 0 0 0
0.299390000 0.082840200 0.033276900 0 0 0
0.303356000 0.083461200 0.033189300 0 0 0
0.307265000 0.085536200 0.035048800 0 0 0
0.309775000 0.087113600 0.035236100 0 0 0
0.311694000 0.090455000 0.035364300 0 0 0
0.312693000 0.091106300 0.035824300 0 0 0
0.313100000 0.093545200 0.035750600 0 0 0
0.312366000 0.094231200 0.037503000 0 0 0
0.312213000 0.092844300 0.038056900 0 0 0
0.312146000 0.091018200 0.039585700 0 0 0
0.311744000 0.089172300 0.039013300 0 0 0
0.311404000 0.087498200 0.038729300 0 0 0
0.310627000 0.086962300 0.036183100 0 0 0
0.308952000 0.084446900 0.035340800 0 0 0
0.305772000 0.083891400 0.033265700 0 0 0
0.302982000 0.081571200 0.031772000 0 0 0
0.300486000 0.079476500 0.030281600 0 0 0
0.298715000 0.079575600 0.030559100 0 0 0
0.297174000 0.079863400 0.031585200 0 0 0
0.295915000 0.078705800 0.030334400 0 0 0
0.295031000 0.078802100 0.030646200 0 0 0
0.295116000 0.077410400 0.030314700 0 0 0
0.296403000 0.079259500 0.030682700 0 0 0
0.297702000 0.080652600 0.032098700 0 0 0
0.299959000 0.081026700 0.032972200 0 0 0
0.302771000 0.083345900 0.033784300 0 0 0
0.305588000 0.082804800 0.034026100 0 0 0
0.308561000 0.083140400 0.035159200 0 0 0
0.309441000 0.083886600 0.035797600 0 0 0
0.309793000 0.083760400 0.037703500 0 0 0
0.309520000 0.084458000 0.038989000 0 0 0
0.319429000 0.089628300 0.048429000 0 0 0
0.353777000 0.102848000 0.071048000 0 0 0
0.413166000 0.124612000 0.069434600 0 0 0
0.491491000 0.154915000 0.069662900 0 0 0
0.574753000 0.174863000 0.083053200 0 0 0
0.657194000 0.189644000 0.092297000 0 0 0
0.746354000 0.206852000 0.087911700 0 0 0
0.835385000 0.232012000 0.068235500 0 0 0
0.917089000 0.262821000 0.059021300 0 0 0
0.978051000 0.291397000 0.060824300 0 0 0
1.048580000 0.316154000 0.066450800 0 0 0
1.115270000 0.334202000 0.093017100 0 0 0
1.182880000 0.366849000 0.103617000 0 0 0
1.264300000 0.399196000 0.103979000 0 0 0
1.340210000 0.432713000 0.122220000 0 0 0
1.415840000 0.463863000 0.132019000 0 0 0
1.493000000 0.501778000 0.131654000 0 0 0
1.568050000 0.532302000 0.132166000 0 0 0
1.641030000 0.568572000 0.130426000 0 0 0
1.720230000 0.606798000 0.124860000 0 0 0
1.791650000 0.647007000 0.132083000 0 0 0
1.863080000 0.689722000 0.127366000 0 0 0
1.932250000 0.728362000 0.133451000 0 0 0
1.999320000 0.774132000 0.137952000 0 0 0
2.069190000 0.814024000 0.136523000 0 0 0
2.141580000 0.849477000 0.142394000 0 0 0
2.213140000 0.874625000 0.161288000 0 0 0
2.283970000 0.900892000 0.177200000 0 0 0
2.352970000 0.924744000 0.200225000 0 0 0
2.424250000 0.950980000 0.204070000 0 0 0
2.502950000 0.981407000 0.199940000 0 0 0
2.580840000 1.018460000 0.204719000 0 0 0
2.652140000 1.050880000 0.216624000 0 0 0
2.725950000 1.086580000 0.217402000 0 0 0
2.792870000 1.114680000 0.224372000 0 0 0
2.856220000 1.148290000 0.222222000 0 0 0
2.931720000 1.186750000 0.214404000 0 0 0
2.998700000 1.221940000 0.224542000 0 0 0
3.071680000 1.240510000 0.236731000 0 0 0
3.149700000 1.265350000 0.252536000 0 0 0
3.226910000 1.286960000 0.263437000 0 0 0
3.311700000 1.312900000 0.263065000 0 0 0
3.406810000 1.337400000 0.262075000 0 0 0
3.491170000 1.363490000 0.278240000 0 0 0
3.580390000 1.380000000 0.283728000 0 0 0
3.662940000 1.396220000 0.288403000 0 0 0
3.738460000 1.423650000 0.288782000 0 0 0
3.811220000 1.440650000 0.282347000 0 0 0
3.884840000 1.455060000 0.282811000 0 0 0
3.947020000 1.465050000 0.295878000 0 0 0
4.014320000 1.475240000 0.305889000 0 0 0
4.073820000 1.485960000 0.324683000 0 0 0
4.134090000 1.494480000 0.332380000 0 0 0
4.203250000 1.500370000 0.332062000 0 0 0
4.277660000 1.503930000 0.337001000 0 0 0
4.350900000 1.509400000 0.352720000 0 0 0
4.435190000 1.513700000 0.359951000 0 0 0
4.526960000 1.509480000 0.384885000 0 0 0
4.621720000 1.507810000 0.390870000 0 0 0
4.727590000 1.518540000 0.383865000 0 0 0
4.818550000 1.536210000 0.386182000 0 0 0
4.905650000 1.551590000 0.389831000 0 0 0
4.988950000 1.566740000 0.386754000 0 0 0
5.057990000 1.570010000 0.396251000 0 0 0
5.118970000 1.577560000 0.394915000 0 0 0
5.181650000 1.582560000 0.383132000 0 0 0
5.223500000 1.584200000 0.390792000 0 0 0
5.255610000 1.584420000 0.396574000 0 0 0
5.290690000 1.583490000 0.389380000 0 0 0
5.315140000 1.573040000 0.405073000 0 0 0
5.344810000 1.566900000 0.415081000 0 0 0
5.378920000 1.560590000 0.414784000 0 0 0
5.422260000 1.558180000 0.410017000 0 0 0
5.469760000 1.561960000 0.413278000 0 0 0
5.508900000 1.563930000 0.422205000 0 0 0
5.551960000 1.567590000 0.430572000 0 0 0
5.595960000 1.578140000 0.435080000 0 0 0
5.637050000 1.584930000 0.443638000 0 0 0
5.678380000 1.597400000 0.445990000 0 0 0
5.711270000 1.613630000 0.444485000 0 0 0
5.731340000 1.628880000 0.446696000 0 0 0
5.740510000 1.594300000 0.447308000 0 0 0
5.743240000 1.568580000 0.444853000 0 0 0
5.739270000 1.599790000 0.441186000 0 0 0
5.724360000 1.618240000 0.428162000 0 0 0
5.709920000 1.592120000 0.426670000 0 0 0
5.688930000 1.558120000 0.441729000 0 0 0
5.671310000 1.543590000 0.449952000 0 0 0
5.657540000 1.561170000 0.452382000 0 0 0
5.636910000 1.538220000 0.456217000 0 0 0
5.620890000 1.497830000 0.469123000 0 0 0
5.607670000 1.470770000 0.471087000 0 0 0
5.598280000 1.446260000 0.463071000 0 0 0
5.587630000 1.412140000 0.442448000 0 0 0
5.577690000 1.373090000 0.440372000 0 0 0
5.584080000 1.362590000 0.440036000 0 0 0
5.588000000 1.355140000 0.434747000 0 0 0
5.592820000 1.352720000 0.435620000 0 0 0
5.598680000 1.354920000 0.440168000 0 0 0
5.611090000 1.367730000 0.441974000 0 0 0
5.620380000 1.374220000 0.442985000 0 0 0
5.620880000 1.376690000 0.435225000 0 0 0
5.611770000 1.364580000 0.436048000 0 0 0
5.613020000 1.359890000 0.441733000 0 0 0
5.604410000 1.357280000 0.451713000 0 0 0
5.588660000 1.354490000 0.459016000 0 0 0
5.571440000 1.348340000 0.452367000 0 0 0
5.545560000 1.348550000 0.454372000 0 0 0
5.516490000 1.347050000 0.448215000 0 0 0
5.468400000 1.354070000 0.429977000 0 0 0
5.420490000 1.362090000 0.429247000 0 0 0
5.377720000 1.365000000 0.427706000 0 0 0
5.332170000 1.370880000 0.425393000 0 0 0
5.288780000 1.381090000 0.425129000 0 0 0
5.254660000 1.395700000 0.416305000 0 0 0
5.226960000 1.408930000 0.400002000 0 0 0
5.208520000 1.427490000 0.379739000 0 0 0
5.187110000 1.459680000 0.362438000 0 0 0
5.178400000 1.470070000 0.362805000 0 0 0
5.176570000 1.483620000 0.368635000 0 0 0
5.183300000 1.499980000 0.376674000 0 0 0
5.195260000 1.520470000 0.388190000 0 0 0
5.211360000 1.548030000 0.397559000 0 0 0
5.230970000 1.574120000 0.409136000 0 0 0
5.251770000 1.594620000 0.418459000 0 0 0
5.261770000 1.575080000 0.428925000 0 0 0
5.258930000 1.581680000 0.424317000 0 0 0
5.261220000 1.573050000 0.426694000 0 0 0
5.256640000 1.568130000 0.429900000 0 0 0
5.249350000 1.560190000 0.433118000 0 0 0
5.239160000 1.557870000 0.432110000 0 0 0
5.228560000 1.554710000 0.427271000 0 0 0
5.218950000 1.550650000 0.425634000 0 0 0
5.210180000 1.545990000 0.424929000 0 0 0
5.202860000 1.540720000 0.424786000 0 0 0
5.198590000 1.536630000 0.422471000 0 0 0
5.199660000 1.534460000 0.419510000 0 0 0
5.203090000 1.534110000 0.414902000 0 0 0
5.208570000 1.531410000 0.411203000 0 0 0
5.216450000 1.531490000 0.410757000 0 0 0
5.225060000 1.529210000 0.411514000 0 0 0
5.233470000 1.530010000 0.410633000 0 0 0
5.242050000 1.532390000 0.414696000 0 0 0
5.245250000 1.534730000 0.418145000 0 0 0
5.245640000 1.538080000 0.423922000 0 0 0
5.242630000 1.540310000 0.428276000 0 0 0
5.237780000 1.542040000 0.430573000 0 0 0
5.231990000 1.542740000 0.432966000 0 0 0
5.226340000 1.540840000 0.431370000 0 0 0
5.223100000 1.535730000 0.428443000 0 0 0
5.220900000 1.529660000 0.424595000 0 0 0
5.220680000 1.526090000 0.421016000 0 0 0
5.223540000 1.524700000 0.417293000 0 0 0
5.226760000 1.522270000 0.415408000 0 0 0
5.228850000 1.521490000 0.415747000 0 0 0
5.228520000 1.522970000 0.418641000 0 0 0
5.226280000 1.523600000 0.423423000 0 0 0
5.223200000 1.524400000 0.425274000 0 0 0
5.219380000 1.525840000 0.428699000 0 0 0
5.216330000 1.526510000 0.430303000 0 0 0
5.215030000 1.526480000 0.428820000 0 0 0
5.216780000 1.526150000 0.425030000 0 0 0
5.220640000 1.524990000 0.420082000 0 0 0
5.225300000 1.523980000 0.417310000 0 0 0
5.231100000 1.525470000 0.413155000 0 0 0
5.234840000 1.526890000 0.411468000 0 0 0
5.235770000 1.528380000 0.413278000 0 0 0
5.234780000 1.528850000 0.416989000 0 0 0
5.231860000 1.529030000 0.422615000 0 0 0
5.226920000 1.528060000 0.428303000 0 0 0
5.221190000 1.527610000 0.431538000 0 0 0
5.216040000 1.525000000 0.434037000 0 0 0
5.212960000 1.523040000 0.433397000 0 0 0
5.204960000 1.530680000 0.431752000 0 0 0
5.174910000 1.550440000 0.409646000 0 0 0
5.130200000 1.576520000 0.390997000 0 0 0
5.068010000 1.610320000 0.377664000 0 0 0
5.006030000 1.649570000 0.382971000 0 0 0
4.935820000 1.687430000 0.379295000 0 0 0
4.865500000 1.717860000 0.378499000 0 0 0
4.794170000 1.739910000 0.389277000 0 0 0
4.730690000 1.743960000 0.374268000 0 0 0
4.691010000 1.728320000 0.361747000 0 0 0
4.674940000 1.702500000 0.365685000 0 0 0
4.671800000 1.674120000 0.375345000 0 0 0
4.672670000 1.646380000 0.380546000 0 0 0
4.671920000 1.629320000 0.377318000 0 0 0
4.674260000 1.612980000 0.373872000 0 0 0
4.677600000 1.602780000 0.369312000 0 0 0
4.667930000 1.603110000 0.352842000 0 0 0
4.644690000 1.599630000 0.335602000 0 0 0
4.594910000 1.604980000 0.328575000 0 0 0
4.531050000 1.608640000 0.345617000 0 0 0
4.462290000 1.610890000 0.357806000 0 0 0
4.377510000 1.634610000 0.348663000 0 0 0
4.300940000 1.656420000 0.346052000 0 0 0
4.218450000 1.699390000 0.341189000 0 0 0
4.139410000 1.724170000 0.333429000 0 0 0
4.070650000 1.735770000 0.332145000 0 0 0
3.995170000 1.737140000 0.316545000 0 0 0
3.917180000 1.723640000 0.301857000 0 0 0
3.831600000 1.715460000 0.301136000 0 0 0
3.743860000 1.704570000 0.286997000 0 0 0
3.659860000 1.716330000 0.287650000 0 0 0
3.596270000 1.712260000 0.295616000 0 0 0
3.519330000 1.736570000 0.286299000 0 0 0
3.436950000 1.747020000 0.273730000 0 0 0
3.357670000 1.759100000 0.273079000 0 0 0
3.281120000 1.794800000 0.255861000 0 0 0
3.203380000 1.850610000 0.255508000 0 0 0
3.137370000 1.930870000 0.243259000 0 0 0
3.087880000 2.007570000 0.221446000 0 0 0
3.056520000 2.066150000 0.230803000 0 0 0
3.041030000 2.122860000 0.246807000 0 0 0
3.023610000 2.184210000 0.237001000 0 0 0
2.992070000 2.236740000 0.244825000 0 0 0
2.960390000 2.299190000 0.239735000 0 0 0
2.925600000 2.353230000 0.229007000 0 0 0
2.873040000 2.409570000 0.211406000 0 0 0
2.812230000 2.453830000 0.221135000 0 0 0
2.759710000 2.490090000 0.227812000 0 0 0
2.697880000 2.524840000 0.219253000 0 0 0
2.635320000 2.522370000 0.206366000 0 0 0
2.607200000 2.506880000 0.216119000 0 0 0
2.606580000 2.494250000 0.227037000 0 0 0
2.597980000 2.495690000 0.218792000 0 0 0
2.588350000 2.486850000 0.219507000 0 0 0
2.578610000 2.522470000 0.237263000 0 0 0
2.555600000 2.584080000 0.249120000 0 0 0
2.508890000 2.653110000 0.241926000 0 0 0
2.463330000 2.728730000 0.237234000 0 0 0
2.438820000 2.802250000 0.227223000 0 0 0
2.433380000 2.871400000 0.211260000 0 0 0
2.429080000 2.937160000 0.194013000 0 0 0
2.425250000 3.003340000 0.199086000 0 0 0
2.428100000 3.072020000 0.214992000 0 0 0
2.444580000 3.160640000 0.224166000 0 0 0
2.440130000 3.256620000 0.220282000 0 0 0
2.423540000 3.352500000 0.226458000 0 0 0
2.396880000 3.445360000 0.220764000 0 0 0
2.364410000 3.545460000 0.207871000 0 0 0
2.337680000 3.640010000 0.199455000 0 0 0
2.318640000 3.734010000 0.187320000 0 0 0
2.306660000 3.832460000 0.191501000 0 0 0
2.300070000 3.920470000 0.191502000 0 0 0
2.295820000 4.015990000 0.182034000 0 0 0
2.290280000 4.113340000 0.188078000 0 0 0
2.294830000 4.198520000 0.201734000 0 0 0
2.297910000 4.285260000 0.208117000 0 0 0
2.311830000 4.358460000 0.228007000 0 0 0
2.329410000 4.421600000 0.233310000 0 0 0
2.329940000 4.498200000 0.219424000 0 0 0
2.324630000 4.562590000 0.222711000 0 0 0
2.304170000 4.620740000 0.223848000 0 0 0
2.267940000 4.681780000 0.210022000 0 0 0
2.208780000 4.728900000 0.206023000 0 0 0
2.143780000 4.766990000 0.199431000 0 0 0
2.089430000 4.806920000 0.187509000 0 0 0
2.049750000 4.830880000 0.195781000 0 0 0
2.038550000 4.860830000 0.189009000 0 0 0
2.042410000 4.875830000 0.186323000 0 0 0
2.078710000 4.872010000 0.176515000 0 0 0
2.105580000 4.853320000 0.185889000 0 0 0
2.128290000 4.843990000 0.197011000 0 0 0
2.157220000 4.836730000 0.204199000 0 0 0
2.194070000 4.831680000 0.214661000 0 0 0
2.224380000 4.826250000 0.220874000 0 0 0
2.261090000 4.822220000 0.220735000 0 0 0
2.278980000 4.815300000 0.231452000 0 0 0
2.282180000 4.809500000 0.247740000 0 0 0
2.274230000 4.810790000 0.256175000 0 0 0
2.269370000 4.817960000 0.256690000 0 0 0
2.261110000 4.828000000 0.249945000 0 0 0
2.259170000 4.838910000 0.237082000 0 0 0
2.259100000 4.851560000 0.227378000 0 0 0
2.267900000 4.872140000 0.223976000 0 0 0
2.269450000 4.895580000 0.216972000 0 0 0
2.273380000 4.918080000 0.212808000 0 0 0
2.257140000 4.944190000 0.217787000 0 0 0
2.229950000 4.969400000 0.225277000 0 0 0
2.203850000 4.992230000 0.228055000 0 0 0
2.197130000 5.012170000 0.228981000 0 0 0
2.190770000 5.029940000 0.225374000 0 0 0
2.173850000 5.047140000 0.231452000 0 0 0
2.192520000 5.058930000 0.233876000 0 0 0
2.221300000 5.065650000 0.238947000 0 0 0
2.244810000 5.079210000 0.239891000 0 0 0
2.266910000 5.090160000 0.237319000 0 0 0
2.288610000 5.093420000 0.234591000 0 0 0
2.312950000 5.090860000 0.230823000 0 0 0
2.330990000 5.085690000 0.227463000 0 0 0
2.350860000 5.070930000 0.222738000 0 0 0
2.368380000 5.049670000 0.226954000 0 0 0
2.383220000 5.033660000 0.234489000 0 0 0
2.396660000 5.018380000 0.234937000 0 0 0
2.414290000 4.994950000 0.233595000 0 0 0
2.430500000 4.958130000 0.237349000 0 0 0
2.441220000 4.918210000 0.229649000 0 0 0
2.455770000 4.877160000 0.233204000 0 0 0
2.463190000 4.841930000 0.231015000 0 0 0
2.464220000 4.815660000 0.236498000 0 0 0
2.461730000 4.786150000 0.240867000 0 0 0
2.453970000 4.750580000 0.244315000 0 0 0
2.452620000 4.721020000 0.248259000 0 0 0
2.446280000 4.688000000 0.246350000 0 0 0
2.437420000 4.655380000 0.244264000 0 0 0
2.425320000 4.617770000 0.237305000 0 0 0
2.407470000 4.583820000 0.246056000 0 0 0
2.392190000 4.559850000 0.246683000 0 0 0
2.387540000 4.531150000 0.253455000 0 0 0
2.378030000 4.502700000 0.260451000 0 0 0
2.354250000 4.479010000 0.247807000 0 0 0
2.331430000 4.453220000 0.237895000 0 0 0
2.298250000 4.447350000 0.235552000 0 0 0
2.268950000 4.446890000 0.240353000 0 0 0
2.235800000 4.452800000 0.240731000 0 0 0
2.191360000 4.449940000 0.222190000 0 0 0
2.151440000 4.442810000 0.216514000 0 0 0
2.125650000 4.441490000 0.206555000 0 0 0
2.118570000 4.438160000 0.206212000 0 0 0
2.131430000 4.441220000 0.205146000 0 0 0
2.141350000 4.446990000 0.210083000 0 0 0
2.151130000 4.451020000 0.209779000 0 0 0
2.163910000 4.450720000 0.207840000 0 0 0
2.171860000 4.450010000 0.208810000 0 0 0
2.177210000 4.447870000 0.206817000 0 0 0
2.178110000 4.445910000 0.205340000 0 0 0
2.178170000 4.446060000 0.202624000 0 0 0
2.176910000 4.443340000 0.202986000 0 0 0
2.174030000 4.442330000 0.203013000 0 0 0
2.170690000 4.441500000 0.203284000 0 0 0
2.168440000 4.440370000 0.204753000 0 0 0
2.166120000 4.439070000 0.208733000 0 0 0
2.164120000 4.437270000 0.213703000 0 0 0
2.164110000 4.433840000 0.217183000 0 0 0
2.165740000 4.430010000 0.219578000 0 0 0
2.164700000 4.428200000 0.219825000 0 0 0
2.166470000 4.427750000 0.217794000 0 0 0
2.168570000 4.428500000 0.214614000 0 0 0
2.170420000 4.432880000 0.211470000 0 0 0
2.170180000 4.437410000 0.208884000 0 0 0
2.171030000 4.443080000 0.205610000 0 0 0
2.169580000 4.449010000 0.205347000 0 0 0
2.168160000 4.451050000 0.206518000 0 0 0
2.169020000 4.449760000 0.210998000 0 0 0
2.170340000 4.447500000 0.216634000 0 0 0
2.171150000 4.443420000 0.218870000 0 0 0
2.172260000 4.439690000 0.218943000 0 0 0
2.171480000 4.437700000 0.218562000 0 0 0
2.169640000 4.438670000 0.217012000 0 0 0
2.169650000 4.440550000 0.214019000 0 0 0
2.168850000 4.445430000 0.210374000 0 0 0
2.169410000 4.449170000 0.207897000 0 0 0
2.170690000 4.450510000 0.207967000 0 0 0
2.172170000 4.450590000 0.210795000 0 0 0
2.172260000 4.449440000 0.213550000 0 0 0
2.172710000 4.446000000 0.217380000 0 0 0
2.172840000 4.441370000 0.220739000 0 0 0
2.173520000 4.437640000 0.222239000 0 0 0
2.174370000 4.435120000 0.221832000 0 0 0
2.173510000 4.435460000 0.219643000 0 0 0
2.172440000 4.437770000 0.214798000 0 0 0
2.170370000 4.441300000 0.210351000 0 0 0
2.169840000 4.444360000 0.207013000 0 0 0
2.168250000 4.449310000 0.206044000 0 0 0
2.168800000 4.452320000 0.206274000 0 0 0
2.167770000 4.453390000 0.209037000 0 0 0
2.166900000 4.450820000 0.213702000 0 0 0
2.165410000 4.421960000 0.218515000 0 0 0
2.161060000 4.368580000 0.226207000 0 0 0
2.152600000 4.281450000 0.219458000 0 0 0
2.147220000 4.192790000 0.223243000 0 0 0
2.143170000 4.099300000 0.214687000 0 0 0
2.114390000 4.007870000 0.224962000 0 0 0
2.088330000 3.918660000 0.214670000 0 0 0
2.059260000 3.835740000 0.195289000 0 0 0
2.041350000 3.752570000 0.196530000 0 0 0
2.024820000 3.680720000 0.192846000 0 0 0
2.022530000 3.612530000 0.188242000 0 0 0
2.020490000 3.572430000 0.199249000 0 0 0
2.031250000 3.548010000 0.196506000 0 0 0
2.043990000 3.517420000 0.206076000 0 0 0
2.063930000 3.459300000 0.213623000 0 0 0
2.090000000 3.388380000 0.220997000 0 0 0
2.123200000 3.298830000 0.219336000 0 0 0
2.146540000 3.213320000 0.214355000 0 0 0
2.155710000 3.131040000 0.208524000 0 0 0
2.150060000 3.048280000 0.198259000 0 0 0
2.132680000 2.964080000 0.200663000 0 0 0
2.101440000 2.884680000 0.217073000 0 0 0
2.067640000 2.805470000 0.214580000 0 0 0
2.027790000 2.730180000 0.206856000 0 0 0
1.985960000 2.653070000 0.189967000 0 0 0
1.936060000 2.566720000 0.173762000 0 0 0
1.884410000 2.491440000 0.174379000 0 0 0
1.819600000 2.423970000 0.171703000 0 0 0
1.760690000 2.355570000 0.172864000 0 0 0
1.693330000 2.295790000 0.162412000 0 0 0
1.631380000 2.234120000 0.148993000 0 0 0
1.565510000 2.174990000 0.130778000 0 0 0
1.524550000 2.111920000 0.137033000 0 0 0
1.469190000 2.069080000 0.139503000 0 0 0
1.440020000 2.007100000 0.133061000 0 0 0
1.422120000 1.941440000 0.150226000 0 0 0
1.418570000 1.874660000 0.154596000 0 0 0
1.411600000 1.803030000 0.151094000 0 0 0
1.413380000 1.733830000 0.174328000 0 0 0
1.407570000 1.655290000 0.171652000 0 0 0
1.382670000 1.575400000 0.171911000 0 0 0
1.350860000 1.496490000 0.164134000 0 0 0
1.298800000 1.416700000 0.140267000 0 0 0
1.239480000 1.339380000 0.123132000 0 0 0
1.174400000 1.275870000 0.118113000 0 0 0
1.101720000 1.209390000 0.094723300 0 0 0
1.024240000 1.148600000 0.082281800 0 0 0
0.959833000 1.089750000 0.066877900 0 0 0
0.889495000 1.034000000 0.049135500 0 0 0
0.826431000 0.983729000 0.040113800 0 0 0
0.764686000 0.941114000 0.044867900 0 0 0
0.703906000 0.899984000 0.041017500 0 0 0
0.643517000 0.873177000 0.053760200 0 0 0
0.587203000 0.847584000 0.046567500 0 0 0
0.526445000 0.816023000 0.029907300 0 0 0
0.468535000 0.784736000 0.037901200 0 0 0
0.422319000 0.737142000 0.046320700 0 0 0
0.371337000 0.681590000 0.035354000 0 0 0
0.324257000 0.618160000 0.030106100 0 0 0
0.283406000 0.555932000 0.035556100 0 0 0
0.243912000 0.489423000 0.026310700 0 0 0
0.200220000 0.431704000 0.016930200 0 0 0
0.161967000 0.387675000 0.019748600 0 0 0
0.122329000 0.350270000 0.013748400 0 0 0
0.084720000 0.321464000 0.022180400 0 0 0
0.051784300 0.303454000 0.017687000 0 0 0
0.012407600 0.290955000 0.010127100 0 0 0
-0.030532700 0.275036000 -0.005467810 0 0 0
-0.068831500 0.258098000 -0.002251420 0 0 0
-0.101220000 0.246368000 0.001292160 0 0 0
-0.137544000 0.232034000 -0.005861340 0 0 0
-0.177457000 0.209450000 -0.011902400 0 0 0
-0.212056000 0.190094000 -0.002705840 0 0 0
-0.239985000 0.164985000 0.000063200 0 0 0
-0.268944000 0.146136000 -0.000918974 0 0 0
-0.298132000 0.121779000 -0.008564310 0 0 0
-0.328328000 0.093650000 -0.020378000 0 0 0
-0.350857000 0.071063900 -0.019708500 0 0 0
-0.367293000 0.058811200 -0.017328000 0 0 0
-0.374216000 0.049381600 -0.019363400 0 0 0
-0.379113000 0.039436500 -0.025949100 0 0 0
-0.373630000 0.025556100 -0.019368200 0 0 0
-0.362624000 0.015483400 -0.013640900 0 0 0
-0.354217000 0.014358700 -0.008899340 0 0 0
-0.345999000 0.015901700 0.000755750 0 0 0
-0.340265000 0.017438100 0.010197300 0 0 0
-0.333392000 0.004558680 0.010356900 0 0 0
-0.319133000 -0.025075800 0.013252000 0 0 0
-0.304156000 -0.050694100 0.016391300 0 0 0
-0.296357000 -0.068405500 0.017110700 0 0 0
-0.293907000 -0.084355200 0.015170500 0 0 0
-0.288246000 -0.098719200 0.009016700 0 0 0
-0.283129000 -0.113311000 0.000108915 0 0 0
-0.270816000 -0.126000000 -0.007654950 0 0 0
-0.252666000 -0.135638000 -0.019183100 0 0 0
-0.227705000 -0.138738000 -0.029666000 0 0 0
-0.196039000 -0.140809000 -0.046081400 0 0 0
-0.168804000 -0.137655000 -0.049087200 0 0 0
-0.145614000 -0.129875000 -0.048288900 0 0 0
-0.119438000 -0.114045000 -0.031715800 0 0 0
-0.081210300 -0.095181600 -0.018189700 0 0 0
-0.049527400 -0.078445300 -0.007108100 0 0 0
-0.020795000 -0.061670100 0.006006290 0 0 0
0.007437660 -0.043896400 0.022228200 0 0 0
0.035750100 -0.033974100 0.033596000 0 0 0
0.072678400 -0.027160900 0.037770200 0 0 0
0.115540000 -0.017310600 0.036163100 0 0 0
0.162246000 0.002192140 0.006699750 0 0 0
0.194002000 0.015281200 -0.002108170 0 0 0
0.205174000 0.030481000 -0.016614800 0 0 0
0.206766000 0.047909600 -0.019492600 0 0 0
0.206056000 0.078885600 -0.024082000 0 0 0
0.206532000 0.109528000 -0.018943300 0 0 0
0.206825000 0.139905000 -0.009732370 0 0 0
0.210492000 0.171247000 0.001700920 0 0 0
0.215711000 0.202227000 0.014344600 0 0 0
0.218338000 0.235918000 0.023746200 0 0 0
0.220841000 0.271817000 0.027626200 0 0 0
0.219133000 0.302290000 0.027161200 0 0 0
0.226032000 0.310294000 0.023899500 0 0 0
0.237817000 0.316781000 0.010744100 0 0 0
0.243760000 0.312932000 0.010161200 0 0 0
0.245009000 0.303927000 0.007631630 0 0 0
0.247383000 0.297102000 0.003712610 0 0 0
0.247206000 0.293100000 0.001948800 0 0 0
0.245847000 0.288139000 -0.000315790 0 0 0
0.241833000 0.284369000 -0.001351780 0 0 0
0.236171000 0.283073000 -0.002959610 0 0 0
0.229995000 0.282095000 -0.003799510 0 0 0
0.222918000 0.281097000 -0.002467480 0 0 0
0.216281000 0.279809000 -0.000129654 0 0 0
0.212722000 0.282818000 0.004943420 0 0 0
0.211346000 0.284529000 0.007466360 0 0 0
0.211001000 0.289041000 0.011199600 0 0 0
0.214504000 0.293463000 0.014463700 0 0 0
0.219717000 0.298064000 0.017751700 0 0 0
0.226136000 0.300572000 0.020329900 0 0 0
0.231330000 0.304429000 0.021467700 0 0 0
0.235710000 0.306455000 0.019150600 0 0 0
0.238537000 0.307783000 0.017877000 0 0 0
0.239813000 0.309036000 0.014321300 0 0 0
0.240181000 0.307599000 0.012111400 0 0 0
0.237139000 0.306134000 0.008451130 0 0 0
0.232951000 0.304099000 0.007124260 0 0 0
0.228896000 0.300466000 0.005600060 0 0 0
0.223987000 0.297370000 0.005789930 0 0 0
0.219732000 0.294820000 0.005503330 0 0 0
0.214753000 0.290342000 0.004094710 0 0 0
0.210351000 0.286832000 0.004898030 0 0 0
0.207528000 0.284539000 0.006006960 0 0 0
0.206141000 0.283676000 0.008972060 0 0 0
0.206883000 0.283741000 0.012244500 0 0 0
0.209896000 0.284186000 0.013143800 0 0 0
0.212573000 0.285170000 0.013935700 0 0 0
0.215366000 0.286783000 0.012339600 0 0 0
0.220099000 0.288596000 0.012510000 0 0 0
0.225165000 0.291381000 0.013078900 0 0 0
0.229215000 0.295009000 0.014129700 0 0 0
0.232644000 0.299393000 0.015391400 0 0 0
0.234780000 0.301761000 0.015461200 0 0 0
0.236513000 0.303484000 0.014795400 0 0 0
0.236839000 0.304670000 0.014647800 0 0 0
0.236783000 0.304862000 0.013144200 0 0 0
0.233776000 0.304228000 0.010645300 0 0 0
0.229520000 0.301436000 0.006887300 0 0 0
0.224230000 0.298942000 0.005251140 0 0 0
0.217621000 0.295632000 0.004264340 0 0 0
0.212806000 0.293165000 0.004031020 0 0 0
0.207134000 0.291125000 0.004483590 0 0 0
0.204683000 0.288147000 0.005694250 0 0 0
0.204414000 0.286047000 0.008311530 0 0 0
0.206373000 0.284353000 0.011783200 0 0 0
0.210083000 0.284376000 0.013597500 0 0 0
0.216099000 0.285539000 0.014720300 0 0 0
0.222730000 0.288099000 0.015321300 0 0 0
0.227971000 0.290744000 0.017249000 0 0 0
0.233003000 0.293897000 0.018425900 0 0 0
0.237983000 0.299175000 0.016994900 0 0 0
0.241079000 0.302948000 0.016997600 0 0 0
0.240999000 0.307573000 0.013603600 0 0 0
0.237506000 0.310341000 0.008587160 0 0 0
0.232165000 0.310990000 0.004695650 0 0 0
0.225277000 0.309602000 0.002670060 0 0 0
0.219617000 0.307378000 0.002978770 0 0 0
0.215597000 0.302366000 0.003585170 0 0 0
0.210544000 0.297740000 0.004550350 0 0 0
0.206831000 0.294452000 0.006523850 0 0 0
0.203692000 0.292446000 0.007625300 0 0 0
0.203871000 0.289686000 0.009631050 0 0 0
0.205837000 0.288657000 0.012972500 0 0 0
0.209494000 0.290346000 0.016075400 0 0 0
0.213876000 0.291338000 0.018941300 0 0 0
0.219645000 0.292149000 0.021622200 0 0 0
0.225070000 0.294564000 0.023216000 0 0 0
0.228946000 0.297280000 0.022188600 0 0 0
0.230556000 0.299442000 0.020131800 0 0 0
0.232793000 0.291138000 0.018037600 0 0 0
0.230530000 0.267452000 0.016047500 0 0 0
0.227098000 0.232151000 0.012595300 0 0 0
0.218559000 0.196286000 0.010467500 0 0 0
0.201266000 0.153041000 0.011203300 0 0 0
0.177698000 0.111381000 0.015530000 0 0 0
0.160516000 0.082447400 0.015556800 0 0 0
0.154388000 0.063334200 0.018878900 0 0 0
0.150886000 0.050745600 0.026262400 0 0 0
0.155719000 0.047256600 0.033841600 0 0 0
0.139267000 0.018427700 0.038464400 0 0 0
0.113400000 -0.006444000 0.030887300 0 0 0
0.112554000 -0.013529900 0.034146500 0 0 0
0.126982000 -0.014918800 0.036075100 0 0 0
0.107954000 -0.033215800 0.023631600 0 0 0
0.071959100 -0.052056700 0.006536490 0 0 0
0.043123200 -0.062716800 0.001962260 0 0 0
0.022526400 -0.069627400 0.001047370 0 0 0
-0.004792770 -0.073240000 -0.002047090 0 0 0
-0.039868100 -0.070565900 0.003202550 0 0 0
-0.067491500 -0.074528300 0.007623510 0 0 0
-0.101251000 -0.094410500 0.000026692 0 0 0
-0.151267000 -0.116468000 -0.000577318 0 0 0
-0.202091000 -0.146639000 -0.013076400 0 0 0
-0.250239000 -0.175030000 -0.016011000 0 0 0
-0.305525000 -0.198818000 -0.020904000 0 0 0
-0.367709000 -0.237566000 -0.034208300 0 0 0
-0.428293000 -0.270034000 -0.026456200 0 0 0
-0.490354000 -0.306638000 -0.030986000 0 0 0
-0.551628000 -0.346466000 -0.047796200 0 0 0
-0.609752000 -0.379508000 -0.040659400 0 0 0
-0.669731000 -0.411282000 -0.041222400 0 0 0
-0.737654000 -0.451073000 -0.044830100 0 0 0
-0.805711000 -0.495978000 -0.043905200 0 0 0
-0.870943000 -0.545700000 -0.057627400 0 0 0
-0.937331000 -0.605881000 -0.075619300 0 0 0
-0.989799000 -0.659979000 -0.080860700 0 0 0
-1.052810000 -0.715169000 -0.100920000 0 0 0
-1.122730000 -0.755513000 -0.105505000 0 0 0
-1.194640000 -0.794778000 -0.117892000 0 0 0
-1.281630000 -0.827918000 -0.137359000 0 0 0
-1.358560000 -0.870180000 -0.126581000 0 0 0
-1.430840000 -0.913415000 -0.109125000 0 0 0
-1.508590000 -0.952311000 -0.107650000 0 0 0
-1.586780000 -0.978374000 -0.095437000 0 0 0
-1.655530000 -0.993743000 -0.102584000 0 0 0
-1.736750000 -1.008260000 -0.115159000 0 0 0
-1.811020000 -1.024460000 -0.112358000 0 0 0
-1.887550000 -1.041920000 -0.126498000 0 0 0
-1.973410000 -1.058010000 -0.144582000 0 0 0
-2.052010000 -1.066980000 -0.153009000 0 0 0
-2.127900000 -1.086710000 -0.168699000 0 0 0
-2.213690000 -1.110610000 -0.182240000 0 0 0
-2.288700000 -1.141740000 -0.177748000 0 0 0
-2.365890000 -1.166780000 -0.184397000 0 0 0
-2.441710000 -1.186380000 -0.180929000 0 0 0
-2.515000000 -1.207610000 -0.185622000 0 0 0
-2.597210000 -1.222810000 -0.202097000 0 0 0
-2.681660000 -1.239650000 -0.210383000 0 0 0
-2.754410000 -1.245830000 -0.209135000 0 0 0
-2.834750000 -1.251600000 -0.218221000 0 0 0
-2.916930000 -1.253810000 -0.217482000 0 0 0
-2.993060000 -1.261840000 -0.230961000 0 0 0
-3.076010000 -1.275940000 -0.249786000 0 0 0
-3.150290000 -1.297360000 -0.248203000 0 0 0
-3.221050000 -1.322230000 -0.247748000 0 0 0
-3.295240000 -1.351560000 -0.257447000 0 0 0
-3.352950000 -1.366520000 -0.251000000 0 0 0
-3.414730000 -1.381730000 -0.255174000 0 0 0
-3.481380000 -1.396160000 -0.271121000 0 0 0
-3.535280000 -1.414350000 -0.262790000 0 0 0
-3.579060000 -1.436710000 -0.257754000 0 0 0
-3.624080000 -1.460130000 -0.266349000 0 0 0
-3.666430000 -1.474700000 -0.256322000 0 0 0
-3.701390000 -1.490750000 -0.260607000 0 0 0
-3.735060000 -1.498240000 -0.268364000 0 0 0
-3.774230000 -1.509240000 -0.285800000 0 0 0
-3.811560000 -1.519170000 -0.291070000 0 0 0
-3.838670000 -1.525540000 -0.294237000 0 0 0
-3.865280000 -1.521610000 -0.295077000 0 0 0
-3.895710000 -1.520560000 -0.294232000 0 0 0
-3.923150000 -1.521530000 -0.285325000 0 0 0
-3.951470000 -1.528730000 -0.281161000 0 0 0
-3.976410000 -1.535980000 -0.281951000 0 0 0
-4.006990000 -1.534410000 -0.287899000 0 0 0
-4.041700000 -1.537110000 -0.299798000 0 0 0
-4.071990000 -1.547420000 -0.306151000 0 0 0
-4.093480000 -1.556840000 -0.311982000 0 0 0
-4.107090000 -1.560060000 -0.316501000 0 0 0
-4.113200000 -1.561280000 -0.320594000 0 0 0
-4.111750000 -1.562580000 -0.324461000 0 0 0
-4.104910000 -1.552420000 -0.325023000 0 0 0
-4.094730000 -1.523910000 -0.320961000 0 0 0
-4.081700000 -1.496760000 -0.314845000 0 0 0
-4.067750000 -1.468780000 -0.302624000 0 0 0
-4.060300000 -1.443290000 -0.292233000 0 0 0
-4.047380000 -1.418720000 -0.289903000 0 0 0
-4.039100000 -1.388760000 -0.285364000 0 0 0
-4.028960000 -1.359220000 -0.281021000 0 0 0
-4.019140000 -1.330090000 -0.284804000 0 0 0
-4.001020000 -1.288770000 -0.285713000 0 0 0
-3.994220000 -1.260140000 -0.279648000 0 0 0
-3.985670000 -1.240470000 -0.278448000 0 0 0
-3.974930000 -1.227790000 -0.276137000 0 0 0
-3.958050000 -1.215930000 -0.276838000 0 0 0
-3.936460000 -1.208160000 -0.281326000 0 0 0
-3.927880000 -1.208840000 -0.285000000 0 0 0
-3.909940000 -1.209810000 -0.289262000 0 0 0
-3.882820000 -1.212540000 -0.299636000 0 0 0
-3.855540000 -1.210020000 -0.298562000 0 0 0
-3.834290000 -1.219360000 -0.298977000 0 0 0
-3.824410000 -1.216050000 -0.292121000 0 0 0
-3.819170000 -1.217000000 -0.285210000 0 0 0
-3.813450000 -1.226580000 -0.278519000 0 0 0
-3.804640000 -1.234500000 -0.274218000 0 0 0
-3.788760000 -1.243100000 -0.268191000 0 0 0
-3.773180000 -1.252980000 -0.267986000 0 0 0
-3.750050000 -1.264040000 -0.276304000 0 0 0
-3.731710000 -1.285930000 -0.271941000 0 0 0
-3.710400000 -1.301400000 -0.266583000 0 0 0
-3.686770000 -1.319590000 -0.259200000 0 0 0
-3.662160000 -1.339230000 -0.268874000 0 0 0
-3.644710000 -1.353710000 -0.266201000 0 0 0
-3.645130000 -1.350500000 -0.261173000 0 0 0
-3.657270000 -1.335230000 -0.257738000 0 0 0
-3.684690000 -1.309590000 -0.251318000 0 0 0
-3.710790000 -1.274840000 -0.250992000 0 0 0
-3.731460000 -1.243740000 -0.254314000 0 0 0
-3.750650000 -1.212420000 -0.258642000 0 0 0
-3.765200000 -1.188760000 -0.260862000 0 0 0
-3.777910000 -1.168800000 -0.266921000 0 0 0
-3.779380000 -1.159210000 -0.270643000 0 0 0
-3.747220000 -1.171370000 -0.267868000 0 0 0
-3.727190000 -1.169540000 -0.268851000 0 0 0
-3.700050000 -1.186020000 -0.265195000 0 0 0
-3.675780000 -1.202990000 -0.264303000 0 0 0
-3.657150000 -1.226770000 -0.261257000 0 0 0
-3.644960000 -1.255560000 -0.260641000 0 0 0
-3.634500000 -1.287570000 -0.262695000 0 0 0
-3.635500000 -1.300400000 -0.264406000 0 0 0
-3.645980000 -1.290470000 -0.260280000 0 0 0
-3.663750000 -1.264790000 -0.262293000 0 0 0
-3.689120000 -1.230850000 -0.263253000 0 0 0
-3.715840000 -1.198490000 -0.261764000 0 0 0
-3.741940000 -1.172910000 -0.257855000 0 0 0
-3.765730000 -1.150250000 -0.252351000 0 0 0
-3.787070000 -1.124950000 -0.253608000 0 0 0
-3.791640000 -1.110800000 -0.260064000 0 0 0
-3.751550000 -1.122580000 -0.262064000 0 0 0
-3.726980000 -1.123320000 -0.262686000 0 0 0
-3.698620000 -1.140970000 -0.265304000 0 0 0
-3.675500000 -1.164110000 -0.268441000 0 0 0
-3.657470000 -1.190070000 -0.275462000 0 0 0
-3.639600000 -1.219580000 -0.275946000 0 0 0
-3.633740000 -1.225970000 -0.279378000 0 0 0
-3.650800000 -1.192070000 -0.275008000 0 0 0
-3.668970000 -1.166460000 -0.267762000 0 0 0
-3.699910000 -1.128920000 -0.262871000 0 0 0
-3.725330000 -1.105690000 -0.249442000 0 0 0
-3.751670000 -1.078980000 -0.245749000 0 0 0
-3.774110000 -1.064230000 -0.246282000 0 0 0
-3.778310000 -1.063190000 -0.250173000 0 0 0
-3.742790000 -1.085190000 -0.265812000 0 0 0
-3.721630000 -1.090260000 -0.277589000 0 0 0
-3.691330000 -1.112610000 -0.276732000 0 0 0
-3.662270000 -1.136710000 -0.270841000 0 0 0
-3.636430000 -1.164370000 -0.262268000 0 0 0
-3.624660000 -1.179950000 -0.254494000 0 0 0
-3.647340000 -1.163930000 -0.259845000 0 0 0
-3.658420000 -1.158310000 -0.260589000 0 0 0
-3.675720000 -1.148190000 -0.261814000 0 0 0
-3.695970000 -1.138560000 -0.259151000 0 0 0
-3.707080000 -1.139780000 -0.254444000 0 0 0
-3.694010000 -1.144130000 -0.248892000 0 0 0
-3.692600000 -1.134370000 -0.251566000 0 0 0
-3.685560000 -1.138520000 -0.254853000 0 0 0
-3.677300000 -1.150000000 -0.260926000 0 0 0
-3.666620000 -1.168680000 -0.264269000 0 0 0
-3.667490000 -1.170760000 -0.266732000 0 0 0
-3.687530000 -1.154560000 -0.274650000 0 0 0
-3.694440000 -1.149310000 -0.275512000 0 0 0
-3.705950000 -1.140060000 -0.270128000 0 0 0
-3.718630000 -1.132220000 -0.263498000 0 0 0
-3.731380000 -1.130320000 -0.258161000 0 0 0
-3.750860000 -1.124920000 -0.252253000 0 0 0
-3.752200000 -1.125290000 -0.250074000 0 0 0
-3.722350000 -1.132210000 -0.252055000 0 0 0
-3.709010000 -1.122270000 -0.263315000 0 0 0
-3.692500000 -1.121550000 -0.268189000 0 0 0
-3.677730000 -1.131780000 -0.269271000 0 0 0
-3.665630000 -1.144620000 -0.269147000 0 0 0
-3.656290000 -1.162780000 -0.270331000 0 0 0
-3.653800000 -1.178700000 -0.271062000 0 0 0
-3.680530000 -1.157010000 -0.279014000 0 0 0
-3.694100000 -1.150360000 -0.280875000 0 0 0
-3.708300000 -1.140230000 -0.282752000 0 0 0
-3.724990000 -1.133520000 -0.279627000 0 0 0
-3.746850000 -1.128930000 -0.274098000 0 0 0
-3.764040000 -1.125940000 -0.264672000 0 0 0
-3.741050000 -1.137050000 -0.259059000 0 0 0
-3.739850000 -1.114680000 -0.258985000 0 0 0
-3.721950000 -1.113260000 -0.258334000 0 0 0
-3.702700000 -1.120540000 -0.259671000 0 0 0
-3.686110000 -1.136270000 -0.261485000 0 0 0
-3.671600000 -1.159380000 -0.265116000 0 0 0
-3.656760000 -1.186400000 -0.266492000 0 0 0
-3.657200000 -1.183950000 -0.270799000 0 0 0
-3.663350000 -1.181420000 -0.279668000 0 0 0
-3.670980000 -1.164530000 -0.286138000 0 0 0
-3.682960000 -1.148600000 -0.285491000 0 0 0
-3.698890000 -1.138900000 -0.281626000 0 0 0
-3.718890000 -1.131200000 -0.275742000 0 0 0
-3.744130000 -1.120510000 -0.269420000 0 0 0
-3.739890000 -1.123790000 -0.264062000 0 0 0
-3.723880000 -1.118160000 -0.268268000 0 0 0
-3.712310000 -1.108070000 -0.269742000 0 0 0
-3.696750000 -1.109770000 -0.271467000 0 0 0
-3.681150000 -1.121550000 -0.269919000 0 0 0
-3.666340000 -1.141360000 -0.269210000 0 0 0
-3.654600000 -1.171220000 -0.266231000 0 0 0
-3.667740000 -1.162310000 -0.268443000 0 0 0
-3.694800000 -1.141580000 -0.278263000 0 0 0
-3.712930000 -1.123300000 -0.287713000 0 0 0
-3.730230000 -1.109720000 -0.292379000 0 0 0
-3.743970000 -1.103940000 -0.290869000 0 0 0
-3.760700000 -1.100250000 -0.286572000 0 0 0
-3.779880000 -1.091550000 -0.277532000 0 0 0
-3.764910000 -1.095900000 -0.276485000 0 0 0
-3.723780000 -1.102230000 -0.281826000 0 0 0
-3.691000000 -1.102290000 -0.283714000 0 0 0
-3.662030000 -1.109490000 -0.280067000 0 0 0
-3.637890000 -1.121290000 -0.276501000 0 0 0
-3.618080000 -1.142640000 -0.273762000 0 0 0
-3.605380000 -1.171580000 -0.274238000 0 0 0
-3.616450000 -1.174850000 -0.276689000 0 0 0
-3.647110000 -1.165600000 -0.287514000 0 0 0
-3.669720000 -1.148590000 -0.295569000 0 0 0
-3.694670000 -1.130970000 -0.298862000 0 0 0
-3.719900000 -1.120250000 -0.297816000 0 0 0
-3.745380000 -1.113300000 -0.292685000 0 0 0
-3.774690000 -1.107170000 -0.285637000 0 0 0
-3.778520000 -1.112200000 -0.280897000 0 0 0
-3.756170000 -1.110180000 -0.281531000 0 0 0
-3.739420000 -1.100150000 -0.277883000 0 0 0
-3.716220000 -1.100330000 -0.273640000 0 0 0
-3.689370000 -1.109550000 -0.272971000 0 0 0
-3.665900000 -1.124980000 -0.268062000 0 0 0
-3.643560000 -1.147890000 -0.265842000 0 0 0
-3.626740000 -1.174340000 -0.265243000 0 0 0
-3.634360000 -1.170030000 -0.273751000 0 0 0
-3.653710000 -1.157460000 -0.286097000 0 0 0
-3.669160000 -1.140160000 -0.299035000 0 0 0
-3.686200000 -1.124960000 -0.302335000 0 0 0
-3.704680000 -1.117740000 -0.300036000 0 0 0
-3.725820000 -1.114220000 -0.295744000 0 0 0
-3.750490000 -1.111890000 -0.287596000 0 0 0
-3.749160000 -1.122680000 -0.282068000 0 0 0
-3.730490000 -1.121520000 -0.275539000 0 0 0
-3.718080000 -1.111560000 -0.269015000 0 0 0
-3.700610000 -1.111900000 -0.267314000 0 0 0
-3.680720000 -1.115500000 -0.264349000 0 0 0
-3.661850000 -1.133380000 -0.263752000 0 0 0
-3.648410000 -1.157650000 -0.263933000 0 0 0
-3.638630000 -1.189910000 -0.264558000 0 0 0
-3.642950000 -1.195070000 -0.272650000 0 0 0
-3.659640000 -1.191730000 -0.288332000 0 0 0
-3.671720000 -1.173210000 -0.296426000 0 0 0
-3.685400000 -1.155800000 -0.297714000 0 0 0
-3.700030000 -1.141830000 -0.294790000 0 0 0
-3.718520000 -1.130710000 -0.288271000 0 0 0
-3.740080000 -1.117230000 -0.279540000 0 0 0
-3.761430000 -1.102940000 -0.270875000 0 0 0
-3.759180000 -1.099480000 -0.269411000 0 0 0
-3.732280000 -1.099730000 -0.272326000 0 0 0
-3.718510000 -1.088930000 -0.276557000 0 0 0
-3.703740000 -1.093740000 -0.278851000 0 0 0
-3.689150000 -1.107290000 -0.277656000 0 0 0
-3.674150000 -1.129240000 -0.274026000 0 0 0
-3.660830000 -1.154690000 -0.271933000 0 0 0
-3.650590000 -1.181230000 -0.268300000 0 0 0
-3.651910000 -1.187610000 -0.266252000 0 0 0
-3.671320000 -1.174820000 -0.274931000 0 0 0
-3.678620000 -1.163150000 -0.274612000 0 0 0
-3.688810000 -1.141470000 -0.274615000 0 0 0
-3.701100000 -1.116570000 -0.278454000 0 0 0
-3.713940000 -1.092830000 -0.281467000 0 0 0
-3.728040000 -1.072870000 -0.278105000 0 0 0
-3.743920000 -1.052530000 -0.272717000 0 0 0
-3.752190000 -1.043380000 -0.272535000 0 0 0
-3.723880000 -1.054750000 -0.278804000 0 0 0
-3.711970000 -1.059000000 -0.289404000 0 0 0
-3.699400000 -1.074860000 -0.294636000 0 0 0
-3.684490000 -1.098650000 -0.293480000 0 0 0
-3.670580000 -1.124060000 -0.284810000 0 0 0
-3.658790000 -1.149520000 -0.278940000 0 0 0
-3.648600000 -1.175790000 -0.268008000 0 0 0
-3.646650000 -1.181670000 -0.264879000 0 0 0
-3.665670000 -1.157850000 -0.273671000 0 0 0
-3.670920000 -1.142730000 -0.279345000 0 0 0
-3.676390000 -1.126460000 -0.279251000 0 0 0
-3.686400000 -1.108410000 -0.278577000 0 0 0
-3.699360000 -1.090610000 -0.277781000 0 0 0
-3.715620000 -1.071940000 -0.276311000 0 0 0
-3.734620000 -1.054940000 -0.275160000 0 0 0
-3.740240000 -1.048140000 -0.275993000 0 0 0
-3.706140000 -1.065280000 -0.281551000 0 0 0
-3.694550000 -1.064130000 -0.291428000 0 0 0
-3.679260000 -1.078840000 -0.298544000 0 0 0
-3.665000000 -1.102830000 -0.298163000 0 0 0
-3.652710000 -1.129390000 -0.290138000 0 0 0
-3.643170000 -1.150980000 -0.283895000 0 0 0
-3.641050000 -1.161570000 -0.276746000 0 0 0
-3.660900000 -1.149890000 -0.281151000 0 0 0
-3.670340000 -1.145980000 -0.278234000 0 0 0
-3.680270000 -1.134530000 -0.270702000 0 0 0
-3.694630000 -1.114750000 -0.267501000 0 0 0
-3.713530000 -1.090780000 -0.268758000 0 0 0
-3.719640000 -1.076080000 -0.267643000 0 0 0
-3.687490000 -1.085320000 -0.276181000 0 0 0
-3.670210000 -1.084620000 -0.285192000 0 0 0
-3.655950000 -1.089710000 -0.288820000 0 0 0
-3.639950000 -1.109160000 -0.287043000 0 0 0
-3.637010000 -1.124340000 -0.284326000 0 0 0
-3.663690000 -1.115970000 -0.289150000 0 0 0
-3.681150000 -1.118270000 -0.294769000 0 0 0
-3.703210000 -1.109560000 -0.294068000 0 0 0
-3.727370000 -1.096250000 -0.292161000 0 0 0
-3.753660000 -1.084160000 -0.286321000 0 0 0
-3.758630000 -1.083870000 -0.287907000 0 0 0
-3.733850000 -1.094730000 -0.294986000 0 0 0
-3.719040000 -1.098810000 -0.299501000 0 0 0
-3.701980000 -1.107850000 -0.295949000 0 0 0
-3.681580000 -1.119920000 -0.286166000 0 0 0
-3.661200000 -1.136210000 -0.274348000 0 0 0
-3.643990000 -1.146110000 -0.265070000 0 0 0
-3.648690000 -1.124850000 -0.271837000 0 0 0
-3.643950000 -1.118350000 -0.278960000 0 0 0
-3.644070000 -1.110290000 -0.283261000 0 0 0
-3.648570000 -1.100010000 -0.281854000 0 0 0
-3.661720000 -1.086490000 -0.280951000 0 0 0
-3.679130000 -1.072870000 -0.280155000 0 0 0
-3.704580000 -1.061070000 -0.279822000 0 0 0
-3.694560000 -1.072880000 -0.291795000 0 0 0
-3.686840000 -1.075440000 -0.305911000 0 0 0
-3.680830000 -1.083860000 -0.314016000 0 0 0
-3.677220000 -1.094760000 -0.314707000 0 0 0
-3.672670000 -1.109130000 -0.308480000 0 0 0
-3.669130000 -1.126830000 -0.300404000 0 0 0
-3.664840000 -1.147210000 -0.288014000 0 0 0
-3.674710000 -1.138290000 -0.282395000 0 0 0
-3.679530000 -1.125050000 -0.285905000 0 0 0
-3.682350000 -1.104840000 -0.285478000 0 0 0
-3.690550000 -1.085780000 -0.283608000 0 0 0
-3.703420000 -1.066610000 -0.280904000 0 0 0
-3.739760000 -1.039640000 -0.274494000 0 0 0
-3.794560000 -1.022070000 -0.269332000 0 0 0
-3.840790000 -1.021800000 -0.275670000 0 0 0
-3.861550000 -1.016270000 -0.290390000 0 0 0
-3.900300000 -1.008950000 -0.305020000 0 0 0
-3.941150000 -1.012590000 -0.319208000 0 0 0
-3.971490000 -1.012140000 -0.331148000 0 0 0
-3.986890000 -1.016300000 -0.331339000 0 0 0
-3.993790000 -1.015810000 -0.328322000 0 0 0
-3.991700000 -1.011140000 -0.321670000 0 0 0
-3.981930000 -1.008550000 -0.305857000 0 0 0
-3.964010000 -1.003860000 -0.290822000 0 0 0
-3.939400000 -1.002280000 -0.279836000 0 0 0
-3.911890000 -1.010100000 -0.271843000 0 0 0
-3.876460000 -1.020250000 -0.269729000 0 0 0
-3.836300000 -1.029520000 -0.268471000 0 0 0
-3.791730000 -1.038260000 -0.270961000 0 0 0
-3.738710000 -1.052840000 -0.282116000 0 0 0
-3.697600000 -1.059390000 -0.273975000 0 0 0
-3.665370000 -1.066710000 -0.264574000 0 0 0
-3.639560000 -1.079580000 -0.260630000 0 0 0
-3.622620000 -1.095590000 -0.256824000 0 0 0
-3.613500000 -1.109490000 -0.256472000 0 0 0
-3.606430000 -1.133070000 -0.259496000 0 0 0
-3.620320000 -1.132630000 -0.270490000 0 0 0
-3.650220000 -1.119650000 -0.282427000 0 0 0
-3.678450000 -1.101720000 -0.290126000 0 0 0
-3.705030000 -1.082720000 -0.290956000 0 0 0
-3.733340000 -1.069490000 -0.285743000 0 0 0
-3.761030000 -1.058250000 -0.277253000 0 0 0
-3.775730000 -1.051950000 -0.270645000 0 0 0
-3.754620000 -1.063120000 -0.262869000 0 0 0
-3.712080000 -1.095780000 -0.254080000 0 0 0
-3.691200000 -1.136270000 -0.240237000 0 0 0
-3.671030000 -1.216420000 -0.242872000 0 0 0
-3.661950000 -1.342380000 -0.257681000 0 0 0
-3.673610000 -1.409090000 -0.257928000 0 0 0
-3.663150000 -1.458680000 -0.253983000 0 0 0
-3.640250000 -1.471390000 -0.257566000 0 0 0
-3.622480000 -1.465710000 -0.258204000 0 0 0
-3.613780000 -1.450640000 -0.252735000 0 0 0
-3.609160000 -1.430650000 -0.251072000 0 0 0
-3.605580000 -1.410300000 -0.254758000 0 0 0
-3.606310000 -1.378220000 -0.258546000 0 0 0
-3.608300000 -1.354050000 -0.265626000 0 0 0
-3.609880000 -1.327210000 -0.270154000 0 0 0
-3.613180000 -1.299370000 -0.275266000 0 0 0
-3.617830000 -1.271670000 -0.278024000 0 0 0
-3.622650000 -1.243550000 -0.281283000 0 0 0
-3.627370000 -1.219570000 -0.277843000 0 0 0
-3.629560000 -1.202760000 -0.273707000 0 0 0
-3.630080000 -1.199990000 -0.265775000 0 0 0
-3.629500000 -1.206070000 -0.257018000 0 0 0
-3.623410000 -1.222470000 -0.251664000 0 0 0
-3.617030000 -1.242420000 -0.245799000 0 0 0
-3.611490000 -1.267290000 -0.243604000 0 0 0
-3.610420000 -1.297560000 -0.242571000 0 0 0
-3.615340000 -1.333550000 -0.253863000 0 0 0
-3.624200000 -1.372960000 -0.259397000 0 0 0
-3.638100000 -1.408650000 -0.260169000 0 0 0
-3.648180000 -1.437600000 -0.262250000 0 0 0
-3.652670000 -1.450570000 -0.271326000 0 0 0
-3.645960000 -1.463730000 -0.274320000 0 0 0
-3.631200000 -1.453470000 -0.272140000 0 0 0
-3.617820000 -1.434650000 -0.268132000 0 0 0
-3.607760000 -1.419050000 -0.265654000 0 0 0
-3.597960000 -1.398190000 -0.266256000 0 0 0
-3.590270000 -1.375720000 -0.267038000 0 0 0
-3.581020000 -1.350840000 -0.271348000 0 0 0
-3.575770000 -1.330030000 -0.273559000 0 0 0
-3.573900000 -1.310050000 -0.274345000 0 0 0
-3.574120000 -1.291210000 -0.275914000 0 0 0
-3.575310000 -1.275710000 -0.274775000 0 0 0
-3.577590000 -1.257110000 -0.276341000 0 0 0
-3.579680000 -1.239480000 -0.276248000 0 0 0
-3.582420000 -1.223620000 -0.274687000 0 0 0
-3.583400000 -1.211100000 -0.268796000 0 0 0
-3.589190000 -1.198720000 -0.265533000 0 0 0
-3.595050000 -1.173870000 -0.276284000 0 0 0
-3.596160000 -1.149600000 -0.270904000 0 0 0
-3.600080000 -1.117160000 -0.271707000 0 0 0
-3.606540000 -1.085000000 -0.267240000 0 0 0
-3.616550000 -1.047160000 -0.266050000 0 0 0
-3.630000000 -1.008560000 -0.267222000 0 0 0
-3.643240000 -0.977052000 -0.267736000 0 0 0
-3.655290000 -0.952716000 -0.269611000 0 0 0
-3.667770000 -0.933150000 -0.275465000 0 0 0
-3.687860000 -0.918108000 -0.277675000 0 0 0
-3.694130000 -0.921578000 -0.279507000 0 0 0
-3.666880000 -0.935086000 -0.279253000 0 0 0
-3.650670000 -0.931333000 -0.281458000 0 0 0
-3.633360000 -0.936655000 -0.282899000 0 0 0
-3.614570000 -0.953266000 -0.282035000 0 0 0
-3.595170000 -0.976835000 -0.277274000 0 0 0
-3.575670000 -1.005560000 -0.272608000 0 0 0
-3.569540000 -1.017130000 -0.264110000 0 0 0
-3.593290000 -0.997699000 -0.259203000 0 0 0
-3.611120000 -0.984845000 -0.247990000 0 0 0
-3.635350000 -0.962637000 -0.245951000 0 0 0
-3.663260000 -0.941360000 -0.241934000 0 0 0
-3.688350000 -0.921160000 -0.240859000 0 0 0
-3.713010000 -0.896400000 -0.246389000 0 0 0
-3.726700000 -0.875066000 -0.244865000 0 0 0
-3.702420000 -0.873166000 -0.249966000 0 0 0
-3.691400000 -0.867095000 -0.257801000 0 0 0
-3.677530000 -0.875760000 -0.261523000 0 0 0
-3.661730000 -0.896381000 -0.263574000 0 0 0
-3.642790000 -0.923488000 -0.264219000 0 0 0
-3.632020000 -0.944221000 -0.259855000 0 0 0
-3.643620000 -0.935089000 -0.260461000 0 0 0
-3.646610000 -0.929192000 -0.264809000 0 0 0
-3.655040000 -0.917201000 -0.263832000 0 0 0
-3.665140000 -0.909986000 -0.258840000 0 0 0
-3.679700000 -0.900280000 -0.263355000 0 0 0
-3.703600000 -0.881834000 -0.264288000 0 0 0
-3.722730000 -0.865534000 -0.259392000 0 0 0
-3.704330000 -0.870787000 -0.254316000 0 0 0
-3.700710000 -0.867350000 -0.258873000 0 0 0
-3.694320000 -0.873420000 -0.264899000 0 0 0
-3.687420000 -0.882764000 -0.270797000 0 0 0
-3.682690000 -0.894790000 -0.274440000 0 0 0
-3.677550000 -0.911153000 -0.276382000 0 0 0
-3.670520000 -0.932149000 -0.277053000 0 0 0
-3.669210000 -0.947735000 -0.274813000 0 0 0
-3.687970000 -0.927787000 -0.277711000 0 0 0
-3.696470000 -0.918128000 -0.276637000 0 0 0
-3.708010000 -0.909238000 -0.272857000 0 0 0
-3.719790000 -0.905900000 -0.270230000 0 0 0
-3.734880000 -0.900669000 -0.268278000 0 0 0
-3.754340000 -0.889707000 -0.264069000 0 0 0
-3.736160000 -0.894300000 -0.267575000 0 0 0
-3.717520000 -0.892016000 -0.272391000 0 0 0
-3.697180000 -0.891553000 -0.277116000 0 0 0
-3.677740000 -0.895230000 -0.273128000 0 0 0
-3.661890000 -0.899893000 -0.266603000 0 0 0
-3.663370000 -0.889855000 -0.263022000 0 0 0
-3.652770000 -0.891397000 -0.259129000 0 0 0
-3.619630000 -0.907949000 -0.259601000 0 0 0
-3.589200000 -0.920036000 -0.267328000 0 0 0
-3.557510000 -0.939248000 -0.266771000 0 0 0
-3.528500000 -0.960772000 -0.272147000 0 0 0
-3.497160000 -0.988320000 -0.279671000 0 0 0
-3.458080000 -1.015100000 -0.276489000 0 0 0
-3.408520000 -1.042430000 -0.259999000 0 0 0
-3.352430000 -1.059430000 -0.260895000 0 0 0
-3.287440000 -1.072240000 -0.268896000 0 0 0
-3.207590000 -1.083190000 -0.271898000 0 0 0
-3.135980000 -1.112580000 -0.238928000 0 0 0
-3.062440000 -1.123450000 -0.219514000 0 0 0
-2.989070000 -1.130920000 -0.205336000 0 0 0
-2.909560000 -1.133060000 -0.201955000 0 0 0
-2.823420000 -1.119380000 -0.213240000 0 0 0
-2.743550000 -1.092070000 -0.218498000 0 0 0
-2.661760000 -1.068930000 -0.214449000 0 0 0
-2.571730000 -1.035390000 -0.212039000 0 0 0
-2.477430000 -0.996298000 -0.206877000 0 0 0
-2.383620000 -0.949663000 -0.214817000 0 0 0
-2.286400000 -0.917191000 -0.226440000 0 0 0
-2.210750000 -0.896441000 -0.217709000 0 0 0
-2.150320000 -0.878319000 -0.201485000 0 0 0
-2.081200000 -0.865544000 -0.194545000 0 0 0
-2.022870000 -0.865372000 -0.181147000 0 0 0
-1.964530000 -0.872413000 -0.184415000 0 0 0
-1.897200000 -0.880521000 -0.190524000 0 0 0
-1.833360000 -0.874201000 -0.174749000 0 0 0
-1.760610000 -0.881846000 -0.158502000 0 0 0
-1.679120000 -0.881723000 -0.147519000 0 0 0
-1.599010000 -0.885208000 -0.130934000 0 0 0
-1.517060000 -0.890577000 -0.120248000 0 0 0
-1.428990000 -0.893150000 -0.115408000 0 0 0
-1.347040000 -0.894757000 -0.093982400 0 0 0
-1.264360000 -0.889574000 -0.093376400 0 0 0
-1.180800000 -0.888473000 -0.089335400 0 0 0
-1.101610000 -0.870592000 -0.084763200 0 0 0
-1.018690000 -0.847679000 -0.093629800 0 0 0
-0.939160000 -0.811742000 -0.101858000 0 0 0
-0.865250000 -0.766816000 -0.102754000 0 0 0
-0.792884000 -0.714286000 -0.107101000 0 0 0
-0.725957000 -0.666026000 -0.094269700 0 0 0
-0.663806000 -0.612547000 -0.091530500 0 0 0
-0.593222000 -0.557562000 -0.089282700 0 0 0
-0.525398000 -0.508035000 -0.075898500 0 0 0
-0.456365000 -0.470633000 -0.062925500 0 0 0
-0.381917000 -0.425542000 -0.054934500 0 0 0
-0.308817000 -0.394673000 -0.042481400 0 0 0
-0.235191000 -0.362769000 -0.045544700 0 0 0
-0.149097000 -0.332489000 -0.053144500 0 0 0
-0.078439000 -0.300305000 -0.046769100 0 0 0
-0.011403700 -0.274742000 -0.049633700 0 0 0
0.058463000 -0.249631000 -0.047739200 0 0 0
0.114808000 -0.226243000 -0.034728000 0 0 0
0.167898000 -0.199999000 -0.021574600 0 0 0
0.234493000 -0.174270000 -0.010816200 0 0 0
0.305377000 -0.171362000 0.030504000 0 0 0
0.382678000 -0.167755000 0.052209500 0 0 0
0.465524000 -0.152550000 0.066197700 0 0 0
0.552920000 -0.125492000 0.073592400 0 0 0
0.647268000 -0.092736000 0.063206900 0 0 0
0.740721000 -0.054573400 0.054271600 0 0 0
0.818124000 -0.010206900 0.046761800 0 0 0
0.894721000 0.042066600 0.031552100 0 0 0
0.973777000 0.073265900 0.032799000 0 0 0
1.048540000 0.107893000 0.021506500 0 0 0
1.123430000 0.149502000 0.012357600 0 0 0
1.190180000 0.185676000 0.015526900 0 0 0
1.247800000 0.222451000 0.033098700 0 0 0
1.305850000 0.264524000 0.046545700 0 0 0
1.362030000 0.308850000 0.072271300 0 0 0
1.415770000 0.355734000 0.092269700 0 0 0
1.481900000 0.404252000 0.102395000 0 0 0
1.544780000 0.445353000 0.126939000 0 0 0
1.614820000 0.481723000 0.141022000 0 0 0
1.690100000 0.528335000 0.152163000 0 0 0
1.766630000 0.576681000 0.164929000 0 0 0
1.846480000 0.629288000 0.165760000 0 0 0
1.922460000 0.690710000 0.161822000 0 0 0
1.988330000 0.748779000 0.169102000 0 0 0
2.054830000 0.801305000 0.155483000 0 0 0
2.121430000 0.850128000 0.156522000 0 0 0
2.186700000 0.890371000 0.142740000 0 0 0
2.259770000 0.924826000 0.126581000 0 0 0
2.326630000 0.949890000 0.133989000 0 0 0
2.390500000 0.959756000 0.153330000 0 0 0
2.465280000 0.967580000 0.159986000 0 0 0
2.538620000 0.967485000 0.179808000 0 0 0
2.613180000 0.972846000 0.184513000 0 0 0
2.698370000 0.982142000 0.187356000 0 0 0
2.775540000 1.000790000 0.205880000 0 0 0
2.854500000 1.016160000 0.219179000 0 0 0
2.927900000 1.043390000 0.235923000 0 0 0
2.987890000 1.071240000 0.269413000 0 0 0
3.052650000 1.098780000 0.280881000 0 0 0
3.127890000 1.133020000 0.285399000 0 0 0
3.197250000 1.182900000 0.292111000 0 0 0
3.271990000 1.224640000 0.283597000 0 0 0
3.347120000 1.263420000 0.280731000 0 0 0
3.421550000 1.299910000 0.275279000 0 0 0
3.499880000 1.333030000 0.259492000 0 0 0
3.583670000 1.364430000 0.250785000 0 0 0
3.662700000 1.391020000 0.252463000 0 0 0
3.743100000 1.415300000 0.245227000 0 0 0
3.807030000 1.403270000 0.252664000 0 0 0
3.866510000 1.391270000 0.266329000 0 0 0
3.935070000 1.393120000 0.275413000 0 0 0
4.014710000 1.387360000 0.278709000 0 0 0
4.074320000 1.407990000 0.292564000 0 0 0
4.116020000 1.424870000 0.318115000 0 0 0
4.168810000 1.404090000 0.338133000 0 0 0
4.232180000 1.397790000 0.344091000 0 0 0
4.285990000 1.410990000 0.341950000 0 0 0
4.330400000 1.425020000 0.352479000 0 0 0
4.376080000 1.437080000 0.345776000 0 0 0
4.412470000 1.436370000 0.329474000 0 0 0
4.439970000 1.444840000 0.324174000 0 0 0
4.465150000 1.456110000 0.319921000 0 0 0
4.487960000 1.466710000 0.320246000 0 0 0
4.516150000 1.477480000 0.314572000 0 0 0
4.538380000 1.486700000 0.320093000 0 0 0
4.555790000 1.499800000 0.326421000 0 0 0
4.574010000 1.501210000 0.331179000 0 0 0
4.591800000 1.495290000 0.334140000 0 0 0
4.613100000 1.492630000 0.335331000 0 0 0
4.627500000 1.488590000 0.343747000 0 0 0
4.639460000 1.479630000 0.351942000 0 0 0
4.651590000 1.473410000 0.355345000 0 0 0
4.663230000 1.468500000 0.359514000 0 0 0
4.673230000 1.487190000 0.357727000 0 0 0
4.667930000 1.516600000 0.350608000 0 0 0
4.655600000 1.549030000 0.347346000 0 0 0
4.648750000 1.580250000 0.340643000 0 0 0
4.641080000 1.613450000 0.332024000 0 0 0
4.632120000 1.643740000 0.320467000 0 0 0
4.617670000 1.674210000 0.313785000 0 0 0
4.603480000 1.707190000 0.306911000 0 0 0
4.593680000 1.741320000 0.295994000 0 0 0
4.586410000 1.775960000 0.284136000 0 0 0
4.573640000 1.802550000 0.292061000 0 0 0
4.563580000 1.822280000 0.300244000 0 0 0
4.550960000 1.839290000 0.313035000 0 0 0
4.539770000 1.857300000 0.322835000 0 0 0
4.526050000 1.875810000 0.330406000 0 0 0
4.509300000 1.891800000 0.336018000 0 0 0
4.493680000 1.904460000 0.335207000 0 0 0
4.477780000 1.914820000 0.333255000 0 0 0
4.457040000 1.917800000 0.327706000 0 0 0
4.433130000 1.912390000 0.321857000 0 0 0
4.398130000 1.904010000 0.307210000 0 0 0
4.350730000 1.893350000 0.284982000 0 0 0
4.305040000 1.875320000 0.294318000 0 0 0
4.259150000 1.851120000 0.294849000 0 0 0
4.218390000 1.812950000 0.298371000 0 0 0
4.179220000 1.768390000 0.299872000 0 0 0
4.145980000 1.719670000 0.301021000 0 0 0
4.119180000 1.674200000 0.298036000 0 0 0
4.101420000 1.633650000 0.298093000 0 0 0
4.088780000 1.597100000 0.295404000 0 0 0
4.083080000 1.562910000 0.296337000 0 0 0
4.082920000 1.535690000 0.293681000 0 0 0
4.086430000 1.514950000 0.291717000 0 0 0
4.080740000 1.484880000 0.273761000 0 0 0
4.068600000 1.465500000 0.277567000 0 0 0
4.055140000 1.444700000 0.290368000 0 0 0
4.047730000 1.434990000 0.304993000 0 0 0
4.048480000 1.428340000 0.306908000 0 0 0
4.052260000 1.430750000 0.309528000 0 0 0
4.060860000 1.429970000 0.304387000 0 0 0
4.062200000 1.461240000 0.304662000 0 0 0
4.071700000 1.477520000 0.303822000 0 0 0
4.074050000 1.501430000 0.301870000 0 0 0
4.073440000 1.520430000 0.304083000 0 0 0
4.073610000 1.536900000 0.304321000 0 0 0
4.072070000 1.549000000 0.303019000 0 0 0
4.072100000 1.554250000 0.299697000 0 0 0
4.071710000 1.557560000 0.295578000 0 0 0
4.073170000 1.561020000 0.291056000 0 0 0
4.077300000 1.555420000 0.289573000 0 0 0
4.078430000 1.549250000 0.290097000 0 0 0
4.078100000 1.542910000 0.292085000 0 0 0
4.075840000 1.535030000 0.294081000 0 0 0
4.073000000 1.527090000 0.296227000 0 0 0
4.067920000 1.517350000 0.300851000 0 0 0
4.064030000 1.506320000 0.304728000 0 0 0
4.058560000 1.497890000 0.309286000 0 0 0
4.053100000 1.488080000 0.311981000 0 0 0
4.046970000 1.480020000 0.313665000 0 0 0
4.043640000 1.472280000 0.314546000 0 0 0
4.040000000 1.465590000 0.314847000 0 0 0
4.037470000 1.462330000 0.312241000 0 0 0
4.036370000 1.459020000 0.308467000 0 0 0
4.036670000 1.457670000 0.305485000 0 0 0
4.041000000 1.459300000 0.300887000 0 0 0
4.047600000 1.463430000 0.297106000 0 0 0
4.052950000 1.468160000 0.293560000 0 0 0
4.060100000 1.475710000 0.289408000 0 0 0
4.067410000 1.484010000 0.287268000 0 0 0
4.075420000 1.493800000 0.287653000 0 0 0
4.082920000 1.504910000 0.287110000 0 0 0
4.091420000 1.513820000 0.287584000 0 0 0
4.098390000 1.521760000 0.288074000 0 0 0
4.101590000 1.527190000 0.289214000 0 0 0
4.103760000 1.531070000 0.294466000 0 0 0
4.102060000 1.531320000 0.298089000 0 0 0
4.096150000 1.531890000 0.303383000 0 0 0
4.091070000 1.529540000 0.306457000 0 0 0
4.084300000 1.524750000 0.310717000 0 0 0
4.076500000 1.517220000 0.314647000 0 0 0
4.068300000 1.509390000 0.317180000 0 0 0
4.058140000 1.502220000 0.317525000 0 0 0
4.051870000 1.493370000 0.317548000 0 0 0
4.042320000 1.486930000 0.314853000 0 0 0
4.036130000 1.478900000 0.312135000 0 0 0
4.031810000 1.472340000 0.310208000 0 0 0
4.031320000 1.467810000 0.306029000 0 0 0
4.033010000 1.465930000 0.302341000 0 0 0
4.036800000 1.466520000 0.297213000 0 0 0
4.042660000 1.466040000 0.290302000 0 0 0
4.050250000 1.469290000 0.285339000 0 0 0
4.058800000 1.477110000 0.283014000 0 0 0
4.067650000 1.484230000 0.282851000 0 0 0
4.074360000 1.493430000 0.285269000 0 0 0
4.078960000 1.503230000 0.289699000 0 0 0
4.082390000 1.512000000 0.294456000 0 0 0
4.083640000 1.517420000 0.299733000 0 0 0
4.082150000 1.522570000 0.306981000 0 0 0
4.078660000 1.526140000 0.315585000 0 0 0
4.072900000 1.525800000 0.319879000 0 0 0
4.069200000 1.525070000 0.321743000 0 0 0
4.064200000 1.524680000 0.321548000 0 0 0
4.063720000 1.520380000 0.318803000 0 0 0
4.063900000 1.516910000 0.312670000 0 0 0
4.065270000 1.512720000 0.306864000 0 0 0
4.066280000 1.508330000 0.299526000 0 0 0
4.068420000 1.505960000 0.293706000 0 0 0
4.071290000 1.503930000 0.289799000 0 0 0
4.073030000 1.500440000 0.288428000 0 0 0
4.074170000 1.497500000 0.289670000 0 0 0
4.071810000 1.496320000 0.292972000 0 0 0
4.070280000 1.495190000 0.297858000 0 0 0
4.065710000 1.493180000 0.303598000 0 0 0
4.060420000 1.491350000 0.308159000 0 0 0
4.054580000 1.489900000 0.311040000 0 0 0
4.038770000 1.481970000 0.311432000 0 0 0
3.993230000 1.465400000 0.313101000 0 0 0
3.920560000 1.436820000 0.302512000 0 0 0
3.846230000 1.401390000 0.289526000 0 0 0
3.775050000 1.353510000 0.263181000 0 0 0
3.708130000 1.315400000 0.245264000 0 0 0
3.644310000 1.280430000 0.229933000 0 0 0
3.567890000 1.249570000 0.210859000 0 0 0
3.492850000 1.214490000 0.215714000 0 0 0
3.415430000 1.187860000 0.218799000 0 0 0
3.341980000 1.145140000 0.211196000 0 0 0
3.266020000 1.113200000 0.214104000 0 0 0
3.196110000 1.066090000 0.207296000 0 0 0
3.117090000 1.018990000 0.195945000 0 0 0
3.046370000 0.957048000 0.190912000 0 0 0
2.974730000 0.904183000 0.185742000 0 0 0
2.902350000 0.841454000 0.176777000 0 0 0
2.836890000 0.785607000 0.179666000 0 0 0
2.772780000 0.744125000 0.165265000 0 0 0
2.703950000 0.709085000 0.154969000 0 0 0
2.636260000 0.675790000 0.157522000 0 0 0
2.562850000 0.645202000 0.142432000 0 0 0
2.495120000 0.616210000 0.143118000 0 0 0
2.429320000 0.595847000 0.141400000 0 0 0
2.356430000 0.568504000 0.129440000 0 0 0
2.279040000 0.537038000 0.129071000 0 0 0
2.210090000 0.519632000 0.142395000 0 0 0
2.143030000 0.496335000 0.140995000 0 0 0
2.064270000 0.487964000 0.155451000 0 0 0
1.988510000 0.477866000 0.153260000 0 0 0
1.906430000 0.468180000 0.138003000 0 0 0
1.833370000 0.447190000 0.128392000 0 0 0
1.765800000 0.426126000 0.122879000 0 0 0
1.697740000 0.397658000 0.108648000 0 0 0
1.625320000 0.370009000 0.099279100 0 0 0
1.553480000 0.330825000 0.079725000 0 0 0
1.470430000 0.283701000 0.053773900 0 0 0
1.398300000 0.233748000 0.052311600 0 0 0
1.326300000 0.185716000 0.049132600 0 0 0
1.254480000 0.126286000 0.043028500 0 0 0
1.186320000 0.069347900 0.042180400 0 0 0
1.119870000 0.009121030 0.036542600 0 0 0
1.046340000 -0.053286800 0.024293800 0 0 0
0.980761000 -0.108349000 0.034592000 0 0 0
0.916252000 -0.153716000 0.038209300 0 0 0
0.855685000 -0.195939000 0.048147300 0 0 0
0.805853000 -0.232413000 0.057348500 0 0 0
0.750725000 -0.271546000 0.049378400 0 0 0
0.690721000 -0.313163000 0.041991300 0 0 0
0.632456000 -0.350583000 0.043826100 0 0 0
0.566252000 -0.395646000 0.024982700 0 0 0
0.497582000 -0.434317000 0.020589800 0 0 0
0.425177000 -0.472598000 0.009729860 0 0 0
0.344917000 -0.504365000 -0.002616330 0 0 0
0.262309000 -0.533829000 -0.009088350 0 0 0
0.180111000 -0.554161000 -0.013838300 0 0 0
0.094552900 -0.577429000 -0.018463100 0 0 0
0.008610990 -0.587093000 -0.015526600 0 0 0
-0.082143800 -0.603564000 -0.031955300 0 0 0
-0.178938000 -0.619334000 -0.056075300 0 0 0
-0.266078000 -0.616435000 -0.049642400 0 0 0
-0.347405000 -0.603183000 -0.049199500 0 0 0
-0.430342000 -0.593499000 -0.054739400 0 0 0
-0.503878000 -0.584328000 -0.055793400 0 0 0
-0.575283000 -0.591999000 -0.068229400 0 0 0
-0.648773000 -0.614179000 -0.085227200 0 0 0
-0.711539000 -0.646142000 -0.081806800 0 0 0
-0.771708000 -0.692114000 -0.089216800 0 0 0
-0.831448000 -0.747466000 -0.093058300 0 0 0
-0.887681000 -0.803975000 -0.090014400 0 0 0
-0.946317000 -0.868551000 -0.093754700 0 0 0
-1.015530000 -0.936527000 -0.103716000 0 0 0
-1.080350000 -1.001320000 -0.094537800 0 0 0
-1.144600000 -1.066090000 -0.098955400 0 0 0
-1.217590000 -1.122500000 -0.095018800 0 0 0
-1.288310000 -1.172370000 -0.091967500 0 0 0
-1.364350000 -1.206730000 -0.097164400 0 0 0
-1.442740000 -1.237230000 -0.098212300 0 0 0
-1.517690000 -1.250560000 -0.094120800 0 0 0
-1.601170000 -1.257760000 -0.106006000 0 0 0
-1.684050000 -1.257440000 -0.106962000 0 0 0
-1.764050000 -1.257050000 -0.122662000 0 0 0
-1.855280000 -1.255280000 -0.140382000 0 0 0
-1.939560000 -1.258240000 -0.147761000 0 0 0
-2.020020000 -1.259430000 -0.158561000 0 0 0
-2.104060000 -1.264030000 -0.172640000 0 0 0
-2.185480000 -1.266370000 -0.184104000 0 0 0
-2.268210000 -1.276600000 -0.205449000 0 0 0
-2.356770000 -1.286450000 -0.228588000 0 0 0
-2.436370000 -1.297960000 -0.228623000 0 0 0
-2.504630000 -1.304580000 -0.227138000 0 0 0
-2.567870000 -1.315170000 -0.220384000 0 0 0
-2.617860000 -1.330100000 -0.212988000 0 0 0
-2.672420000 -1.350910000 -0.216323000 0 0 0
-2.738310000 -1.373900000 -0.225994000 0 0 0
-2.798150000 -1.401810000 -0.220713000 0 0 0
-2.859420000 -1.424230000 -0.226617000 0 0 0
-2.922620000 -1.446820000 -0.224260000 0 0 0
-2.978080000 -1.459770000 -0.208476000 0 0 0
-3.039140000 -1.469530000 -0.205609000 0 0 0
-3.107690000 -1.478900000 -0.217789000 0 0 0
-3.174920000 -1.486890000 -0.218708000 0 0 0
-3.231680000 -1.494200000 -0.220581000 0 0 0
-3.288840000 -1.496660000 -0.233428000 0 0 0
-3.346270000 -1.499480000 -0.239309000 0 0 0
-3.395410000 -1.503050000 -0.250417000 0 0 0
-3.438430000 -1.503610000 -0.260410000 0 0 0
-3.478440000 -1.501430000 -0.273714000 0 0 0
-3.517550000 -1.501880000 -0.295412000 0 0 0
-3.550670000 -1.502040000 -0.308222000 0 0 0
-3.570030000 -1.499310000 -0.317276000 0 0 0
-3.579180000 -1.499780000 -0.318638000 0 0 0
-3.587130000 -1.504070000 -0.316481000 0 0 0
-3.590740000 -1.505500000 -0.310238000 0 0 0
-3.594030000 -1.504310000 -0.301025000 0 0 0
-3.593370000 -1.503470000 -0.293438000 0 0 0
-3.592200000 -1.501380000 -0.287368000 0 0 0
-3.592420000 -1.502090000 -0.282022000 0 0 0
-3.595480000 -1.499480000 -0.279233000 0 0 0
-3.613100000 -1.497530000 -0.279097000 0 0 0
-3.633420000 -1.501140000 -0.272663000 0 0 0
-3.653530000 -1.504020000 -0.273720000 0 0 0
-3.669840000 -1.507920000 -0.274735000 0 0 0
-3.688630000 -1.513100000 -0.279125000 0 0 0
-3.715050000 -1.520030000 -0.284472000 0 0 0
-3.738700000 -1.526050000 -0.296156000 0 0 0
-3.755450000 -1.531950000 -0.301358000 0 0 0
-3.765670000 -1.530440000 -0.305720000 0 0 0
-3.770240000 -1.529120000 -0.311847000 0 0 0
-3.771130000 -1.533210000 -0.317842000 0 0 0
-3.767780000 -1.565310000 -0.320430000 0 0 0
-3.750240000 -1.600210000 -0.323282000 0 0 0
-3.730680000 -1.628700000 -0.316202000 0 0 0
-3.710340000 -1.653990000 -0.315537000 0 0 0
-3.690450000 -1.674590000 -0.311690000 0 0 0
-3.668410000 -1.696850000 -0.306586000 0 0 0
-3.647170000 -1.719370000 -0.297255000 0 0 0
-3.625130000 -1.744780000 -0.292182000 0 0 0
-3.601630000 -1.772600000 -0.288528000 0 0 0
-3.575130000 -1.806170000 -0.292198000 0 0 0
-3.551230000 -1.826870000 -0.269578000 0 0 0
-3.534350000 -1.832510000 -0.253486000 0 0 0
-3.514850000 -1.835750000 -0.235862000 0 0 0
-3.498340000 -1.833100000 -0.226527000 0 0 0
-3.482380000 -1.826220000 -0.226725000 0 0 0
-3.464190000 -1.816910000 -0.227069000 0 0 0
-3.447100000 -1.806740000 -0.231541000 0 0 0
-3.430960000 -1.802920000 -0.243665000 0 0 0
-3.403310000 -1.797360000 -0.250794000 0 0 0
-3.366990000 -1.793940000 -0.266043000 0 0 0
-3.326840000 -1.794380000 -0.290193000 0 0 0
-3.325130000 -1.807760000 -0.285888000 0 0 0
-3.330860000 -1.814560000 -0.288589000 0 0 0
-3.336910000 -1.825290000 -0.287133000 0 0 0
-3.338770000 -1.838460000 -0.287473000 0 0 0
-3.339220000 -1.849760000 -0.293448000 0 0 0
-3.337870000 -1.861730000 -0.296850000 0 0 0
-3.331280000 -1.873480000 -0.298942000 0 0 0
-3.322340000 -1.886500000 -0.296903000 0 0 0
-3.312090000 -1.901270000 -0.292175000 0 0 0
-3.301030000 -1.914940000 -0.289834000 0 0 0
-3.290300000 -1.928060000 -0.289465000 0 0 0
-3.279930000 -1.935860000 -0.292967000 0 0 0
-3.273040000 -1.938690000 -0.297331000 0 0 0
-3.268660000 -1.936660000 -0.303178000 0 0 0
-3.266100000 -1.933260000 -0.306320000 0 0 0
-3.267480000 -1.925560000 -0.311150000 0 0 0
-3.270400000 -1.910870000 -0.315182000 0 0 0
-3.274610000 -1.898660000 -0.315272000 0 0 0
-3.277590000 -1.883070000 -0.316620000 0 0 0
-3.282090000 -1.867210000 -0.315280000 0 0 0
-3.288040000 -1.850980000 -0.309122000 0 0 0
-3.293030000 -1.834720000 -0.301959000 0 0 0
-3.297900000 -1.823310000 -0.291241000 0 0 0
-3.302350000 -1.812470000 -0.282150000 0 0 0
-3.306550000 -1.804550000 -0.269585000 0 0 0
-3.309740000 -1.798820000 -0.260187000 0 0 0
-3.311900000 -1.798360000 -0.253154000 0 0 0
-3.313030000 -1.801860000 -0.248529000 0 0 0
-3.312690000 -1.807650000 -0.246390000 0 0 0
-3.311360000 -1.815600000 -0.245233000 0 0 0
-3.310250000 -1.826160000 -0.245924000 0 0 0
-3.309700000 -1.835940000 -0.249591000 0 0 0
-3.308780000 -1.848040000 -0.256371000 0 0 0
-3.307010000 -1.860440000 -0.264751000 0 0 0
-3.305610000 -1.873550000 -0.274601000 0 0 0
-3.302300000 -1.884190000 -0.285557000 0 0 0
-3.300680000 -1.893600000 -0.296154000 0 0 0
-3.298090000 -1.901950000 -0.306110000 0 0 0
-3.295730000 -1.908930000 -0.313854000 0 0 0
-3.293650000 -1.912110000 -0.321698000 0 0 0
-3.292040000 -1.912970000 -0.325592000 0 0 0
-3.268110000 -1.904210000 -0.323947000 0 0 0
-3.238690000 -1.893480000 -0.318793000 0 0 0
-3.202500000 -1.870980000 -0.308427000 0 0 0
-3.167700000 -1.845940000 -0.297232000 0 0 0
-3.134940000 -1.818200000 -0.288536000 0 0 0
-3.105060000 -1.787520000 -0.275920000 0 0 0
-3.081650000 -1.756650000 -0.265968000 0 0 0
-3.068180000 -1.711080000 -0.252445000 0 0 0
-3.060260000 -1.668380000 -0.242891000 0 0 0
-3.053520000 -1.617610000 -0.241244000 0 0 0
-3.052800000 -1.563920000 -0.234228000 0 0 0
-3.044950000 -1.521280000 -0.250355000 0 0 0
-3.034320000 -1.479400000 -0.256301000 0 0 0
-3.009740000 -1.451680000 -0.235068000 0 0 0
-2.972980000 -1.430800000 -0.215150000 0 0 0
-2.916740000 -1.408020000 -0.209017000 0 0 0
-2.835000000 -1.383850000 -0.224610000 0 0 0
-2.749660000 -1.371790000 -0.234248000 0 0 0
-2.665340000 -1.340420000 -0.241400000 0 0 0
-2.579060000 -1.318340000 -0.228619000 0 0 0
-2.492550000 -1.298400000 -0.227229000 0 0 0
-2.398060000 -1.277610000 -0.228953000 0 0 0
-2.312420000 -1.255900000 -0.217215000 0 0 0
-2.225310000 -1.243430000 -0.208535000 0 0 0
-2.141150000 -1.225810000 -0.200779000 0 0 0
-2.053530000 -1.215780000 -0.201262000 0 0 0
-1.962270000 -1.199130000 -0.213173000 0 0 0
-1.869020000 -1.175650000 -0.221270000 0 0 0
-1.792300000 -1.134610000 -0.211024000 0 0 0
-1.719530000 -1.091580000 -0.212528000 0 0 0
-1.654210000 -1.044520000 -0.202361000 0 0 0
-1.598410000 -0.994795000 -0.186305000 0 0 0
-1.538100000 -0.943005000 -0.180592000 0 0 0
-1.471070000 -0.890942000 -0.172979000 0 0 0
-1.410640000 -0.843753000 -0.148966000 0 0 0
-1.351140000 -0.792483000 -0.137070000 0 0 0
-1.276400000 -0.754889000 -0.114025000 0 0 0
-1.207170000 -0.719966000 -0.102914000 0 0 0
-1.124720000 -0.691502000 -0.104313000 0 0 0
-1.043840000 -0.670440000 -0.091153000 0 0 0
-0.969062000 -0.656905000 -0.075341900 0 0 0
-0.893838000 -0.637683000 -0.066937900 0 0 0
-0.821522000 -0.628855000 -0.059946000 0 0 0
-0.746686000 -0.619220000 -0.065665100 0 0 0
-0.661175000 -0.607156000 -0.076657000 0 0 0
-0.584459000 -0.593901000 -0.067036700 0 0 0
-0.507504000 -0.587589000 -0.067529200 0 0 0
-0.428852000 -0.570544000 -0.067720000 0 0 0
-0.358294000 -0.546635000 -0.067194600 0 0 0
-0.286659000 -0.518462000 -0.073396700 0 0 0
-0.214906000 -0.487607000 -0.077080300 0 0 0
-0.158646000 -0.459866000 -0.059849700 0 0 0
-0.101471000 -0.432083000 -0.047815900 0 0 0
-0.042732400 -0.399602000 -0.028246300 0 0 0
0.022547000 -0.374156000 0.003506280 0 0 0
0.097917700 -0.339220000 0.018800200 0 0 0
0.181096000 -0.292902000 0.024571500 0 0 0
0.263025000 -0.246860000 0.043972600 0 0 0
0.345435000 -0.187197000 0.036238100 0 0 0
0.424965000 -0.131327000 0.033663500 0 0 0
0.495461000 -0.071098100 0.021084900 0 0 0
0.571129000 -0.012351300 0.008129940 0 0 0
0.640852000 0.046292000 -0.003914540 0 0 0
0.704337000 0.094403800 -0.002729290 0 0 0
0.774346000 0.149533000 -0.008877620 0 0 0
0.840047000 0.197730000 -0.001004830 0 0 0
0.897568000 0.251192000 0.005035710 0 0 0
0.963976000 0.307978000 0.002554920 0 0 0
1.015070000 0.362276000 0.019315800 0 0 0
1.062150000 0.414566000 0.035077500 0 0 0
1.115850000 0.470621000 0.050032800 0 0 0
1.171700000 0.511253000 0.072760400 0 0 0
1.234610000 0.554005000 0.083245800 0 0 0
1.310210000 0.596163000 0.091094400 0 0 0
1.378330000 0.630377000 0.110506000 0 0 0
1.446240000 0.664032000 0.112418000 0 0 0
1.504780000 0.701112000 0.122026000 0 0 0
1.559200000 0.731567000 0.123136000 0 0 0
1.618450000 0.766883000 0.113112000 0 0 0
1.683150000 0.805013000 0.102290000 0 0 0
1.736040000 0.836533000 0.108417000 0 0 0
1.786100000 0.865334000 0.108097000 0 0 0
1.832550000 0.901222000 0.111723000 0 0 0
1.874940000 0.931986000 0.116511000 0 0 0
1.910110000 0.963865000 0.110440000 0 0 0
1.946940000 0.996182000 0.096538400 0 0 0
1.977430000 1.029150000 0.092163000 0 0 0
1.991690000 1.060120000 0.095648000 0 0 0
2.003990000 1.077950000 0.104409000 0 0 0
2.017080000 1.096950000 0.107816000 0 0 0
2.033230000 1.104590000 0.131564000 0 0 0
2.044910000 1.117100000 0.141037000 0 0 0
2.058520000 1.129040000 0.150608000 0 0 0
2.075100000 1.146070000 0.158954000 0 0 0
2.096710000 1.170690000 0.159050000 0 0 0
2.118720000 1.197050000 0.164131000 0 0 0
2.137200000 1.219280000 0.169354000 0 0 0
2.153170000 1.238740000 0.173425000 0 0 0
2.178770000 1.249330000 0.178032000 0 0 0
2.207750000 1.250110000 0.181682000 0 0 0
2.230110000 1.239340000 0.183060000 0 0 0
2.246470000 1.225110000 0.181635000 0 0 0
2.259880000 1.208190000 0.175553000 0 0 0
2.269400000 1.189750000 0.167528000 0 0 0
2.271840000 1.167450000 0.157426000 0 0 0
2.269500000 1.139850000 0.146200000 0 0 0
2.265700000 1.118010000 0.125436000 0 0 0
2.258520000 1.120080000 0.123820000 0 0 0
2.238090000 1.131830000 0.133402000 0 0 0
2.219660000 1.141890000 0.147285000 0 0 0
2.202680000 1.146450000 0.162719000 0 0 0
2.192190000 1.149020000 0.176177000 0 0 0
2.189070000 1.151090000 0.189714000 0 0 0
2.192350000 1.150650000 0.199066000 0 0 0
2.200280000 1.150820000 0.206742000 0 0 0
2.211550000 1.152460000 0.209755000 0 0 0
2.225430000 1.153600000 0.207999000 0 0 0
2.240280000 1.152510000 0.205305000 0 0 0
2.255610000 1.153870000 0.200274000 0 0 0
2.271890000 1.156560000 0.193862000 0 0 0
2.288270000 1.157980000 0.184027000 0 0 0
2.301750000 1.160730000 0.172591000 0 0 0
2.313900000 1.164980000 0.163724000 0 0 0
2.321160000 1.170120000 0.154705000 0 0 0
2.325410000 1.176050000 0.147382000 0 0 0
2.325320000 1.183490000 0.140676000 0 0 0
2.320520000 1.189620000 0.136082000 0 0 0
2.312620000 1.194960000 0.135987000 0 0 0
2.300400000 1.197120000 0.133951000 0 0 0
2.286280000 1.197190000 0.136273000 0 0 0
2.270850000 1.195520000 0.140120000 0 0 0
2.254880000 1.190730000 0.142651000 0 0 0
2.240000000 1.183610000 0.148152000 0 0 0
2.227750000 1.177600000 0.154452000 0 0 0
2.218130000 1.170130000 0.162160000 0 0 0
2.212960000 1.163090000 0.171123000 0 0 0
2.214170000 1.158820000 0.182246000 0 0 0
2.221450000 1.153170000 0.192926000 0 0 0
2.232010000 1.149400000 0.203909000 0 0 0
2.245640000 1.146550000 0.212454000 0 0 0
2.259490000 1.145200000 0.215476000 0 0 0
2.276690000 1.145180000 0.213351000 0 0 0
2.290840000 1.147380000 0.207523000 0 0 0
2.302280000 1.148890000 0.194263000 0 0 0
2.308720000 1.154070000 0.177888000 0 0 0
2.312090000 1.159300000 0.158281000 0 0 0
2.310300000 1.166450000 0.142337000 0 0 0
2.301860000 1.173620000 0.127184000 0 0 0
2.290590000 1.178110000 0.118519000 0 0 0
2.276380000 1.181780000 0.116537000 0 0 0
2.261640000 1.183280000 0.120028000 0 0 0
2.248530000 1.186160000 0.130907000 0 0 0
2.239050000 1.187560000 0.143540000 0 0 0
2.234040000 1.186530000 0.159764000 0 0 0
2.232530000 1.184570000 0.175479000 0 0 0
2.235270000 1.184310000 0.189865000 0 0 0
2.239500000 1.183730000 0.200303000 0 0 0
2.245530000 1.181830000 0.205963000 0 0 0
2.252640000 1.180840000 0.207490000 0 0 0
2.260350000 1.178470000 0.204704000 0 0 0
2.267160000 1.175940000 0.197251000 0 0 0
2.271840000 1.173570000 0.185703000 0 0 0
2.275590000 1.170130000 0.174403000 0 0 0
2.277910000 1.167350000 0.162602000 0 0 0
2.278820000 1.163940000 0.150833000 0 0 0
2.279290000 1.161350000 0.142051000 0 0 0
2.277680000 1.158020000 0.138057000 0 0 0
2.275030000 1.157550000 0.136765000 0 0 0
2.272790000 1.158010000 0.139992000 0 0 0
2.271400000 1.157330000 0.146155000 0 0 0
2.271350000 1.159170000 0.153778000 0 0 0
2.272710000 1.159980000 0.162246000 0 0 0
2.273550000 1.162540000 0.169946000 0 0 0
2.275480000 1.163450000 0.175381000 0 0 0
2.276670000 1.165050000 0.180267000 0 0 0
2.275570000 1.167100000 0.180700000 0 0 0
2.273640000 1.168310000 0.178960000 0 0 0
2.269710000 1.168730000 0.173874000 0 0 0
2.266650000 1.169370000 0.169318000 0 0 0
2.262290000 1.171490000 0.163414000 0 0 0
2.258650000 1.173230000 0.157235000 0 0 0
2.254300000 1.173350000 0.152711000 0 0 0
2.252370000 1.173320000 0.151515000 0 0 0
2.252270000 1.173950000 0.154351000 0 0 0
2.254160000 1.175000000 0.158093000 0 0 0
2.259320000 1.174090000 0.162395000 0 0 0
2.266370000 1.175100000 0.168518000 0 0 0
2.273440000 1.174990000 0.173227000 0 0 0
2.280460000 1.175300000 0.176989000 0 0 0
2.286200000 1.175180000 0.178431000 0 0 0
2.290520000 1.173970000 0.177560000 0 0 0
2.290850000 1.174460000 0.173102000 0 0 0
2.288170000 1.173780000 0.165183000 0 0 0
2.283120000 1.171760000 0.158228000 0 0 0
2.277850000 1.168810000 0.148384000 0 0 0
2.269490000 1.165650000 0.141540000 0 0 0
2.261340000 1.161940000 0.136815000 0 0 0
2.251660000 1.161380000 0.135063000 0 0 0
2.244380000 1.161000000 0.138558000 0 0 0
2.238850000 1.160750000 0.147658000 0 0 0
2.236940000 1.161400000 0.157288000 0 0 0
2.239210000 1.162770000 0.168664000 0 0 0
2.245250000 1.164710000 0.178784000 0 0 0
2.252480000 1.165670000 0.187668000 0 0 0
2.263020000 1.166750000 0.196017000 0 0 0
2.273930000 1.169550000 0.197956000 0 0 0
2.283930000 1.172030000 0.199163000 0 0 0
2.291780000 1.175550000 0.193497000 0 0 0
2.296800000 1.177160000 0.186255000 0 0 0
2.298630000 1.176820000 0.171494000 0 0 0
2.297150000 1.178590000 0.157356000 0 0 0
2.292730000 1.180650000 0.143223000 0 0 0
2.284730000 1.179890000 0.133082000 0 0 0
2.275610000 1.177930000 0.126861000 0 0 0
2.265810000 1.175270000 0.126521000 0 0 0
2.256760000 1.171030000 0.131079000 0 0 0
2.250640000 1.157120000 0.140048000 0 0 0
2.247070000 1.128180000 0.152310000 0 0 0
2.243380000 1.086860000 0.164217000 0 0 0
2.233480000 1.035210000 0.177711000 0 0 0
2.217300000 0.984545000 0.179748000 0 0 0
2.200460000 0.944701000 0.165608000 0 0 0
2.174380000 0.904891000 0.161703000 0 0 0
2.157320000 0.885485000 0.164539000 0 0 0
2.121640000 0.853506000 0.167125000 0 0 0
2.093790000 0.830170000 0.157809000 0 0 0
2.101010000 0.834894000 0.156162000 0 0 0
2.112100000 0.845477000 0.157473000 0 0 0
2.096930000 0.839952000 0.152791000 0 0 0
2.080230000 0.827170000 0.142904000 0 0 0
2.071850000 0.806548000 0.119365000 0 0 0
2.060880000 0.784523000 0.113758000 0 0 0
2.036150000 0.770029000 0.115001000 0 0 0
2.000500000 0.758310000 0.123365000 0 0 0
1.969490000 0.738123000 0.149856000 0 0 0
1.925330000 0.706847000 0.154145000 0 0 0
1.860750000 0.671780000 0.159415000 0 0 0
1.789510000 0.625210000 0.149415000 0 0 0
1.719940000 0.588364000 0.169401000 0 0 0
1.640260000 0.563657000 0.182179000 0 0 0
1.557380000 0.532006000 0.172783000 0 0 0
1.476430000 0.495142000 0.176394000 0 0 0
1.399980000 0.456597000 0.157152000 0 0 0
1.312460000 0.408901000 0.123795000 0 0 0
1.238190000 0.351364000 0.109686000 0 0 0
1.159270000 0.298830000 0.082388300 0 0 0
1.084560000 0.243023000 0.058347100 0 0 0
1.011920000 0.192021000 0.039736400 0 0 0
0.943134000 0.137012000 0.021374600 0 0 0
0.869610000 0.083520000 0.015861300 0 0 0
0.806446000 0.035270700 0.024278300 0 0 0
0.743465000 -0.011598900 0.015868400 0 0 0
0.679217000 -0.056336300 0.017955200 0 0 0
0.621631000 -0.094378300 0.016385400 0 0 0
0.562997000 -0.132820000 0.005477180 0 0 0
0.500582000 -0.171367000 -0.000256901 0 0 0
0.443922000 -0.198342000 0.010024500 0 0 0
0.388990000 -0.229078000 0.009259840 0 0 0
0.334845000 -0.256053000 0.022209400 0 0 0
0.282237000 -0.286237000 0.020347100 0 0 0
0.218359000 -0.316197000 0.010862000 0 0 0
0.166957000 -0.362890000 0.014438700 0 0 0
0.119758000 -0.399738000 0.026654100 0 0 0
0.054952100 -0.431495000 0.023348700 0 0 0
-0.020900900 -0.453108000 0.032495400 0 0 0
-0.101749000 -0.470540000 0.029634000 0 0 0
-0.189522000 -0.488178000 0.014053200 0 0 0
-0.281461000 -0.504680000 0.006523060 0 0 0
-0.368865000 -0.514109000 -0.003063940 0 0 0
-0.460780000 -0.516822000 -0.018136400 0 0 0
-0.550111000 -0.517631000 -0.015668400 0 0 0
-0.637404000 -0.523656000 -0.032409000 0 0 0
-0.737100000 -0.535330000 -0.061141900 0 0 0
-0.833370000 -0.553900000 -0.072643700 0 0 0
-0.925515000 -0.572419000 -0.086891800 0 0 0
-1.015280000 -0.600988000 -0.106400000 0 0 0
-1.089780000 -0.626128000 -0.108004000 0 0 0
-1.157190000 -0.656506000 -0.117465000 0 0 0
-1.226190000 -0.695933000 -0.139944000 0 0 0
-1.286070000 -0.733201000 -0.144684000 0 0 0
-1.347560000 -0.765861000 -0.164068000 0 0 0
-1.407020000 -0.798528000 -0.175410000 0 0 0
-1.438550000 -0.843059000 -0.154635000 0 0 0
-1.473390000 -0.890248000 -0.129668000 0 0 0
-1.519990000 -0.935316000 -0.110071000 0 0 0
-1.568480000 -0.977016000 -0.075825400 0 0 0
-1.628150000 -1.016220000 -0.061048700 0 0 0
-1.703500000 -1.048900000 -0.046160400 0 0 0
-1.786850000 -1.085040000 -0.035966300 0 0 0
-1.880960000 -1.116450000 -0.042886100 0 0 0
-1.983980000 -1.139380000 -0.059874400 0 0 0
-2.085410000 -1.148300000 -0.062604200 0 0 0
-2.188850000 -1.156500000 -0.080256100 0 0 0
-2.285750000 -1.156560000 -0.094838300 0 0 0
-2.380310000 -1.158350000 -0.125670000 0 0 0
-2.482950000 -1.164030000 -0.164940000 0 0 0
-2.582810000 -1.171330000 -0.199619000 0 0 0
-2.677830000 -1.174530000 -0.227166000 0 0 0
-2.772170000 -1.181390000 -0.253832000 0 0 0
-2.859330000 -1.192010000 -0.261620000 0 0 0
-2.931140000 -1.209430000 -0.273581000 0 0 0
-3.006050000 -1.226690000 -0.286963000 0 0 0
-3.074340000 -1.248170000 -0.283636000 0 0 0
-3.138710000 -1.267700000 -0.279813000 0 0 0
-3.205880000 -1.287220000 -0.282144000 0 0 0
-3.261570000 -1.304500000 -0.272440000 0 0 0
-3.321490000 -1.324300000 -0.276697000 0 0 0
-3.390080000 -1.345570000 -0.284102000 0 0 0
-3.455320000 -1.361680000 -0.270837000 0 0 0
-3.524800000 -1.374840000 -0.279356000 0 0 0
-3.602280000 -1.384010000 -0.283346000 0 0 0
-3.676890000 -1.388120000 -0.284270000 0 0 0
-3.756330000 -1.392200000 -0.293691000 0 0 0
-3.846320000 -1.393490000 -0.304493000 0 0 0
-3.926980000 -1.388640000 -0.290898000 0 0 0
-4.009190000 -1.381790000 -0.293641000 0 0 0
-4.087640000 -1.388990000 -0.292176000 0 0 0
-4.161400000 -1.407540000 -0.295544000 0 0 0
-4.241330000 -1.423420000 -0.312701000 0 0 0
-4.326040000 -1.443140000 -0.326498000 0 0 0
-4.399950000 -1.462110000 -0.332285000 0 0 0
-4.472500000 -1.476400000 -0.350457000 0 0 0
-4.533570000 -1.495440000 -0.342668000 0 0 0
-4.585860000 -1.513650000 -0.341657000 0 0 0
-4.634150000 -1.528620000 -0.344329000 0 0 0
-4.687260000 -1.539940000 -0.359940000 0 0 0
-4.734050000 -1.550100000 -0.365479000 0 0 0
-4.769200000 -1.552110000 -0.365980000 0 0 0
-4.801540000 -1.548790000 -0.373029000 0 0 0
-4.832230000 -1.548120000 -0.368879000 0 0 0
-4.856800000 -1.546360000 -0.366451000 0 0 0
-4.879650000 -1.541830000 -0.365892000 0 0 0
-4.904860000 -1.538220000 -0.364629000 0 0 0
-4.936570000 -1.537720000 -0.368419000 0 0 0
-4.973460000 -1.536960000 -0.379692000 0 0 0
-5.007040000 -1.537670000 -0.377053000 0 0 0
-5.031500000 -1.534560000 -0.379015000 0 0 0
-5.049050000 -1.536880000 -0.380890000 0 0 0
-5.068650000 -1.540620000 -0.388540000 0 0 0
-5.085830000 -1.546150000 -0.388046000 0 0 0
-5.098640000 -1.544960000 -0.391795000 0 0 0
-5.100320000 -1.565610000 -0.398237000 0 0 0
-5.088180000 -1.600090000 -0.405573000 0 0 0
-5.070210000 -1.625800000 -0.407019000 0 0 0
-5.055180000 -1.650510000 -0.410413000 0 0 0
-5.039620000 -1.672050000 -0.409998000 0 0 0
-5.023690000 -1.692270000 -0.406902000 0 0 0
-5.005680000 -1.715820000 -0.405403000 0 0 0
-4.987170000 -1.736170000 -0.403267000 0 0 0
-4.965170000 -1.757960000 -0.400366000 0 0 0
-4.940300000 -1.783950000 -0.404436000 0 0 0
-4.916250000 -1.811400000 -0.393268000 0 0 0
-4.894520000 -1.836120000 -0.379021000 0 0 0
-4.874870000 -1.849870000 -0.360808000 0 0 0
-4.848450000 -1.859300000 -0.347355000 0 0 0
-4.826560000 -1.866470000 -0.340622000 0 0 0
-4.807380000 -1.866940000 -0.336070000 0 0 0
-4.790840000 -1.861250000 -0.332795000 0 0 0
-4.773620000 -1.857340000 -0.332593000 0 0 0
-4.754010000 -1.855730000 -0.339463000 0 0 0
-4.725720000 -1.847780000 -0.344895000 0 0 0
-4.688100000 -1.838810000 -0.370443000 0 0 0
-4.666430000 -1.832990000 -0.370763000 0 0 0
-4.672060000 -1.834070000 -0.374446000 0 0 0
-4.687130000 -1.841230000 -0.373824000 0 0 0
-4.694560000 -1.843850000 -0.376878000 0 0 0
-4.696130000 -1.847970000 -0.375880000 0 0 0
-4.696670000 -1.852460000 -0.376952000 0 0 0
-4.696290000 -1.859520000 -0.376297000 0 0 0
-4.692570000 -1.867750000 -0.378512000 0 0 0
-4.687480000 -1.876110000 -0.378883000 0 0 0
-4.680040000 -1.883640000 -0.376175000 0 0 0
-4.671390000 -1.891120000 -0.373473000 0 0 0
-4.662240000 -1.897730000 -0.368938000 0 0 0
-4.652080000 -1.904230000 -0.366826000 0 0 0
-4.643480000 -1.907440000 -0.364929000 0 0 0
-4.634740000 -1.908970000 -0.365801000 0 0 0
-4.626370000 -1.906390000 -0.369879000 0 0 0
-4.620730000 -1.900210000 -0.376173000 0 0 0
-4.615060000 -1.892950000 -0.382712000 0 0 0
-4.612760000 -1.884690000 -0.386464000 0 0 0
-4.610590000 -1.874250000 -0.391318000 0 0 0
-4.610300000 -1.867130000 -0.391193000 0 0 0
-4.611520000 -1.859720000 -0.390329000 0 0 0
-4.614390000 -1.852540000 -0.389973000 0 0 0
-4.618750000 -1.850110000 -0.384912000 0 0 0
-4.622220000 -1.850050000 -0.377303000 0 0 0
-4.627200000 -1.850420000 -0.368673000 0 0 0
-4.632730000 -1.854510000 -0.361522000 0 0 0
-4.638330000 -1.861080000 -0.353800000 0 0 0
-4.642390000 -1.867820000 -0.350846000 0 0 0
-4.646770000 -1.872660000 -0.350041000 0 0 0
-4.653670000 -1.876220000 -0.352214000 0 0 0
-4.659480000 -1.877880000 -0.356391000 0 0 0
-4.666100000 -1.881070000 -0.360680000 0 0 0
-4.672460000 -1.881980000 -0.366432000 0 0 0
-4.677160000 -1.881970000 -0.373783000 0 0 0
-4.679600000 -1.882230000 -0.378763000 0 0 0
-4.679910000 -1.883220000 -0.382764000 0 0 0
-4.679400000 -1.882900000 -0.386835000 0 0 0
-4.676080000 -1.882210000 -0.386507000 0 0 0
-4.669530000 -1.883180000 -0.383974000 0 0 0
-4.663850000 -1.885560000 -0.379476000 0 0 0
-4.656040000 -1.887730000 -0.373919000 0 0 0
-4.648950000 -1.888410000 -0.370643000 0 0 0
-4.641250000 -1.890290000 -0.366045000 0 0 0
-4.635140000 -1.891630000 -0.362634000 0 0 0
-4.627730000 -1.891440000 -0.361142000 0 0 0
-4.621050000 -1.891980000 -0.361467000 0 0 0
-4.616630000 -1.889410000 -0.365727000 0 0 0
-4.613070000 -1.886940000 -0.371366000 0 0 0
-4.612300000 -1.881510000 -0.378514000 0 0 0
-4.614140000 -1.874740000 -0.382388000 0 0 0
-4.618600000 -1.865500000 -0.385473000 0 0 0
-4.622550000 -1.859050000 -0.387251000 0 0 0
-4.627600000 -1.852860000 -0.389835000 0 0 0
-4.632100000 -1.849550000 -0.386348000 0 0 0
-4.636570000 -1.849890000 -0.382624000 0 0 0
-4.639810000 -1.850690000 -0.379521000 0 0 0
-4.641950000 -1.854220000 -0.375123000 0 0 0
-4.644060000 -1.860550000 -0.366430000 0 0 0
-4.646930000 -1.867260000 -0.361453000 0 0 0
-4.649380000 -1.873750000 -0.355982000 0 0 0
-4.651240000 -1.880950000 -0.353988000 0 0 0
-4.653900000 -1.887800000 -0.353249000 0 0 0
-4.656270000 -1.891370000 -0.357295000 0 0 0
-4.659420000 -1.892640000 -0.362448000 0 0 0
-4.663400000 -1.892120000 -0.369097000 0 0 0
-4.664960000 -1.888970000 -0.374921000 0 0 0
-4.659540000 -1.880720000 -0.378548000 0 0 0
-4.642540000 -1.863920000 -0.378595000 0 0 0
-4.616280000 -1.847760000 -0.371580000 0 0 0
-4.588560000 -1.827250000 -0.370052000 0 0 0
-4.565410000 -1.808810000 -0.363078000 0 0 0
-4.544840000 -1.793780000 -0.354150000 0 0 0
-4.503910000 -1.756830000 -0.338975000 0 0 0
-4.461220000 -1.715430000 -0.329394000 0 0 0
-4.421390000 -1.667280000 -0.330038000 0 0 0
-4.380840000 -1.615240000 -0.344988000 0 0 0
-4.355610000 -1.576530000 -0.336121000 0 0 0
-4.339940000 -1.542220000 -0.336457000 0 0 0
-4.334160000 -1.501450000 -0.333675000 0 0 0
-4.336580000 -1.459790000 -0.334768000 0 0 0
-4.326820000 -1.433510000 -0.326912000 0 0 0
-4.298410000 -1.398740000 -0.329932000 0 0 0
-4.264770000 -1.370280000 -0.328472000 0 0 0
-4.232920000 -1.327260000 -0.331238000 0 0 0
-4.206110000 -1.264620000 -0.331280000 0 0 0
-4.188060000 -1.197810000 -0.314541000 0 0 0
-4.156840000 -1.131150000 -0.307349000 0 0 0
-4.116900000 -1.053860000 -0.303244000 0 0 0
-4.071900000 -0.996239000 -0.290674000 0 0 0
-4.014150000 -0.932187000 -0.286012000 0 0 0
-3.948120000 -0.877808000 -0.270113000 0 0 0
-3.880420000 -0.825021000 -0.265648000 0 0 0
-3.791040000 -0.795711000 -0.268608000 0 0 0
-3.716950000 -0.763547000 -0.253093000 0 0 0
-3.639670000 -0.746411000 -0.247144000 0 0 0
-3.572900000 -0.749018000 -0.243020000 0 0 0
-3.520450000 -0.739689000 -0.225878000 0 0 0
-3.465850000 -0.744118000 -0.226372000 0 0 0
-3.421420000 -0.744608000 -0.222722000 0 0 0
-3.375600000 -0.769851000 -0.237795000 0 0 0
-3.355010000 -0.803162000 -0.250078000 0 0 0
-3.358220000 -0.831280000 -0.265860000 0 0 0
-3.366690000 -0.860831000 -0.275050000 0 0 0
-3.352640000 -0.867458000 -0.294591000 0 0 0
-3.313500000 -0.882248000 -0.321270000 0 0 0
-3.269120000 -0.896607000 -0.324562000 0 0 0
-3.206600000 -0.877861000 -0.313571000 0 0 0
-3.130620000 -0.868352000 -0.293653000 0 0 0
-3.052770000 -0.854487000 -0.286368000 0 0 0
-2.985860000 -0.843004000 -0.285128000 0 0 0
-2.948210000 -0.841520000 -0.279379000 0 0 0
-2.905370000 -0.840299000 -0.272901000 0 0 0
-2.844040000 -0.835702000 -0.265506000 0 0 0
-2.791550000 -0.831968000 -0.256089000 0 0 0
-2.768870000 -0.831936000 -0.246888000 0 0 0
-2.761710000 -0.829719000 -0.241149000 0 0 0
-2.759030000 -0.820419000 -0.235351000 0 0 0
-2.762820000 -0.817628000 -0.235624000 0 0 0
-2.772950000 -0.812136000 -0.232566000 0 0 0
-2.784120000 -0.809061000 -0.232601000 0 0 0
-2.789730000 -0.804990000 -0.226309000 0 0 0
-2.752920000 -0.779029000 -0.223674000 0 0 0
-2.696320000 -0.755963000 -0.199455000 0 0 0
-2.619070000 -0.737161000 -0.181563000 0 0 0
-2.526190000 -0.743055000 -0.205970000 0 0 0
-2.444970000 -0.734978000 -0.217601000 0 0 0
-2.365520000 -0.717325000 -0.218151000 0 0 0
-2.293010000 -0.691706000 -0.197511000 0 0 0
-2.232530000 -0.665249000 -0.181280000 0 0 0
-2.158210000 -0.640813000 -0.179765000 0 0 0
-2.093790000 -0.622787000 -0.163902000 0 0 0
-2.026070000 -0.608698000 -0.159322000 0 0 0
-1.943080000 -0.599040000 -0.155581000 0 0 0
-1.854990000 -0.601794000 -0.156798000 0 0 0
-1.764030000 -0.617940000 -0.157292000 0 0 0
-1.670790000 -0.632782000 -0.162840000 0 0 0
-1.588660000 -0.660417000 -0.145164000 0 0 0
-1.502550000 -0.684398000 -0.141634000 0 0 0
-1.419400000 -0.706140000 -0.130034000 0 0 0
-1.330770000 -0.716463000 -0.117327000 0 0 0
-1.230580000 -0.718872000 -0.125208000 0 0 0
-1.151610000 -0.674632000 -0.098221600 0 0 0
-1.071660000 -0.634462000 -0.091014900 0 0 0
-1.011450000 -0.583625000 -0.069492600 0 0 0
-0.958619000 -0.530635000 -0.058270600 0 0 0
-0.908656000 -0.464860000 -0.059751400 0 0 0
-0.867271000 -0.399258000 -0.072938200 0 0 0
-0.839277000 -0.339536000 -0.075526100 0 0 0
-0.813888000 -0.277497000 -0.092461600 0 0 0
-0.788332000 -0.216180000 -0.095776600 0 0 0
-0.764704000 -0.154874000 -0.092477400 0 0 0
-0.733206000 -0.095098500 -0.094029300 0 0 0
-0.694861000 -0.035855200 -0.093024900 0 0 0
-0.648342000 0.010589300 -0.078270300 0 0 0
-0.603010000 0.064375900 -0.066211200 0 0 0
-0.552210000 0.089669300 -0.041422200 0 0 0
-0.501898000 0.082432000 -0.029431800 0 0 0
-0.473596000 0.078586100 -0.024398100 0 0 0
-0.447048000 0.105118000 -0.010455400 0 0 0
-0.407524000 0.127153000 0.009961040 0 0 0
-0.342546000 0.166859000 -0.026024400 0 0 0
-0.302904000 0.198948000 -0.075006600 0 0 0
-0.263219000 0.199097000 -0.132382000 0 0 0
-0.224351000 0.174557000 -0.158102000 0 0 0
-0.207029000 0.150284000 -0.156463000 0 0 0
-0.205853000 0.128488000 -0.145348000 0 0 0
-0.205125000 0.101839000 -0.116785000 0 0 0
-0.199961000 0.077589900 -0.091586100 0 0 0
-0.208694000 0.097682900 -0.069328100 0 0 0
-0.202378000 0.147457000 -0.053258600 0 0 0
-0.170197000 0.209337000 -0.032651800 0 0 0
-0.131345000 0.291716000 -0.010416200 0 0 0
-0.087421000 0.383947000 0.002191340 0 0 0
-0.031807700 0.482491000 0.008565720 0 0 0
0.018388200 0.569689000 0.028409000 0 0 0
0.058992100 0.663347000 0.026652700 0 0 0
0.098449200 0.750130000 0.026339600 0 0 0
0.136354000 0.833728000 0.023127900 0 0 0
0.180609000 0.916048000 0.006352580 0 0 0
0.226858000 0.973549000 0.010579900 0 0 0
0.280084000 1.022580000 0.005356180 0 0 0
0.334118000 1.073190000 0.008716060 0 0 0
0.388582000 1.118170000 0.013145800 0 0 0
0.446514000 1.164080000 0.004763630 0 0 0
0.506047000 1.180180000 0.004228100 0 0 0
0.535865000 1.167730000 0.010643300 0 0 0
0.553480000 1.134410000 0.011069100 0 0 0
0.563873000 1.091380000 0.012618300 0 0 0
0.572747000 1.043290000 0.016612900 0 0 0
0.574504000 1.009660000 0.024207400 0 0 0
0.564006000 1.009700000 0.020274300 0 0 0
0.567586000 0.986981000 0.016866300 0 0 0
0.577003000 0.967607000 0.021468200 0 0 0
0.597967000 1.003720000 0.025045100 0 0 0
0.630169000 1.060000000 0.045810400 0 0 0
0.685606000 1.122710000 0.036370900 0 0 0
0.749420000 1.187730000 0.030011000 0 0 0
0.808495000 1.270790000 0.021590600 0 0 0
0.857598000 1.345020000 0.014161200 0 0 0
0.905038000 1.432380000 0.014099200 0 0 0
0.956590000 1.523900000 0.008534770 0 0 0
1.008770000 1.589250000 0.031184200 0 0 0
1.065210000 1.651160000 0.043388700 0 0 0
1.133470000 1.713440000 0.055571300 0 0 0
1.201580000 1.772890000 0.052491900 0 0 0
1.277470000 1.829880000 0.048700800 0 0 0
1.352670000 1.886180000 0.049561800 0 0 0
1.420900000 1.928670000 0.062055900 0 0 0
1.486700000 1.978600000 0.064742500 0 0 0
1.517280000 2.020970000 0.101552000 0 0 0
1.542510000 2.069760000 0.131425000 0 0 0
1.578890000 2.132340000 0.147599000 0 0 0
1.610760000 2.194610000 0.175356000 0 0 0
1.649200000 2.253520000 0.187728000 0 0 0
1.698300000 2.321650000 0.199282000 0 0 0
1.746800000 2.385650000 0.210470000 0 0 0
1.797480000 2.453560000 0.215354000 0 0 0
1.855330000 2.525140000 0.210096000 0 0 0
1.911160000 2.588140000 0.222877000 0 0 0
1.969650000 2.649330000 0.216753000 0 0 0
2.024820000 2.706670000 0.211899000 0 0 0
2.077270000 2.764030000 0.201540000 0 0 0
2.124340000 2.831450000 0.181048000 0 0 0
2.171760000 2.905540000 0.156471000 0 0 0
2.201320000 2.969670000 0.147241000 0 0 0
2.220940000 3.043390000 0.118330000 0 0 0
2.237820000 3.096750000 0.118226000 0 0 0
2.236320000 3.136580000 0.108773000 0 0 0
2.222590000 3.167240000 0.099843800 0 0 0
2.199290000 3.187670000 0.103173000 0 0 0
2.173340000 3.195470000 0.115045000 0 0 0
2.145010000 3.196700000 0.125992000 0 0 0
2.127570000 3.198320000 0.126422000 0 0 0
2.116230000 3.203080000 0.134287000 0 0 0
2.111750000 3.213640000 0.139427000 0 0 0
2.109540000 3.230300000 0.142723000 0 0 0
2.112480000 3.263350000 0.149449000 0 0 0
2.128600000 3.300320000 0.168050000 0 0 0
2.156290000 3.339600000 0.176030000 0 0 0
2.188070000 3.383040000 0.174064000 0 0 0
2.223830000 3.432630000 0.171630000 0 0 0
2.248390000 3.479350000 0.189439000 0 0 0
2.268970000 3.519450000 0.199259000 0 0 0
2.282990000 3.559450000 0.199130000 0 0 0
2.284730000 3.601500000 0.186688000 0 0 0
2.277750000 3.633700000 0.181333000 0 0 0
2.246450000 3.655680000 0.182887000 0 0 0
2.206870000 3.671920000 0.177197000 0 0 0
2.168470000 3.689780000 0.165199000 0 0 0
2.129340000 3.705690000 0.150181000 0 0 0
2.085030000 3.719810000 0.131336000 0 0 0
2.042910000 3.730080000 0.117384000 0 0 0
1.999850000 3.737350000 0.106757000 0 0 0
1.955700000 3.744940000 0.099571400 0 0 0
1.901610000 3.748140000 0.078110900 0 0 0
1.855660000 3.745020000 0.089466600 0 0 0
1.827570000 3.742610000 0.099980500 0 0 0
1.810100000 3.732860000 0.117055000 0 0 0
1.796290000 3.722270000 0.134413000 0 0 0
1.781550000 3.712360000 0.145990000 0 0 0
1.773020000 3.704090000 0.156232000 0 0 0
1.766220000 3.698220000 0.164133000 0 0 0
1.762450000 3.694790000 0.168019000 0 0 0
1.756980000 3.684950000 0.163908000 0 0 0
1.753020000 3.666670000 0.158942000 0 0 0
1.754260000 3.639860000 0.155271000 0 0 0
1.757220000 3.601680000 0.136464000 0 0 0
1.753450000 3.561190000 0.134991000 0 0 0
1.755800000 3.518160000 0.126437000 0 0 0
1.753310000 3.474010000 0.129132000 0 0 0
1.749940000 3.435300000 0.127691000 0 0 0
1.739160000 3.413080000 0.132329000 0 0 0
1.722920000 3.426790000 0.132772000 0 0 0
1.722050000 3.436130000 0.138000000 0 0 0
1.726740000 3.441260000 0.137435000 0 0 0
1.726050000 3.448520000 0.141392000 0 0 0
1.727080000 3.461750000 0.148007000 0 0 0
1.731730000 3.471630000 0.154441000 0 0 0
1.726430000 3.467470000 0.159970000 0 0 0
1.707230000 3.430100000 0.159680000 0 0 0
1.675750000 3.399270000 0.156306000 0 0 0
1.650920000 3.365100000 0.151970000 0 0 0
1.631480000 3.333580000 0.150599000 0 0 0
1.617810000 3.308400000 0.149229000 0 0 0
1.615390000 3.286590000 0.150414000 0 0 0
1.625530000 3.260570000 0.151792000 0 0 0
1.638170000 3.243810000 0.150172000 0 0 0
1.632390000 3.274060000 0.145387000 0 0 0
1.644010000 3.297780000 0.143822000 0 0 0
1.663140000 3.318040000 0.141880000 0 0 0
1.683470000 3.342540000 0.143083000 0 0 0
1.702860000 3.368720000 0.140288000 0 0 0
1.717300000 3.392020000 0.138702000 0 0 0
1.729940000 3.418300000 0.141814000 0 0 0
1.736620000 3.434280000 0.148232000 0 0 0
1.736330000 3.407640000 0.148744000 0 0 0
1.726560000 3.398770000 0.152262000 0 0 0
1.719540000 3.395680000 0.156738000 0 0 0
1.705870000 3.389430000 0.166843000 0 0 0
1.696140000 3.373120000 0.171468000 0 0 0
1.683910000 3.367430000 0.175579000 0 0 0
1.662190000 3.408140000 0.177753000 0 0 0
1.654000000 3.439610000 0.176423000 0 0 0
1.648770000 3.465440000 0.176067000 0 0 0
1.645590000 3.489510000 0.181069000 0 0 0
1.650990000 3.518070000 0.184047000 0 0 0
1.656040000 3.537100000 0.179732000 0 0 0
1.649370000 3.514550000 0.170499000 0 0 0
1.643270000 3.499770000 0.162279000 0 0 0
1.645120000 3.475930000 0.150978000 0 0 0
1.648800000 3.446640000 0.144123000 0 0 0
1.649410000 3.423950000 0.140745000 0 0 0
1.654190000 3.405150000 0.134706000 0 0 0
1.658130000 3.386170000 0.130896000 0 0 0
1.660590000 3.373230000 0.130945000 0 0 0
1.659950000 3.421220000 0.147841000 0 0 0
1.668560000 3.463040000 0.166839000 0 0 0
1.682560000 3.498990000 0.182535000 0 0 0
1.694530000 3.525820000 0.203209000 0 0 0
1.698190000 3.547480000 0.214174000 0 0 0
1.696160000 3.565510000 0.221520000 0 0 0
1.681340000 3.533680000 0.216482000 0 0 0
1.657750000 3.511830000 0.209075000 0 0 0
1.647610000 3.487440000 0.205286000 0 0 0
1.643050000 3.456140000 0.208097000 0 0 0
1.635860000 3.428740000 0.211448000 0 0 0
1.630970000 3.415050000 0.213085000 0 0 0
1.608440000 3.436980000 0.210134000 0 0 0
1.603570000 3.443010000 0.202229000 0 0 0
1.598030000 3.449110000 0.200688000 0 0 0
1.594570000 3.451960000 0.194939000 0 0 0
1.599590000 3.455170000 0.188076000 0 0 0
1.605030000 3.451290000 0.180065000 0 0 0
1.612470000 3.402830000 0.156810000 0 0 0
1.610760000 3.372060000 0.146878000 0 0 0
1.615360000 3.344950000 0.135174000 0 0 0
1.631270000 3.317010000 0.127803000 0 0 0
1.642360000 3.286510000 0.120069000 0 0 0
1.653930000 3.257470000 0.116180000 0 0 0
1.652800000 3.276350000 0.106378000 0 0 0
1.656700000 3.289380000 0.099216700 0 0 0
1.659330000 3.302870000 0.097573900 0 0 0
1.661970000 3.315030000 0.105325000 0 0 0
1.664900000 3.327790000 0.119444000 0 0 0
1.667740000 3.340150000 0.134165000 0 0 0
1.659490000 3.299010000 0.141945000 0 0 0
1.644050000 3.276870000 0.147574000 0 0 0
1.636870000 3.251670000 0.147982000 0 0 0
1.633940000 3.235800000 0.146927000 0 0 0
1.630270000 3.222190000 0.145425000 0 0 0
1.628420000 3.206590000 0.142743000 0 0 0
1.613440000 3.232380000 0.132744000 0 0 0
1.608600000 3.251070000 0.118668000 0 0 0
1.598860000 3.272680000 0.112989000 0 0 0
1.592590000 3.291820000 0.111018000 0 0 0
1.593070000 3.313670000 0.111187000 0 0 0
1.596130000 3.335710000 0.112632000 0 0 0
1.598080000 3.314760000 0.112141000 0 0 0
1.596370000 3.307180000 0.116070000 0 0 0
1.602740000 3.303260000 0.113281000 0 0 0
1.614580000 3.303580000 0.114453000 0 0 0
1.631540000 3.302510000 0.124628000 0 0 0
1.645070000 3.298890000 0.129496000 0 0 0
1.640870000 3.337610000 0.120205000 0 0 0
1.639150000 3.374450000 0.105517000 0 0 0
1.638670000 3.413820000 0.104561000 0 0 0
1.644050000 3.451510000 0.107688000 0 0 0
1.650650000 3.486560000 0.117746000 0 0 0
1.651790000 3.529980000 0.131655000 0 0 0
1.655750000 3.565600000 0.153241000 0 0 0
1.644670000 3.542380000 0.160545000 0 0 0
1.627480000 3.517790000 0.162825000 0 0 0
1.612860000 3.498160000 0.167411000 0 0 0
1.601660000 3.479200000 0.172640000 0 0 0
1.598440000 3.461490000 0.182512000 0 0 0
1.599410000 3.437940000 0.196563000 0 0 0
1.601700000 3.413420000 0.209069000 0 0 0
1.593610000 3.427830000 0.219084000 0 0 0
1.597910000 3.432000000 0.221568000 0 0 0
1.599810000 3.438100000 0.224901000 0 0 0
1.607400000 3.446380000 0.224830000 0 0 0
1.618420000 3.451150000 0.222347000 0 0 0
1.638880000 3.459170000 0.220188000 0 0 0
1.662650000 3.468630000 0.214065000 0 0 0
1.681750000 3.480360000 0.201114000 0 0 0
1.700170000 3.498480000 0.183641000 0 0 0
1.711750000 3.516970000 0.162087000 0 0 0
1.725450000 3.541200000 0.145818000 0 0 0
1.740070000 3.558020000 0.144451000 0 0 0
1.725750000 3.558350000 0.127097000 0 0 0
1.694040000 3.555930000 0.120324000 0 0 0
1.668480000 3.561240000 0.108765000 0 0 0
1.645070000 3.564650000 0.106827000 0 0 0
1.624940000 3.564950000 0.108923000 0 0 0
1.605470000 3.566310000 0.112554000 0 0 0
1.596370000 3.569180000 0.123197000 0 0 0
1.596420000 3.572510000 0.132600000 0 0 0
1.601120000 3.579670000 0.145235000 0 0 0
1.607450000 3.584630000 0.158099000 0 0 0
1.611040000 3.592800000 0.171458000 0 0 0
1.619240000 3.602670000 0.184008000 0 0 0
1.626860000 3.613470000 0.195938000 0 0 0
1.635610000 3.623660000 0.204646000 0 0 0
1.642720000 3.635700000 0.212532000 0 0 0
1.648050000 3.648930000 0.218013000 0 0 0
1.654370000 3.661880000 0.219352000 0 0 0
1.663040000 3.674980000 0.217826000 0 0 0
1.668220000 3.683840000 0.217022000 0 0 0
1.673360000 3.699490000 0.211959000 0 0 0
1.675980000 3.712720000 0.202190000 0 0 0
1.678590000 3.724080000 0.195603000 0 0 0
1.676070000 3.737910000 0.185295000 0 0 0
1.670680000 3.751360000 0.175477000 0 0 0
1.663530000 3.765950000 0.165708000 0 0 0
1.651610000 3.780630000 0.159995000 0 0 0
1.638140000 3.794070000 0.154854000 0 0 0
1.626080000 3.809700000 0.155636000 0 0 0
1.616020000 3.825180000 0.156261000 0 0 0
1.607700000 3.840680000 0.156111000 0 0 0
1.601810000 3.854640000 0.156313000 0 0 0
