0.299912000 -0.001958890 0.000809459 -0.001034070 0.000000000 0.000000000 0.000000000 1.000000000
0.399940000 -0.002624220 0.002417780 0.000489973 0.002770842 -0.002991062 0.006111991 0.999973009
0.499931000 -0.003556410 0.004213700 0.005393110 0.009899587 0.030566991 0.002851017 0.999479629
0.599924000 -0.005288910 0.005375160 0.006193780 0.038313616 0.012990855 -0.036105564 0.998528764
0.699953000 -0.002332930 0.005979210 0.005437730 0.036301186 0.024956567 -0.014125157 0.998929364
0.799922000 -0.001582380 0.005633060 0.006266120 0.023614353 0.024183167 -0.004671434 0.999417688
0.899949000 0.001472320 0.002632210 0.007136970 0.051661678 0.032351693 -0.005324155 0.998126291
0.999948000 0.000226833 0.001126020 0.005191730 0.021822487 0.013880548 0.003344302 0.999659905
1.099950000 -0.003670490 0.001053200 0.002926520 0.035993820 -0.009892038 -0.013918649 0.999206117
1.200520000 -0.007170970 0.002278180 0.000336953 0.055934870 -0.015740492 0.000246884 0.998310306
1.299940000 -0.008948350 0.000642601 -0.002219550 0.043186651 -0.014890158 -0.001800322 0.998954431
1.399950000 -0.011032800 0.000594794 -0.004042120 0.066129338 -0.007094054 0.001709774 0.997784376
1.499950000 -0.011510400 0.000537903 -0.005295640 0.042224360 0.016315314 -0.004387986 0.998965294
1.599990000 -0.011676400 -0.000081173 -0.005249640 0.037775061 0.030149123 -0.007619434 0.998802292
1.699950000 -0.010960400 0.001158610 -0.004380440 0.018299312 0.044790854 -0.000574281 0.998828606
1.799950000 -0.009667020 0.001123960 -0.002078070 0.027223609 0.053405331 -0.007494310 0.998173623
1.899960000 -0.006757300 0.001562960 0.000924700 0.034879693 0.065166812 0.000367904 0.997264538
1.999980000 -0.004647200 0.001069330 0.003768120 0.004976911 0.076568974 -0.004734625 0.997040624
2.099960000 -0.002161510 0.001497480 0.006035800 0.012331068 0.084004560 0.001366727 0.996388133
2.200420000 0.001042530 0.001106760 0.007497000 -0.015764402 0.082021402 0.008887053 0.996466253
2.299960000 0.001867000 0.001603100 0.008409400 0.009166594 0.073866897 0.005446779 0.997211105
2.399990000 0.002269810 0.002400500 0.009132770 -0.000989023 0.073111613 0.005095042 0.997310260
2.500040000 0.002176730 0.003572720 0.009214810 0.016920840 0.064017028 -0.002143788 0.997803041
2.600000000 0.001270980 0.003033280 0.007679140 0.009687953 0.062691108 0.002768278 0.997982117
2.699970000 -0.001451560 0.001186650 0.005387560 0.009670193 0.054181642 -0.001846160 0.998482563
2.800120000 -0.004743490 0.001056800 0.002449170 0.024443440 0.046590533 0.005555480 0.998599508
2.903860000 -0.007182100 0.000403739 -0.000230061 0.008241302 0.043206043 -0.000887898 0.999031797
3.000000000 -0.009269050 -0.000013412 -0.002540060 0.029035262 0.044376488 0.000245693 0.998592820
3.100000000 -0.010528900 0.000436841 -0.004033560 0.026105346 0.044913826 -0.005598772 0.998634023
3.200460000 -0.011273700 0.000347022 -0.004230760 0.031447963 0.047155862 -0.003220911 0.998387187
3.300080000 -0.010517700 0.001466770 -0.003089870 0.018722428 0.051508364 -0.001059905 0.998496488
3.400460000 -0.008872330 0.000785152 -0.001117650 0.020453018 0.057345067 -0.004548638 0.998134524
3.500070000 -0.007049940 0.001248030 0.001657970 0.032907624 0.068100144 0.000619084 0.997135435
3.600070000 -0.004568130 0.000395731 0.003615930 0.007293576 0.073748959 -0.003945723 0.997242361
3.700070000 -0.003016350 0.000884331 0.005528270 0.013765656 0.075703002 0.004274222 0.997026225
3.800080000 -0.000232873 0.000202359 0.007340900 0.008268173 0.075623507 0.007305801 0.997075397
3.900080000 0.001306720 0.001025370 0.009014930 0.012783663 0.072009363 0.002557832 0.997318749
4.000110000 0.002355240 0.002049580 0.010227400 0.014163540 0.076143418 0.005971008 0.996978395
4.100270000 0.001937740 0.001792800 0.009962150 0.005678833 0.076875003 -0.003262644 0.997019227
4.200470000 0.001102910 0.001839650 0.008501340 0.017950926 0.071700808 0.007853737 0.997233712
4.300040000 -0.001162580 0.001164680 0.006197560 0.012738444 0.065242254 0.002419418 0.997785211
4.400020000 -0.004257110 0.001041820 0.003324630 0.022043298 0.060073878 0.001789957 0.997948906
4.500040000 -0.006003110 0.000480678 0.000581076 0.019019841 0.058409197 0.001578570 0.998110274
4.600030000 -0.008083230 0.000500163 -0.001628850 0.022779712 0.057005412 -0.005603600 0.998098225
4.700040000 -0.009961940 -0.000557194 -0.003332320 0.021566936 0.061602247 0.003380087 0.997862017
4.800050000 -0.010997000 -0.000855846 -0.004365570 0.019482972 0.052732935 -0.002287326 0.998415955
4.900030000 -0.010742000 -0.000441949 -0.003501300 0.032714272 0.057531906 0.005173300 0.997794114
5.000960000 -0.009791890 -0.000054830 -0.001864340 0.007169187 0.059728035 -0.005665844 0.998172862
5.100040000 -0.008115440 0.000859510 0.000368186 0.009412539 0.068637327 0.002839182 0.997593234
5.200620000 -0.005276110 0.000975203 0.002929120 0.007149373 0.075944410 -0.003431698 0.997080517
5.300060000 -0.002811020 0.001456360 0.005318160 0.018822430 0.074500053 0.002886642 0.997039180
5.400060000 -0.000773443 0.001918850 0.007776260 0.002857133 0.076170790 0.010422198 0.997036221
5.500090000 0.000343357 0.001294620 0.009171200 0.002464201 0.078784238 0.000879282 0.996888258
5.600060000 0.001692920 0.001188270 0.010105900 -0.005712155 0.082852175 0.010185132 0.996493428
5.700080000 0.001583670 0.001119810 0.009667710 -0.005190116 0.074776619 -0.000656049 0.997186587
5.800090000 0.001647690 0.001965150 0.008521550 0.009432035 0.076563843 0.008593917 0.996983029
5.901270000 0.001248200 0.002241160 0.006828550 -0.000406770 0.067068753 0.002732900 0.997744530
6.000090000 -0.001089140 0.002569060 0.004955960 0.009142116 0.068994907 0.000091577 0.997575118
6.100080000 -0.003919330 0.002119080 0.002639150 0.019620748 0.066056824 0.000207182 0.997622914
6.200550000 -0.006795970 0.001394130 0.000104149 0.024073708 0.063912446 -0.005590104 0.997649441
6.300100000 -0.008441910 0.000581385 -0.002054050 0.024096660 0.062420300 0.006172520 0.997739925
6.400120000 -0.010245400 -0.000967092 -0.002825190 0.033659155 0.064666570 -0.004997128 0.997326589
6.500270000 -0.010083000 -0.001147930 -0.002867930 0.017329281 0.063339595 0.009254977 0.997798646
6.600080000 -0.009507400 -0.001542770 -0.002385670 0.015496015 0.062619779 -0.004707038 0.997906048
6.700110000 -0.009086220 -0.001030340 -0.001385930 0.013371325 0.064435447 0.007058873 0.997807323
6.800100000 -0.007277800 -0.000164745 0.000350699 -0.000913645 0.062710217 0.006473078 0.998010367
6.900710000 -0.005399260 0.000306348 0.002894160 0.018052799 0.067752784 0.002325590 0.997536089
7.000200000 -0.002063240 0.000792415 0.006165460 0.003184742 0.073279178 0.009908093 0.997257163
7.100230000 -0.000654301 0.000834766 0.008493800 0.001288834 0.077663824 0.002189259 0.996976367
7.200570000 0.001223240 0.000814669 0.010150600 -0.003945194 0.082559198 0.010664646 0.996521289
7.301790000 0.002556030 0.000365995 0.010546200 -0.007179776 0.075136775 0.012895937 0.997063995
7.400190000 0.002412090 0.000634984 0.010278100 -0.001252953 0.080346380 0.012494984 0.996687897
7.500240000 0.002099550 0.000882477 0.009570490 -0.005777206 0.078862651 0.003810730 0.996861467
7.600190000 0.000519968 0.001579940 0.008153980 0.005047821 0.078353960 0.004780781 0.996901360
7.700190000 -0.001582660 0.001843340 0.005539770 0.020745025 0.076585143 -0.001074906 0.996846630
7.800200000 -0.003993860 0.001533160 0.002800050 0.010551828 0.067454722 0.000486001 0.997666419
7.901830000 -0.006169890 0.001726580 0.000649258 0.015283459 0.065608035 0.002416554 0.997725494
8.000220000 -0.008392710 0.000549247 -0.000907824 0.006646061 0.069177053 -0.004689788 0.997571236
8.100210000 -0.009981920 -0.000144096 -0.002325670 0.025876766 0.067545001 0.001474809 0.997379512
8.200610000 -0.010845400 -0.000691863 -0.003218070 0.007370142 0.064698068 -0.001011763 0.997877155
8.300140000 -0.011479200 -0.000784231 -0.002582900 0.018136487 0.061808523 0.005887498 0.997905863
8.400180000 -0.009872390 -0.000258004 -0.001176300 0.013194923 0.061313695 0.002749533 0.998027537
8.500140000 -0.007741900 -0.000338291 0.000855580 0.012826026 0.067833807 0.001943794 0.997612294
8.600150000 -0.004068130 -0.000054235 0.003145540 -0.003600859 0.068146586 0.006448939 0.997647978
8.700180000 -0.001899520 0.000415521 0.005468960 -0.004262099 0.071286672 0.002240947 0.997444246
8.800150000 0.000580615 0.000815588 0.008030390 0.008300083 0.075408711 0.013385296 0.997028319
8.903560000 0.002249570 0.000901781 0.010182500 -0.006198301 0.072187638 0.004833994 0.997360095
9.000150000 0.002970780 0.001594170 0.010960800 0.009983761 0.079212326 0.010069569 0.996756909
9.100160000 0.003031180 0.001789550 0.010834600 0.006267623 0.085785258 0.000720908 0.996293675
9.200740000 0.002067710 0.001840120 0.009837230 0.024577932 0.078778249 0.000774123 0.996588839
9.300170000 0.000595912 0.001989580 0.007429090 0.005113784 0.077276590 0.005861412 0.996979349
9.400190000 -0.002257060 0.001251510 0.004379160 0.012312932 0.072438661 0.001527981 0.997295692
9.502110000 -0.004937810 0.000212902 0.002058660 0.021034720 0.071699702 0.004584966 0.997193899
9.600190000 -0.007846050 -0.000983530 -0.000415024 0.019270507 0.071918112 -0.002646479 0.997220853
9.700180000 -0.009898610 -0.001317330 -0.002522590 0.025925251 0.065192932 0.002898050 0.997531636
9.800190000 -0.010285300 -0.001202350 -0.002972110 0.014688184 0.054632574 0.003352712 0.998392858
9.900190000 0.000170523 0.003551920 0.001344380 0.018943637 0.065030984 0.005835895 0.997686350
10.000200000 0.048919900 0.015093500 0.016739600 -0.209237441 0.029951938 0.154939605 0.965047301
10.100200000 0.120220000 0.030436700 0.035553000 -0.635122970 -0.237096533 0.257676390 0.688481608
10.200700000 0.184055000 0.059631000 0.040604700 0.657580902 -0.233591560 0.680733055 0.222766351
10.300400000 0.293016000 0.083257400 0.050219400 0.190295029 -0.263051990 0.686925961 -0.650172420
10.400300000 0.366058000 0.106959000 0.042704400 0.356372877 0.521647224 0.212791551 -0.745387350
10.500100000 0.440434000 0.118420000 0.061912500 0.405373098 0.633932047 0.319699363 -0.575842972
10.600100000 0.517066000 0.144915000 0.074990400 0.561485552 0.752969059 0.312538944 -0.141742653
10.700200000 0.608445000 0.170144000 0.065560200 0.048636483 0.924761290 0.322697837 -0.195747683
10.800200000 0.681966000 0.188349000 0.068856200 -0.601968211 0.721636688 -0.330440596 -0.087657147
10.901100000 0.762884000 0.204828000 0.076768000 -0.872340170 0.010063084 -0.478203030 0.101208817
11.000300000 0.842764000 0.226017000 0.072181000 -0.613431001 -0.426810986 -0.445645516 0.492884229
11.100400000 0.907375000 0.244493000 0.082688900 -0.351917315 -0.633200843 -0.284945481 0.627707709
11.200700000 0.980479000 0.273592000 0.082180100 -0.590214213 -0.545365567 -0.413748956 0.427826346
11.301100000 1.064680000 0.310619000 0.075715800 -0.672895262 -0.527974376 -0.479392176 0.196565934
11.400200000 1.136730000 0.343901000 0.085572600 -0.345466502 -0.827995967 0.124771484 0.423683434
11.502900000 1.208930000 0.363716000 0.087255600 0.207092855 -0.713957377 0.327140287 0.583400931
11.600400000 1.288200000 0.404951000 0.090000900 -0.438184012 -0.651932404 -0.241845606 0.569639899
11.701200000 1.356910000 0.435766000 0.102784000 -0.085799021 -0.986757152 -0.025871835 0.135201701
11.800200000 1.428240000 0.464799000 0.116968000 0.142613357 -0.841254041 -0.120663473 0.507339526
11.900200000 1.500030000 0.493355000 0.134722000 0.349713256 -0.660713137 0.245890729 0.617006109
12.000300000 1.573910000 0.499388000 0.155821000 0.867224494 0.486650335 0.034815392 0.099403304
12.102200000 1.643070000 0.521919000 0.157748000 0.204329382 0.837024952 0.078429336 -0.501485367
12.200600000 1.714850000 0.561564000 0.166108000 -0.096862839 0.716787757 -0.071095379 -0.686861230
12.300200000 1.780840000 0.607418000 0.164715000 -0.505891402 0.643994676 0.290193312 -0.495108663
12.400200000 1.853070000 0.659240000 0.151840000 -0.655468578 0.128008502 0.084136705 -0.739524024
12.500200000 1.917910000 0.711829000 0.155365000 -0.909252386 -0.297144721 -0.136548852 -0.257525774
12.600200000 1.983990000 0.754080000 0.160237000 -0.177271395 -0.933600839 -0.267803830 0.158888122
12.700300000 2.043380000 0.799328000 0.159728000 0.554702854 -0.729032077 0.322623413 0.238182928
12.800400000 2.112340000 0.840762000 0.171176000 0.490563163 -0.567904705 0.420199626 0.510161056
12.900200000 2.175710000 0.887525000 0.173755000 -0.057327653 -0.817448563 -0.412815512 0.397586142
13.000200000 2.255210000 0.933454000 0.176553000 -0.250846738 -0.467280770 -0.835899779 0.141407764
13.100900000 2.335110000 0.970549000 0.185261000 -0.450315800 -0.717911273 -0.465933172 0.254411800
13.200600000 2.415000000 0.994547000 0.196256000 -0.389731804 -0.816160217 -0.416368618 0.092891312
13.300300000 2.490250000 1.022230000 0.203155000 -0.888865107 0.004454939 -0.398227292 -0.226525935
13.400400000 2.564100000 1.050470000 0.211553000 -0.572151392 0.527281335 -0.336525973 -0.530440804
13.500300000 2.629010000 1.086730000 0.218366000 -0.138973456 0.787647683 0.195319638 -0.567580606
13.600200000 2.699290000 1.132260000 0.217198000 0.527563160 0.432209502 0.731291872 -0.009179176
13.700400000 2.761250000 1.170230000 0.235284000 0.746604246 0.657640867 -0.091829901 0.040716821
13.800200000 2.829800000 1.192510000 0.242395000 0.761701729 0.415499979 0.390014990 -0.308315669
13.900500000 2.910460000 1.213960000 0.240888000 0.538915073 -0.405498663 0.595514083 0.436468047
14.000400000 2.991800000 1.231640000 0.245345000 0.319165784 -0.837745190 0.073306379 0.436969534
14.100300000 3.076280000 1.241730000 0.243363000 -0.199287973 -0.898375658 -0.226617497 0.319139454
14.200800000 3.165980000 1.266790000 0.244838000 -0.683047363 -0.598551909 -0.351431453 0.227327616
14.300300000 3.243240000 1.277450000 0.260911000 -0.846808623 -0.472042826 -0.233444449 0.074795829
14.400400000 3.323330000 1.286830000 0.268233000 -0.470058303 -0.490364300 -0.086127159 0.728814213
14.502200000 3.404260000 1.282480000 0.294487000 -0.804263124 -0.009758703 -0.526396884 0.275630034
14.600400000 3.488880000 1.283400000 0.312587000 -0.566005526 0.598536815 -0.433855512 -0.364912071
14.700400000 3.578120000 1.290720000 0.306346000 -0.218811560 0.938047606 -0.005962851 -0.268612424
14.800200000 3.668470000 1.307040000 0.305871000 0.155733708 0.920342865 -0.114329965 -0.340065703
14.900300000 3.740090000 1.309400000 0.320741000 0.194472292 0.978730189 -0.045274628 0.047095140
15.000400000 3.814460000 1.318310000 0.322064000 0.172542034 0.741850409 -0.412969835 -0.499342701
15.100200000 3.883210000 1.335280000 0.330572000 0.505905868 0.672637617 0.177876205 -0.509880324
15.200700000 3.948240000 1.354300000 0.323915000 0.916223529 0.232345105 0.250521514 -0.209258618
15.300300000 4.021020000 1.369260000 0.309842000 0.967811427 -0.127483748 0.195591293 0.093983940
15.400300000 4.100140000 1.381340000 0.309743000 0.853835423 -0.136772732 0.475419818 -0.161970018
15.503800000 4.167680000 1.386470000 0.319641000 0.959097593 -0.089968638 0.180020204 -0.199073295
15.600600000 4.242900000 1.392460000 0.332140000 0.682843080 0.015680409 0.584323850 -0.438229495
15.701600000 4.310780000 1.391090000 0.355710000 0.684832542 0.181943229 0.689586110 -0.149572887
15.800400000 4.384430000 1.389500000 0.363631000 0.478242488 -0.709731048 0.507834128 0.098338502
15.900400000 4.465900000 1.389990000 0.352008000 0.113059949 -0.962180791 0.173213735 0.177264143
16.000600000 4.534860000 1.396740000 0.362558000 -0.180669009 -0.809999243 0.544938112 -0.119592602
16.100300000 4.597510000 1.399700000 0.375426000 0.158155941 -0.857222864 0.471664735 0.132996384
16.200900000 4.663000000 1.411250000 0.372583000 0.004662297 -0.482888961 0.851622769 0.203801799
16.300400000 4.722540000 1.413170000 0.384589000 0.197871156 -0.316842420 0.868399342 0.326098863
16.400300000 4.779580000 1.414490000 0.385612000 -0.521918315 -0.720506164 -0.131072873 0.437369457
16.500500000 4.838780000 1.416580000 0.379423000 -0.686017446 -0.548943822 0.194506041 0.436128587
16.600300000 4.897990000 1.421720000 0.377431000 -0.848512457 -0.226415443 0.178144837 0.443877319
16.701800000 4.947470000 1.435000000 0.383091000 -0.981780720 -0.088482451 -0.160734979 -0.049413960
16.800300000 4.992880000 1.441890000 0.381193000 -0.392530917 -0.470474582 0.008031573 0.790258591
16.900500000 5.032960000 1.444310000 0.380711000 -0.166817046 -0.167880438 0.196501338 0.951512194
17.000400000 5.068390000 1.439570000 0.390909000 0.155911513 -0.308709970 0.191404880 0.918560791
17.100500000 5.097510000 1.434090000 0.401514000 -0.648444525 -0.191999414 -0.556667912 0.482469438
17.200700000 5.120950000 1.424280000 0.404998000 -0.654135950 0.021840170 -0.614745454 0.440133154
17.300400000 5.151790000 1.421950000 0.396982000 -0.508231635 0.332272588 -0.780119032 0.150697805
17.400600000 5.181350000 1.418570000 0.389649000 -0.259598552 0.582335091 -0.753231636 0.161667983
17.500500000 5.199710000 1.417490000 0.392507000 -0.228837064 0.821740702 -0.515682164 -0.080297713
17.600400000 5.210360000 1.413430000 0.392533000 -0.485152540 0.457314860 -0.743430994 -0.052919648
17.700900000 5.221880000 1.410250000 0.394054000 -0.542060467 -0.143660433 -0.796022178 0.227773622
17.800500000 5.239260000 1.413540000 0.396095000 -0.327379829 -0.447696126 -0.677236953 0.483467409
17.900500000 5.254870000 1.414920000 0.397499000 -0.444813394 -0.051997086 -0.879455629 0.161230100
18.000400000 5.273040000 1.412170000 0.406684000 -0.560957491 0.332819335 -0.694029219 -0.304764542
18.100400000 5.290480000 1.404700000 0.412017000 -0.380871494 0.603769622 -0.341976204 -0.611106721
18.200800000 5.309850000 1.391240000 0.416582000 -0.282761957 0.652724154 -0.255969340 -0.654581204
18.300400000 5.321910000 1.358340000 0.421469000 0.353355263 0.557132858 0.087498342 -0.746382661
18.400400000 5.327440000 1.326940000 0.425402000 -0.174787685 -0.165338183 0.699673555 0.672732835
18.500400000 5.323820000 1.307310000 0.428065000 0.019401053 -0.038830646 -0.976611003 0.210586629
18.600400000 5.313830000 1.288170000 0.426538000 0.020552099 0.028835706 0.442031085 -0.896300526
18.700400000 5.300400000 1.270730000 0.420745000 0.005113603 -0.006558465 0.377527362 0.925961084
18.800500000 5.284990000 1.255490000 0.412114000 -0.029928581 0.141742955 -0.872885860 -0.465922192
18.900400000 5.266610000 1.239550000 0.398704000 0.132371977 -0.371306197 0.918975124 0.009699977
19.000300000 5.241130000 1.215580000 0.373556000 0.065584172 0.386052114 -0.761207317 0.516938973
19.100400000 5.220520000 1.192230000 0.365019000 -0.610697601 0.043438102 0.273222336 0.741964370
19.200800000 5.207150000 1.185670000 0.359649000 0.162792415 -0.418345168 -0.267828171 -0.852498693
19.300600000 5.204860000 1.187410000 0.358792000 -0.387819059 -0.165699872 0.567115723 0.707474160
19.400300000 5.202050000 1.195990000 0.375674000 0.246395415 0.566978044 -0.562642325 -0.548870486
19.500500000 5.193770000 1.195470000 0.384914000 -0.127681233 -0.370088042 0.902760867 0.178199775
19.600600000 5.180520000 1.192350000 0.396960000 -0.178342497 0.694780803 -0.668097702 0.197785362
19.706500000 5.167090000 1.185010000 0.403800000 0.690293958 -0.664223246 0.263078429 -0.114417972
19.800400000 5.143920000 1.177320000 0.409746000 -0.957712688 -0.073864778 -0.274690916 0.043304749
19.900600000 5.117390000 1.170580000 0.401210000 0.702214325 0.605831756 0.270236125 -0.258525362
20.000400000 5.069730000 1.157300000 0.385745000 0.781734284 -0.310806568 0.054081754 0.537927458
20.100900000 5.048050000 1.143970000 0.378027000 -0.740317403 0.667260364 -0.022854458 -0.078558406
20.201000000 5.027560000 1.137700000 0.376951000 0.910382494 0.087875633 -0.307435571 0.262611801
20.300300000 5.005940000 1.144530000 0.391834000 0.149667099 -0.657220155 -0.173743614 -0.717965587
20.400500000 4.989460000 1.153620000 0.393721000 0.225074262 0.374885034 0.416423772 0.797116071
20.500500000 4.964830000 1.171530000 0.400501000 0.383487311 0.444574856 -0.807059542 -0.062813811
20.600400000 4.938800000 1.191720000 0.402620000 0.295980724 -0.807446779 0.349937102 -0.371441966
20.700500000 4.913180000 1.212660000 0.396323000 -0.846710794 0.381949618 -0.115110153 0.352058197
20.800300000 4.879310000 1.248090000 0.366647000 0.870787051 0.085437858 -0.294780111 -0.384102813
20.900500000 4.852940000 1.272640000 0.357740000 -0.087989870 0.946980411 -0.122518943 0.283681146
21.000600000 4.835700000 1.279580000 0.350282000 0.366151201 -0.657586971 -0.342704977 -0.562197449
21.102100000 4.825710000 1.288310000 0.350266000 -0.621755016 -0.074319400 0.650219717 -0.430246031
21.201000000 4.818810000 1.301830000 0.353002000 0.565443794 0.431101390 -0.506580259 0.487648797
21.300600000 4.812460000 1.330920000 0.359080000 0.508446937 -0.604478468 -0.393863703 -0.470062631
21.400600000 4.809170000 1.361170000 0.367771000 -0.862000927 0.006959901 0.428988102 -0.269954014
21.500500000 4.813010000 1.397470000 0.373409000 0.565783363 0.465142992 0.182828077 0.655823968
21.600400000 4.819430000 1.440340000 0.360471000 -0.107132785 -0.623473638 -0.677578132 -0.375088075
21.701600000 4.826440000 1.470650000 0.366344000 0.225615990 -0.447924487 -0.561352206 -0.658289283
21.800500000 4.831950000 1.446180000 0.360941000 -0.623869111 -0.529670452 0.427977629 -0.383499275
21.900600000 4.825540000 1.433930000 0.356745000 -0.421633999 -0.536601382 0.412270977 -0.603586257
22.000500000 4.822020000 1.418800000 0.365324000 -0.368201995 -0.441470548 0.277918268 -0.769605407
22.101500000 4.820460000 1.410100000 0.373040000 -0.377660529 -0.518344662 0.197741827 -0.741343042
22.201000000 4.818090000 1.405370000 0.380181000 -0.277888856 -0.591364617 0.083452982 -0.752397018
22.300600000 4.814200000 1.401710000 0.380334000 -0.183534981 -0.659187018 0.054292165 -0.727213687
22.400600000 4.809210000 1.401860000 0.376300000 -0.027604620 -0.695932728 -0.024454408 -0.717159400
22.500700000 4.807550000 1.403860000 0.375496000 0.036857952 -0.691978435 -0.113377308 -0.712006266
22.600600000 4.806230000 1.404590000 0.373817000 0.178522044 -0.694310758 -0.126535480 -0.685602817
22.700600000 4.805250000 1.406160000 0.373330000 0.232194354 -0.673260191 -0.207971463 -0.670488156
22.800600000 4.805090000 1.405020000 0.373406000 0.260689108 -0.665593984 -0.221920924 -0.663156799
22.900800000 4.803840000 1.403140000 0.374061000 0.301755719 -0.643440837 -0.285778079 -0.642851667
23.000600000 4.803540000 1.402910000 0.372794000 0.373370125 -0.616824424 -0.318990294 -0.615115901
23.100600000 4.802100000 1.402540000 0.374039000 0.388827999 -0.598046716 -0.366020066 -0.597647241
23.201000000 4.798810000 1.402230000 0.377799000 0.403291716 -0.589095516 -0.378465357 -0.589140254
23.301600000 4.794380000 1.402100000 0.381675000 0.453613252 -0.561767556 -0.405467984 -0.560578224
23.400600000 4.790830000 1.401260000 0.383022000 0.478230819 -0.548726093 -0.408932347 -0.550426466
23.500600000 4.786730000 1.399250000 0.384384000 0.468059385 -0.557998825 -0.392311665 -0.561826735
23.600600000 4.784000000 1.395580000 0.385090000 0.465040094 -0.565747865 -0.370105337 -0.571567235
23.701300000 4.784300000 1.394130000 0.385146000 0.471475121 -0.557500949 -0.388780558 -0.561919550
23.800600000 4.786410000 1.392880000 0.384954000 0.475671677 -0.557079857 -0.386876284 -0.560111801
23.900600000 4.789500000 1.392630000 0.381215000 0.469992832 -0.565647537 -0.362154769 -0.572707189
24.000600000 4.794000000 1.394320000 0.379904000 0.475450631 -0.557558559 -0.384088138 -0.561739666
24.101700000 4.800030000 1.396850000 0.378951000 0.457203552 -0.568259955 -0.369973550 -0.575469467
24.201100000 4.804640000 1.397760000 0.376022000 0.489562156 -0.557223402 -0.350019116 -0.572116766
24.303800000 4.806370000 1.399730000 0.377795000 0.489649090 -0.550435028 -0.380029400 -0.559323434
24.400600000 4.805430000 1.401880000 0.379662000 0.493795678 -0.543879972 -0.392881398 -0.553176836
24.500600000 4.802620000 1.401450000 0.382171000 0.497811890 -0.541293105 -0.394236833 -0.551146456
24.600600000 4.794950000 1.399490000 0.384358000 0.484935524 -0.553940479 -0.374710791 -0.563541752
24.700600000 4.789600000 1.398300000 0.386164000 0.491292996 -0.547109351 -0.387423886 -0.556062301
24.801000000 4.784430000 1.396130000 0.386572000 0.482613326 -0.556084347 -0.368861637 -0.567270367
24.900600000 4.783390000 1.392900000 0.384173000 0.494137829 -0.552269036 -0.363458243 -0.564557192
25.000600000 4.786180000 1.391430000 0.382510000 0.486713216 -0.555153497 -0.370438754 -0.563639930
25.100600000 4.790050000 1.390050000 0.380105000 0.473743441 -0.566212483 -0.341999280 -0.581383753
25.201100000 4.794580000 1.390560000 0.377655000 0.496920147 -0.553523694 -0.358699681 -0.563929452
25.300600000 4.798980000 1.392100000 0.376034000 0.480019812 -0.562988010 -0.339246262 -0.580979737
25.400600000 4.802810000 1.394110000 0.376273000 0.501797481 -0.550585510 -0.351636611 -0.566927313
25.500600000 4.804310000 1.396670000 0.379481000 0.471432245 -0.562464037 -0.358625370 -0.576865400
25.600600000 4.800840000 1.398710000 0.381723000 0.503159605 -0.545555314 -0.370539542 -0.558480312
25.700600000 4.796470000 1.399010000 0.383722000 0.487405865 -0.552973355 -0.368503703 -0.566445949
25.800700000 4.792660000 1.398080000 0.386701000 0.495017841 -0.546352765 -0.381306257 -0.557728905
25.902100000 4.786900000 1.397310000 0.389787000 0.505642972 -0.539161648 -0.389069420 -0.549777126
26.000600000 4.784740000 1.394910000 0.389479000 0.493823486 -0.547969439 -0.376269046 -0.560615255
26.100600000 4.784710000 1.392530000 0.389174000 0.483294874 -0.553059150 -0.375791857 -0.565094790
26.201100000 4.788010000 1.390170000 0.385493000 0.477181897 -0.559700505 -0.360749645 -0.573491478
26.300700000 4.792100000 1.388490000 0.383355000 0.470313878 -0.563038635 -0.356959049 -0.578249591
26.400700000 4.797050000 1.388840000 0.380679000 0.470199711 -0.565201705 -0.350696136 -0.580061621
26.500800000 4.801520000 1.390150000 0.378537000 0.480079802 -0.559051787 -0.354697478 -0.575477352
26.600700000 4.805910000 1.391600000 0.378390000 0.474959608 -0.559253351 -0.362997940 -0.574353163
26.703700000 4.806420000 1.393790000 0.378277000 0.492687204 -0.550582142 -0.366552899 -0.565471128
26.800700000 4.803860000 1.395970000 0.380429000 0.487616988 -0.550024518 -0.376029925 -0.564184543
26.900700000 4.799250000 1.396440000 0.383617000 0.498940907 -0.544731743 -0.377475719 -0.558424015
27.000700000 4.792100000 1.396700000 0.388350000 0.504534471 -0.536941435 -0.395762410 -0.548188816
27.101500000 4.786870000 1.395990000 0.389939000 0.504846811 -0.538188216 -0.393267947 -0.548473758
27.201100000 4.782630000 1.394260000 0.388993000 0.509938850 -0.535872818 -0.393447226 -0.545895570
27.300700000 4.781870000 1.390420000 0.387513000 0.500360422 -0.544789221 -0.378235941 -0.556580385
27.400700000 4.783670000 1.388740000 0.385016000 0.514722988 -0.539676010 -0.372606333 -0.552245027
27.502400000 4.786930000 1.387200000 0.383714000 0.490337076 -0.555683083 -0.349577102 -0.573220475
27.600700000 4.790970000 1.387010000 0.380814000 0.491355382 -0.555837600 -0.351397253 -0.571081799
27.700700000 4.797460000 1.388760000 0.380004000 0.484683642 -0.556259474 -0.353272012 -0.575200878
27.800700000 4.803440000 1.390790000 0.378304000 0.470417141 -0.564754100 -0.340899102 -0.586129953
27.903600000 4.808160000 1.392050000 0.378593000 0.488394373 -0.552083087 -0.360406557 -0.571648770
28.000700000 4.811750000 1.395800000 0.378972000 0.494261330 -0.547337235 -0.366780798 -0.567097465
28.102500000 4.810070000 1.398170000 0.379728000 0.509261272 -0.539510486 -0.364921372 -0.562506698
28.201300000 4.805260000 1.399190000 0.382172000 0.502975400 -0.541405641 -0.369795295 -0.563158164
28.300700000 4.799810000 1.398390000 0.385610000 0.497577020 -0.541973177 -0.381924526 -0.559299420
28.400700000 4.791770000 1.396050000 0.388453000 0.512621757 -0.531102277 -0.395217889 -0.546765147
28.500700000 4.785840000 1.394400000 0.389676000 0.505765450 -0.541719825 -0.369425241 -0.560594267
28.600700000 4.779980000 1.391910000 0.390234000 0.505215168 -0.542015242 -0.371563907 -0.559390181
28.700700000 4.778350000 1.387340000 0.391133000 0.488672552 -0.553388902 -0.357449115 -0.572005237
28.800700000 4.779000000 1.384240000 0.388866000 0.482081826 -0.557727950 -0.354365585 -0.575292690
28.902000000 4.782370000 1.383510000 0.386595000 0.477602868 -0.563529004 -0.335442863 -0.584644035
29.000700000 4.779840000 1.375820000 0.381841000 0.478017123 -0.565322233 -0.321714492 -0.590262813
29.100800000 4.751820000 1.357730000 0.367178000 0.667450502 -0.263637156 -0.584366871 -0.378841176
29.201400000 4.700960000 1.338200000 0.358124000 0.220078722 0.655087749 -0.231668882 0.684656794
29.300600000 4.639600000 1.316630000 0.334826000 -0.043548169 -0.916615632 0.040158348 -0.395356356
29.400700000 4.556630000 1.297450000 0.314185000 0.992940901 -0.029759613 -0.093735522 0.066305241
29.500800000 4.475610000 1.277010000 0.310725000 0.249068838 0.638595437 -0.235810538 0.688878779
29.600800000 4.385260000 1.250160000 0.306310000 -0.584573844 0.516652697 0.011640302 0.625466159
29.703600000 4.303710000 1.218270000 0.319829000 -0.795971391 -0.580818982 -0.038389614 0.166147800
29.800600000 4.222970000 1.178370000 0.323808000 -0.530622070 -0.554346779 0.415575471 -0.488300006
29.900800000 4.129530000 1.154130000 0.314152000 -0.355747309 -0.626488725 0.330467896 -0.609710340
30.000700000 4.041920000 1.129720000 0.312079000 -0.723032486 -0.372061327 0.559697514 -0.159790758
30.101100000 3.957460000 1.118190000 0.306571000 -0.764960445 -0.399111752 0.485391180 -0.141211647
30.201300000 3.875410000 1.106280000 0.297583000 -0.802879633 0.012913439 0.507312161 0.312812897
30.300900000 3.796330000 1.106250000 0.303115000 -0.769190997 -0.237609275 0.368312664 0.465008413
30.400800000 3.719700000 1.094680000 0.294001000 -0.930454131 -0.129806876 0.342204539 -0.017359107
30.500700000 3.640730000 1.082610000 0.273995000 -0.831398386 -0.177516548 0.335815742 -0.405576611
30.600800000 3.573130000 1.063460000 0.268964000 -0.743812068 0.061193081 0.660537240 0.081789782
30.700700000 3.498440000 1.049460000 0.258832000 -0.815496837 -0.302393967 0.493002770 -0.021704069
30.800800000 3.419420000 1.030200000 0.249900000 -0.890199323 -0.021144815 0.390780073 0.233214488
30.905600000 3.351690000 1.009610000 0.239831000 -0.935285755 0.125086520 0.330840563 0.011766138
31.000800000 3.273880000 0.986713000 0.222370000 -0.588925082 0.398764911 0.579678139 0.397651919
31.100700000 3.186510000 0.964376000 0.221348000 -0.654375795 0.281177411 0.644752608 0.277534964
31.201100000 3.106020000 0.950621000 0.238734000 -0.622561516 -0.000163862 0.777708401 -0.087102100
31.301800000 3.023670000 0.923540000 0.238912000 -0.640886735 -0.002873632 0.719553672 0.267391940
31.400700000 2.948120000 0.891799000 0.236033000 -0.503971938 -0.684769839 0.448778113 -0.275137709
31.501300000 2.874640000 0.865253000 0.241692000 -0.179497838 -0.797354433 0.104204115 -0.566699159
31.600800000 2.801140000 0.846951000 0.225045000 0.065115225 -0.768266177 -0.054475054 -0.634475813
31.700700000 2.734400000 0.824407000 0.216015000 0.113903774 -0.710051443 -0.094346138 -0.688441489
31.800700000 2.682510000 0.796357000 0.211192000 0.640181213 -0.378742050 -0.581776000 -0.329027597
31.901600000 2.623500000 0.770432000 0.192464000 0.488363794 -0.499278172 -0.521874044 -0.489764836
32.000700000 2.556020000 0.744386000 0.209665000 0.588200361 -0.387360236 -0.599812720 -0.379732912
32.101500000 2.492990000 0.715798000 0.211641000 0.841254445 -0.136391183 -0.452613434 0.262353738
32.201300000 2.420280000 0.694194000 0.196923000 0.686449046 -0.325971066 -0.597597091 -0.255750440
32.300700000 2.344710000 0.667859000 0.197061000 0.464828567 -0.798578724 -0.183362013 -0.335536580
32.400800000 2.283990000 0.638048000 0.223671000 0.078810319 -0.343293863 -0.735928609 -0.578227757
32.500900000 2.213900000 0.606274000 0.222204000 0.378589711 -0.607940253 0.010649450 -0.697828825
32.600800000 2.130940000 0.585534000 0.216308000 0.433571738 -0.631599917 -0.200210920 -0.610747641
32.701200000 2.057190000 0.564009000 0.204259000 0.378407641 -0.643529426 -0.311907103 -0.587700175
32.800900000 1.972010000 0.539108000 0.181424000 0.502078344 -0.671372253 -0.330880324 -0.433237632
32.903800000 1.891250000 0.515528000 0.168428000 0.441707118 -0.801605545 -0.098330159 -0.390710318
33.000900000 1.812120000 0.492305000 0.156548000 0.478866589 -0.417266683 -0.606619694 -0.478108621
33.101000000 1.734320000 0.464948000 0.145638000 0.381232698 -0.662449139 0.059536547 -0.642088909
33.201300000 1.656710000 0.441591000 0.149596000 0.536803047 -0.579136531 0.204521840 -0.578458456
33.301700000 1.582700000 0.412293000 0.134826000 0.246469548 -0.739937181 -0.189339695 -0.596570373
33.400800000 1.502640000 0.383735000 0.114242000 0.256939198 -0.761424096 -0.308456860 -0.508989155
33.500800000 1.421380000 0.364282000 0.105608000 -0.052469463 -0.886347875 0.119108811 -0.444350640
33.600700000 1.344920000 0.354363000 0.104770000 0.219796617 -0.758557659 -0.153236143 -0.593968358
33.701800000 1.263020000 0.339111000 0.097644500 -0.137583970 -0.883956632 0.351005572 -0.276561768
33.801000000 1.189790000 0.334064000 0.113411000 -0.128011188 -0.882153408 0.165896216 -0.421778314
33.900900000 1.118690000 0.317019000 0.117098000 -0.475746038 -0.688829383 0.335421982 -0.432055416
34.000800000 1.032490000 0.296587000 0.107427000 -0.412417868 -0.651912975 0.257798394 -0.581773979
34.107800000 0.967767000 0.277344000 0.106688000 -0.457760337 -0.469363028 0.552738904 -0.514425433
34.201300000 0.893590000 0.258580000 0.094095600 -0.700071964 -0.477983118 0.516169575 -0.122475936
34.301000000 0.812423000 0.233060000 0.085544200 -0.791935010 -0.255796649 0.543349201 -0.110356966
34.400900000 0.733891000 0.218508000 0.076124000 -0.824802795 -0.182267033 0.524929628 -0.104536898
34.500900000 0.654773000 0.201012000 0.058859400 -0.745448159 -0.059503463 0.659995964 -0.071914588
34.600800000 0.579248000 0.183512000 0.050620000 -0.529878701 -0.101913931 0.833908308 0.115926899
34.701600000 0.521162000 0.164520000 0.051730900 -0.689418950 -0.079416893 0.719262346 -0.032498386
34.801200000 0.454470000 0.153113000 0.038957800 -0.590105589 0.382592588 0.600277035 0.380875028
34.901200000 0.400220000 0.145415000 0.049117300 -0.236175142 0.131415371 0.858296313 0.436209516
35.001000000 0.349460000 0.138807000 0.048056100 -0.681119630 0.553311066 0.479443819 0.007519250
35.100900000 0.294437000 0.126682000 0.035477500 -0.512493560 0.432971130 0.542599931 0.505442050
35.201300000 0.237102000 0.113038000 0.029277800 -0.214506042 0.157467732 0.367637051 0.891085894
35.301400000 0.194636000 0.106768000 0.032836400 -0.613425189 0.135214248 0.535986793 0.564043263
35.400800000 0.151715000 0.104218000 0.037373300 -0.120367216 0.589940544 0.221860606 0.766980938
35.501000000 0.108075000 0.097155600 0.033668200 0.466115769 0.489919474 -0.025570569 0.736248018
35.600900000 0.069869200 0.084272300 0.042556500 0.565088692 0.479769752 -0.367176540 0.561851532
35.701000000 0.032372400 0.070054200 0.036670200 0.141049022 0.842828954 0.086041058 0.512192799
35.800900000 -0.003046120 0.069448500 0.024801900 0.229161354 0.676490784 -0.224674898 0.662847255
35.901300000 -0.042175700 0.066418000 0.009419200 0.166588303 0.563567066 -0.375196819 0.716845762
36.000900000 -0.077059000 0.062253900 0.002973940 0.012515661 0.256352752 -0.649334062 0.715885397
36.102700000 -0.101540000 0.061707100 -0.000229389 0.090129532 0.704519377 -0.030613572 0.703272298
36.201300000 -0.115288000 0.065271800 -0.000602655 0.363705659 0.609911706 -0.359692793 0.605266057
36.303700000 -0.130611000 0.070541300 -0.002613200 0.661064131 0.348484708 -0.656368901 0.103597724
36.401000000 -0.150577000 0.073567800 -0.001994300 0.662339339 0.092009234 -0.728814750 -0.147207208
36.501000000 -0.164503000 0.074812200 -0.000628283 0.512255264 0.105088508 -0.744560182 -0.414947088
36.601000000 -0.175011000 0.070962900 0.004415820 0.760860980 0.194584304 -0.615342898 -0.067680391
36.701000000 -0.182232000 0.067899400 0.010903500 0.799544662 0.360782384 -0.480171133 -0.000295343
36.800900000 -0.200576000 0.071030300 0.011152500 0.878711687 0.418756664 -0.212198852 0.086488584
36.900900000 -0.222595000 0.073534100 0.010715300 0.774954895 0.010913440 -0.561954783 -0.289020118
37.001100000 -0.245738000 0.068726600 0.010123700 0.554832781 -0.400662875 -0.488385791 -0.541395571
37.101000000 -0.271674000 0.059662600 0.010160700 0.712812582 -0.199082716 -0.485736925 -0.465106370
37.201500000 -0.291827000 0.050682200 0.008273700 0.796038030 -0.023950396 -0.314814955 -0.516373293
37.301000000 -0.302862000 0.040182900 0.004767130 0.948644661 0.106264490 -0.069932004 -0.289638879
37.401000000 -0.311246000 0.036954300 0.002261160 0.976563883 0.108202730 0.185050800 -0.019270513
37.504300000 -0.312834000 0.033443900 0.001220630 0.925077445 -0.056145995 0.330480269 0.178499691
37.601000000 -0.310273000 0.032896200 0.002430010 0.880632187 -0.140585732 0.336097948 0.302920406
37.701500000 -0.305152000 0.032622500 0.004621130 0.798331040 -0.253916498 0.326584911 0.437648556
37.801000000 -0.296477000 0.034761900 0.004691450 0.726392791 -0.331463187 0.287509241 0.528984031
37.904000000 -0.294830000 0.036967400 0.001092570 0.457511899 -0.537554385 0.221748094 0.672715340
38.001000000 -0.292657000 0.040788600 -0.001116070 0.363881077 -0.583386488 0.164754292 0.707182289
38.101200000 -0.295252000 0.044942200 -0.002988520 0.312023647 -0.606684473 0.127728821 0.719903148
38.201400000 -0.296207000 0.049698600 -0.006245160 0.203196182 -0.644686878 0.061512738 0.734374785
38.301000000 -0.297368000 0.051858000 -0.006764740 0.139249318 -0.649015435 -0.001462495 0.747921422
38.401000000 -0.299839000 0.055302300 -0.006451220 0.117304003 -0.654214679 -0.022164757 0.746827723
38.501000000 -0.299941000 0.056863700 -0.005730500 0.129336164 -0.641582991 -0.037309556 0.755149931
38.601000000 -0.300251000 0.056308300 -0.005199330 0.114881289 -0.643395106 -0.041835065 0.755708181
38.701000000 -0.301422000 0.053843300 -0.003945460 0.119909919 -0.645531078 -0.033511298 0.753517241
38.801000000 -0.302867000 0.052273400 -0.002980170 0.094990742 -0.646031936 -0.053926722 0.755454436
38.902400000 -0.303295000 0.048788600 -0.001045490 0.089103827 -0.652360793 -0.049465942 0.751025316
39.001000000 -0.305989000 0.045635800 0.001619980 0.131349357 -0.644614885 -0.028663113 0.752593796
39.101800000 -0.308810000 0.042459700 0.002965350 0.115319311 -0.646119140 -0.044170951 0.753180218
39.201400000 -0.313947000 0.041989500 0.003865890 0.099538436 -0.648776058 -0.055650970 0.752386002
39.302300000 -0.318255000 0.041245200 0.004220370 0.123648529 -0.649945281 -0.033569823 0.749102957
39.401100000 -0.320509000 0.041703000 0.003915380 0.117903520 -0.654764369 -0.032644361 0.745866427
39.502100000 -0.322168000 0.043373200 0.002790120 0.118039434 -0.651469446 -0.040456781 0.748343171
39.601100000 -0.321478000 0.044467200 0.000981896 0.138805318 -0.651528332 -0.028661342 0.745266693
39.701100000 -0.319635000 0.045490600 0.000697889 0.095952969 -0.655669921 -0.057986419 0.746677680
39.801100000 -0.315413000 0.047197500 -0.000823634 0.101790393 -0.657023623 -0.054318417 0.744988715
39.901100000 -0.311802000 0.048791400 -0.002302080 0.089845979 -0.653349055 -0.070469888 0.748396090
40.001100000 -0.306336000 0.048950200 -0.004386210 0.082661032 -0.651402326 -0.079406977 0.750024463
40.103800000 -0.300541000 0.050215400 -0.007117780 0.091826540 -0.654136847 -0.065075636 0.747955904
40.201500000 -0.296980000 0.050205600 -0.007586940 0.088992269 -0.658036282 -0.059380757 0.745347270
40.301000000 -0.294092000 0.047878100 -0.006228540 0.084880825 -0.658098268 -0.066522301 0.745168906
40.401000000 -0.293793000 0.046356700 -0.004931960 0.057441678 -0.652360773 -0.094688376 0.749773290
40.502000000 -0.294990000 0.044936900 -0.002614650 0.099502041 -0.653820887 -0.056134939 0.747974906
40.601000000 -0.295914000 0.044688700 -0.000402209 0.078947955 -0.649345340 -0.080577878 0.752080484
40.702000000 -0.301388000 0.044394200 0.001332550 0.079899260 -0.653826142 -0.075717292 0.748594935
40.801000000 -0.307793000 0.043332900 0.004180220 0.112129979 -0.652618545 -0.049631667 0.747698201
40.901800000 -0.313754000 0.043139800 0.005881000 0.083021250 -0.653141236 -0.071188661 0.749297119
41.001100000 -0.318221000 0.044267000 0.005184100 0.084225213 -0.652470526 -0.074072264 0.749467562
41.102400000 -0.320547000 0.046063300 0.004089580 0.071735969 -0.649825674 -0.089354525 0.751396242
41.201600000 -0.323202000 0.042466300 0.003098010 0.062208065 -0.653060186 -0.092684643 0.749034116
41.301100000 -0.323386000 0.014105100 0.002856560 0.397942057 -0.379876349 0.037733835 0.834213544
41.401000000 -0.315633000 -0.020335400 0.000167978 -0.782255810 0.456502508 0.376692723 -0.194380811
41.501100000 -0.304876000 -0.051596800 -0.001339100 -0.067478149 -0.794841647 0.150544204 -0.583960528
41.601100000 -0.285400000 -0.081319800 -0.001186210 0.703604534 -0.131000513 -0.698148856 -0.019175526
41.705200000 -0.269931000 -0.100284000 -0.002054530 0.018245618 0.734564776 0.012585920 0.678176438
41.801100000 -0.254448000 -0.120359000 -0.001181040 -0.741311109 0.008683606 0.670290705 0.033057602
41.901100000 -0.236840000 -0.138140000 0.001293690 -0.003343401 -0.710416089 0.186178746 -0.678701169
42.001100000 -0.210661000 -0.156715000 0.006941540 0.706215448 0.133558981 -0.673344171 0.173289837
42.101200000 -0.180167000 -0.172770000 0.008040500 -0.732571981 0.370045468 0.567057759 -0.069642954
42.201600000 -0.148701000 -0.198322000 0.012846100 0.421598622 -0.111599025 -0.801219602 0.409691847
42.301000000 -0.112141000 -0.220478000 0.013631100 -0.271769695 0.552896804 0.786301272 -0.046654765
42.401200000 -0.077172100 -0.244454000 0.007485100 0.227507398 -0.359835301 -0.876946442 -0.222988516
42.500900000 -0.052588100 -0.265099000 0.002992610 -0.461373322 0.497590581 0.521015995 0.517765008
42.600900000 -0.041511800 -0.269893000 0.023891400 -0.209535440 -0.661910210 0.132561442 -0.707387615
42.704000000 -0.037887700 -0.271536000 0.035766700 0.750315390 0.071963544 -0.403735994 0.518502951
42.801200000 -0.028979300 -0.277221000 0.042960400 -0.454958236 0.698567005 0.544044856 -0.095038608
42.901900000 -0.014338300 -0.283238000 0.042917800 -0.430360568 -0.568571841 -0.659137427 -0.238859154
43.001100000 -0.000757073 -0.288318000 0.038821800 0.716353555 -0.243800680 0.200454148 0.622267585
43.101200000 0.009913400 -0.293933000 0.029753000 -0.119803318 0.810614966 0.138452010 -0.556220804
43.201500000 0.027417600 -0.294033000 0.023378200 -0.581094617 -0.565685706 -0.451340301 0.372317956
43.302000000 0.043791100 -0.288495000 0.015744700 0.521993119 0.122674764 0.843153447 -0.039577159
43.401100000 0.060098600 -0.276489000 0.009555800 -0.713639285 -0.255273057 -0.510360574 -0.406308653
43.502200000 0.072168600 -0.259685000 0.007663940 0.970380327 -0.078208897 -0.227943336 -0.016947718
43.601100000 0.079350300 -0.236765000 0.007315330 -0.020043810 0.707499448 0.014560875 0.706279518
43.703800000 0.092287700 -0.204731000 0.015467100 -0.877652777 -0.063535723 0.463919944 -0.102308845
43.801100000 0.110571000 -0.180132000 0.024838600 0.188724435 -0.239399587 -0.167529676 0.937552523
43.901700000 0.139764000 -0.161653000 0.033329100 0.190331977 0.128109097 0.892106905 -0.389239088
44.001100000 0.183231000 -0.139631000 0.030629000 -0.038884951 0.755846884 -0.561014308 -0.335330276
44.102900000 0.229722000 -0.122683000 0.005333760 -0.606027969 -0.655524997 0.177412576 -0.414176119
44.201700000 0.269553000 -0.101754000 -0.004456150 -0.288978818 -0.142373055 -0.825794957 0.462908031
44.303700000 0.288457000 -0.076183000 -0.011526800 0.409644401 -0.468381733 0.696225218 0.357883309
44.401200000 0.296363000 -0.049882600 -0.017162200 0.665386714 0.590384885 -0.456843744 -0.000033877
44.501200000 0.299811000 -0.017448400 -0.010195200 -0.795721974 -0.181337753 0.541843664 -0.200869617
44.601100000 0.301367000 0.014298900 0.004356600 0.659521350 -0.112762182 -0.703091294 -0.240788103
44.701600000 0.308048000 0.045511400 0.017988400 -0.335855225 0.518977117 0.147776884 0.772027209
44.801100000 0.313132000 0.071351700 0.029322300 -0.148843672 -0.598796220 0.494856986 -0.611886601
44.902100000 0.320623000 0.097639000 0.037308000 0.537127726 0.155587593 -0.820398476 -0.119300659
45.001200000 0.332132000 0.103826000 0.038377800 -0.256254706 0.354626904 0.184811786 0.880010164
45.101900000 0.334414000 0.094115000 0.041152400 -0.141084608 0.128672652 0.544673607 0.816620563
45.201600000 0.329431000 0.085475400 0.037457300 -0.192319979 0.021831158 0.538210613 0.820283952
45.302200000 0.324742000 0.076385000 0.034999700 -0.116547486 -0.274028541 0.687424227 0.662399407
45.401200000 0.321910000 0.074342100 0.030471000 -0.093553636 -0.332099433 0.539478332 0.768063027
45.503300000 0.319474000 0.075508100 0.027959800 -0.204995373 -0.429031551 0.422793331 0.771462653
45.601200000 0.319556000 0.075150100 0.028393700 -0.213310053 -0.461368585 0.428733637 0.746877044
45.701800000 0.319302000 0.077918200 0.031626800 -0.188088292 -0.461653170 0.407013521 0.765401293
45.801200000 0.317608000 0.083004500 0.032384900 -0.153355067 -0.456366114 0.388673654 0.785585759
45.901200000 0.316069000 0.086763800 0.032883300 -0.221529557 -0.490566266 0.337447077 0.772268648
46.001200000 0.312102000 0.086875100 0.031768600 -0.242750022 -0.509413575 0.295375883 0.770923683
46.102300000 0.307582000 0.086697100 0.030859600 -0.226181839 -0.506147549 0.274212304 0.785788805
46.201700000 0.303099000 0.088497000 0.029984200 -0.232383981 -0.501512929 0.255606936 0.793188226
46.301300000 0.299636000 0.089789200 0.029474800 -0.209297256 -0.475860482 0.279864971 0.807110314
46.401300000 0.296091000 0.090082700 0.030428100 -0.226875861 -0.476644712 0.268837724 0.805644736
46.501300000 0.293717000 0.088494200 0.030214600 -0.268923677 -0.471212298 0.239599707 0.805127944
46.601300000 0.294400000 0.087843200 0.031727200 -0.288501233 -0.450469541 0.238798036 0.810444156
46.701800000 0.294694000 0.085463700 0.031627300 -0.292341934 -0.465800279 0.234004104 0.801753312
46.801300000 0.296733000 0.083598400 0.032772600 -0.308637458 -0.463731464 0.221359565 0.800434877
46.901300000 0.299390000 0.082840200 0.033276900 -0.321582810 -0.476034574 0.204196470 0.792640765
47.001300000 0.303356000 0.083461200 0.033189300 -0.295675155 -0.471807809 0.194194567 0.807627429
47.101300000 0.307265000 0.085536200 0.035048800 -0.293431469 -0.485585261 0.160451131 0.807688283
47.201700000 0.309775000 0.087113600 0.035236100 -0.286450524 -0.506522991 0.141601567 0.800830540
47.301200000 0.311694000 0.090455000 0.035364300 -0.301704059 -0.497763595 0.120153074 0.804219686
47.401200000 0.312693000 0.091106300 0.035824300 -0.301627032 -0.527395952 0.076311696 0.790601776
47.502100000 0.313100000 0.093545200 0.035750600 -0.330050189 -0.529706825 0.041129986 0.780247317
47.601300000 0.312366000 0.094231200 0.037503000 -0.382058526 -0.537865071 -0.005633577 0.751465708
47.701300000 0.312213000 0.092844300 0.038056900 -0.437013932 -0.543264260 -0.070336877 0.713397148
47.801200000 0.312146000 0.091018200 0.039585700 -0.484801679 -0.531022827 -0.134338683 0.681861575
47.901300000 0.311744000 0.089172300 0.039013300 -0.517141451 -0.520051273 -0.179757348 0.655590336
48.001300000 0.311404000 0.087498200 0.038729300 -0.514647113 -0.513423145 -0.179226945 0.662882136
48.102900000 0.310627000 0.086962300 0.036183100 -0.514061609 -0.525953339 -0.173760392 0.654920662
48.201800000 0.308952000 0.084446900 0.035340800 -0.512634549 -0.524364764 -0.189190317 0.653034790
48.301700000 0.305772000 0.083891400 0.033265700 -0.525808691 -0.512935554 -0.181546485 0.653806708
48.401300000 0.302982000 0.081571200 0.031772000 -0.521205197 -0.512384502 -0.171883049 0.660502447
48.502200000 0.300486000 0.079476500 0.030281600 -0.521867446 -0.517529097 -0.165344341 0.657631548
48.601300000 0.298715000 0.079575600 0.030559100 -0.542358948 -0.504493614 -0.165037899 0.651226118
48.702000000 0.297174000 0.079863400 0.031585200 -0.557822180 -0.490243516 -0.158586522 0.650650463
48.801300000 0.295915000 0.078705800 0.030334400 -0.574133824 -0.484226137 -0.164694412 0.639352134
48.901900000 0.295031000 0.078802100 0.030646200 -0.556519136 -0.492777190 -0.150370209 0.651802034
49.001300000 0.295116000 0.077410400 0.030314700 -0.570550215 -0.482813246 -0.146171183 0.648072378
49.101300000 0.296403000 0.079259500 0.030682700 -0.548247958 -0.505921762 -0.141787223 0.650664069
49.201800000 0.297702000 0.080652600 0.032098700 -0.570887087 -0.488722364 -0.159132988 0.640246106
49.301300000 0.299959000 0.081026700 0.032972200 -0.546475540 -0.499016622 -0.149087800 0.655835134
49.401300000 0.302771000 0.083345900 0.033784300 -0.552993550 -0.498222738 -0.162789212 0.647666512
49.501300000 0.305588000 0.082804800 0.034026100 -0.527586913 -0.514822025 -0.166541780 0.654884851
49.601300000 0.308561000 0.083140400 0.035159200 -0.536881953 -0.508513132 -0.176813286 0.649545399
49.702000000 0.309441000 0.083886600 0.035797600 -0.536427962 -0.513787388 -0.184941607 0.643478177
49.801300000 0.309793000 0.083760400 0.037703500 -0.544676039 -0.507624273 -0.177887721 0.643429537
49.901300000 0.309520000 0.084458000 0.038989000 -0.535782474 -0.510432985 -0.177613298 0.648728622
50.001300000 0.319429000 0.089628300 0.048429000 -0.542401881 -0.509046163 -0.179310310 0.643832289
50.102300000 0.353777000 0.102848000 0.071048000 0.208957720 -0.690628212 0.016786221 0.692161518
50.201800000 0.413166000 0.124612000 0.069434600 0.762858949 0.159902481 0.407556944 0.475788564
50.302900000 0.491491000 0.154915000 0.069662900 0.366479259 0.535089878 0.279431470 -0.708018240
50.401300000 0.574753000 0.174863000 0.083053200 0.020098679 0.462419538 -0.837380056 -0.290790056
50.501400000 0.657194000 0.189644000 0.092297000 -0.402532892 0.663452760 -0.621188166 -0.109192346
50.601300000 0.746354000 0.206852000 0.087911700 -0.536926182 0.699409763 -0.456544305 -0.118758396
50.701300000 0.835385000 0.232012000 0.068235500 -0.669496024 0.701703215 -0.047531661 0.239015507
50.801200000 0.917089000 0.262821000 0.059021300 -0.803309231 0.528083473 0.105628967 0.254292443
50.901300000 0.978051000 0.291397000 0.060824300 -0.991256316 0.106387081 0.067713922 -0.038826919
51.001400000 1.048580000 0.316154000 0.066450800 -0.721991597 -0.161055105 0.042406561 0.671558688
51.101200000 1.115270000 0.334202000 0.093017100 -0.624549876 -0.345591511 -0.339059913 0.612815090
51.201700000 1.182880000 0.366849000 0.103617000 -0.948742529 -0.146653857 -0.120050505 0.252919230
51.303400000 1.264300000 0.399196000 0.103979000 -0.530088559 -0.731547702 0.188271347 -0.385224582
51.401500000 1.340210000 0.432713000 0.122220000 -0.220338287 -0.755224568 0.257064896 -0.561252644
51.501300000 1.415840000 0.463863000 0.132019000 0.498343419 -0.542752069 0.390708254 -0.551743680
51.601500000 1.493000000 0.501778000 0.131654000 0.768846852 -0.058532029 0.175113543 -0.612195857
51.701600000 1.568050000 0.532302000 0.132166000 0.871661971 0.347137199 0.195393805 -0.285521338
51.801400000 1.641030000 0.568572000 0.130426000 0.737645152 0.667311755 -0.041022655 -0.094296305
51.901700000 1.720230000 0.606798000 0.124860000 0.378344357 0.882539139 0.252503669 0.119256498
52.001400000 1.791650000 0.647007000 0.132083000 -0.066770579 0.989031502 -0.027833414 0.128777635
52.101300000 1.863080000 0.689722000 0.127366000 -0.469637418 0.766307373 -0.405119269 -0.167606928
52.201700000 1.932250000 0.728362000 0.133451000 -0.563324222 0.703663308 -0.181124680 -0.393341609
52.301300000 1.999320000 0.774132000 0.137952000 -0.580082166 0.629400837 0.069355746 -0.512395402
52.401400000 2.069190000 0.814024000 0.136523000 -0.787970108 0.261154143 0.168313060 -0.531575334
52.502000000 2.141580000 0.849477000 0.142394000 -0.808759694 0.135980976 -0.236036256 -0.521252163
52.601400000 2.213140000 0.874625000 0.161288000 -0.532576945 -0.590448596 -0.026231823 -0.605841683
52.701500000 2.283970000 0.900892000 0.177200000 -0.922164089 -0.326677117 -0.168489284 0.120444242
52.801300000 2.352970000 0.924744000 0.200225000 -0.872458270 -0.085731881 -0.481104467 0.002259243
52.901800000 2.424250000 0.950980000 0.204070000 -0.651637154 0.590164587 0.107199472 -0.464309222
53.001400000 2.502950000 0.981407000 0.199940000 -0.339437420 0.771849835 0.500751096 -0.195648689
53.101300000 2.580840000 1.018460000 0.204719000 0.018022827 0.966991073 0.171954139 -0.187176963
53.201600000 2.652140000 1.050880000 0.216624000 -0.226706875 0.949616783 0.199204204 0.084555568
53.301500000 2.725950000 1.086580000 0.217402000 0.216150846 0.908118774 -0.238249663 -0.268022765
53.401500000 2.792870000 1.114680000 0.224372000 0.224425400 0.773493496 -0.085879949 -0.586485879
53.501400000 2.856220000 1.148290000 0.222222000 0.880395338 0.416280943 0.155958164 -0.165200714
53.601300000 2.931720000 1.186750000 0.214404000 0.922627447 -0.186143662 0.211242657 0.263601347
53.701500000 2.998700000 1.221940000 0.224542000 0.866667387 -0.393256898 0.041265582 -0.304193696
53.801300000 3.071680000 1.240510000 0.236731000 0.947087928 -0.168199735 0.108461254 -0.250937168
53.901600000 3.149700000 1.265350000 0.252536000 0.705464185 -0.548116018 0.379944430 -0.239856925
54.001600000 3.226910000 1.286960000 0.263437000 0.405471714 -0.871405283 0.077079776 0.265149448
54.101400000 3.311700000 1.312900000 0.263065000 0.007978226 -0.997960462 0.002480370 0.063285961
54.201800000 3.406810000 1.337400000 0.262075000 -0.381424496 -0.885251271 -0.265612083 0.017197738
54.301800000 3.491170000 1.363490000 0.278240000 -0.452840542 -0.881789401 0.013620990 -0.131138726
54.401400000 3.580390000 1.380000000 0.283728000 -0.391522992 -0.819959468 0.233390959 0.346272836
54.501900000 3.662940000 1.396220000 0.288403000 -0.623578057 -0.627410364 -0.156557963 0.439313380
54.601500000 3.738460000 1.423650000 0.288782000 -0.932038509 -0.112019236 -0.337802997 0.068154551
54.705000000 3.811220000 1.440650000 0.282347000 -0.944388658 0.209171676 -0.114902519 0.226218222
54.802400000 3.884840000 1.455060000 0.282811000 -0.766855705 0.477897230 -0.322917047 0.281551318
54.901400000 3.947020000 1.465050000 0.295878000 -0.745525147 0.582310929 -0.026840648 0.323087940
55.001500000 4.014320000 1.475240000 0.305889000 -0.453992968 0.261743513 -0.675654506 0.518528405
55.102800000 4.073820000 1.485960000 0.324683000 -0.508349608 0.661477325 -0.550776333 -0.025958736
55.201800000 4.134090000 1.494480000 0.332380000 0.045243529 0.917465763 -0.272475362 -0.286298400
55.301500000 4.203250000 1.500370000 0.332062000 0.534751948 0.828919292 -0.075932389 -0.145490322
55.401400000 4.277660000 1.503930000 0.337001000 0.697375542 0.562539492 -0.023607662 -0.443462909
55.501400000 4.350900000 1.509400000 0.352720000 0.816007501 0.481371210 -0.316816931 -0.045172438
55.601600000 4.435190000 1.513700000 0.359951000 0.572351235 0.193763012 -0.243364624 -0.758711816
55.701300000 4.526960000 1.509480000 0.384885000 0.709163678 0.346562325 0.262163229 -0.555204353
55.801400000 4.621720000 1.507810000 0.390870000 0.790879233 -0.351708765 0.308445731 -0.394553183
55.901500000 4.727590000 1.518540000 0.383865000 0.576727681 -0.734816969 0.129051973 -0.332828472
56.001500000 4.818550000 1.536210000 0.386182000 0.146310634 -0.721049830 0.457998159 -0.498916853
56.101600000 4.905650000 1.551590000 0.389831000 0.478017770 -0.664582342 0.337934943 -0.464359018
56.202100000 4.988950000 1.566740000 0.386754000 0.039420000 -0.344971704 0.810184816 -0.472272327
56.301600000 5.057990000 1.570010000 0.396251000 0.353965481 -0.164100320 0.891194041 -0.231414573
56.401600000 5.118970000 1.577560000 0.394915000 -0.081896094 -0.714421640 0.692509722 0.057663124
56.502600000 5.181650000 1.582560000 0.383132000 -0.541497751 -0.755964477 0.367351948 -0.018720073
56.601700000 5.223500000 1.584200000 0.390792000 -0.685549897 -0.312425139 0.650299684 -0.097581720
56.701300000 5.255610000 1.584420000 0.396574000 -0.537843087 -0.662280324 0.499604428 0.150016672
56.801500000 5.290690000 1.583490000 0.389380000 -0.445937843 -0.009511993 0.785479007 0.429035770
56.901600000 5.315140000 1.573040000 0.405073000 -0.455611010 0.184020674 0.767081046 0.412482326
57.001700000 5.344810000 1.566900000 0.415081000 -0.709870341 -0.337859745 0.268011077 0.556870680
57.101500000 5.378920000 1.560590000 0.414784000 -0.661583544 -0.178895425 0.344275666 0.641699235
57.202000000 5.422260000 1.558180000 0.410017000 -0.882289745 0.073243807 0.178251061 0.429449310
57.301900000 5.469760000 1.561960000 0.413278000 -0.667023548 0.377430205 0.374866934 0.521632829
57.401500000 5.508900000 1.563930000 0.422205000 -0.974712690 0.197956695 0.071183028 0.075374370
57.501400000 5.551960000 1.567590000 0.430572000 -0.475605548 0.068111594 -0.127774892 0.867659928
57.601600000 5.595960000 1.578140000 0.435080000 0.077445653 -0.014315405 0.032113920 0.996376403
57.701500000 5.637050000 1.584930000 0.443638000 0.414898179 -0.104990742 0.095696465 0.898709426
57.801600000 5.678380000 1.597400000 0.445990000 -0.334469031 -0.262491577 -0.420206118 0.801657943
57.901500000 5.711270000 1.613630000 0.444485000 -0.649178893 -0.034144324 -0.575980375 0.495628427
58.001600000 5.731340000 1.628880000 0.446696000 -0.064733047 -0.017464144 0.393106061 0.917045397
58.101500000 5.740510000 1.594300000 0.447308000 -0.163851756 -0.784211811 0.472929217 0.366745680
58.202000000 5.743240000 1.568580000 0.444853000 -0.286277857 0.006958354 -0.958121096 0.000731985
58.301600000 5.739270000 1.599790000 0.441186000 -0.114093888 0.111855794 -0.554286457 -0.816846001
58.401500000 5.724360000 1.618240000 0.428162000 -0.165391852 -0.342265032 0.054189684 0.923343739
58.501600000 5.709920000 1.592120000 0.426670000 0.136693580 -0.121990814 0.610184291 0.770784170
58.601500000 5.688930000 1.558120000 0.441729000 0.093631848 -0.162735282 -0.878797046 -0.438709536
58.701500000 5.671310000 1.543590000 0.449952000 -0.105296053 0.063992225 0.950798799 -0.284252319
58.801700000 5.657540000 1.561170000 0.452382000 -0.035727642 0.226980433 0.879986150 0.415725624
58.901600000 5.636910000 1.538220000 0.456217000 -0.060373963 -0.379997216 0.494500827 -0.779375412
59.001500000 5.620890000 1.497830000 0.469123000 -0.053368462 0.412004692 -0.045064610 0.908500480
59.101600000 5.607670000 1.470770000 0.471087000 0.453230710 0.077331168 -0.643402882 -0.612073971
59.202100000 5.598280000 1.446260000 0.463071000 -0.187160225 -0.666526490 0.721380329 -0.017997484
59.302900000 5.587630000 1.412140000 0.442448000 -0.127385824 0.724350888 -0.289976983 0.612374061
59.401400000 5.577690000 1.373090000 0.440372000 -0.553000293 -0.717714808 0.423154103 -0.004090856
59.501600000 5.584080000 1.362590000 0.440036000 0.563820871 0.271514768 -0.759297087 -0.178476020
59.601800000 5.588000000 1.355140000 0.434747000 -0.188025332 -0.577764598 0.640017915 -0.470331386
59.701500000 5.592820000 1.352720000 0.435620000 -0.563125224 0.651247996 -0.351274049 0.367930118
59.801600000 5.598680000 1.354920000 0.440168000 0.353468511 -0.281732956 0.265758377 -0.851503986
59.901600000 5.611090000 1.367730000 0.441974000 -0.673128975 0.236104705 0.050906079 0.698971045
60.001600000 5.620380000 1.374220000 0.442985000 0.876126217 0.079069004 -0.230535256 -0.415938025
60.102300000 5.620880000 1.376690000 0.435225000 -0.685073706 -0.597443815 0.134387740 0.394556511
60.202000000 5.611770000 1.364580000 0.436048000 -0.611510221 0.543191812 -0.176740474 -0.547504073
60.301700000 5.613020000 1.359890000 0.441733000 0.812656306 -0.355248034 0.427351141 0.175384049
60.401600000 5.604410000 1.357280000 0.451713000 -0.886009260 -0.434173387 0.016278564 -0.161913775
60.501500000 5.588660000 1.354490000 0.459016000 0.169874271 0.719945740 0.260403719 0.620492357
60.601700000 5.571440000 1.348340000 0.452367000 -0.172685682 -0.870189338 -0.451026583 -0.097597089
60.702100000 5.545560000 1.348550000 0.454372000 -0.198131458 0.263771601 0.891496945 -0.310486174
60.801600000 5.516490000 1.347050000 0.448215000 -0.078918087 0.029281501 -0.606540960 0.790583704
60.902900000 5.468400000 1.354070000 0.429977000 0.112081768 -0.242762798 -0.052143606 -0.962177190
61.001600000 5.420490000 1.362090000 0.429247000 0.209210848 0.450775255 -0.787120548 0.365340571
61.101600000 5.377720000 1.365000000 0.427706000 -0.188554634 -0.425622121 0.718288932 -0.517062830
61.202000000 5.332170000 1.370880000 0.425393000 -0.663076156 0.482758897 0.117545279 0.559872276
61.301500000 5.288780000 1.381090000 0.425129000 0.925642775 -0.028010205 -0.327207996 -0.187978212
61.401700000 5.254660000 1.395700000 0.416305000 -0.716719065 -0.373481721 0.524754262 -0.267316574
61.501700000 5.226960000 1.408930000 0.400002000 -0.288339622 0.647815104 0.091533097 0.699154879
61.601600000 5.208520000 1.427490000 0.379739000 0.832095773 -0.069866880 -0.518291564 -0.184686486
61.701500000 5.187110000 1.459680000 0.362438000 -0.602390341 -0.052031588 0.724954141 -0.329939515
61.801700000 5.178400000 1.470070000 0.362805000 0.673443872 -0.524100986 -0.511529810 -0.100641745
61.902100000 5.176570000 1.483620000 0.368635000 -0.600298616 -0.298806175 0.493974491 -0.553484998
62.001700000 5.183300000 1.499980000 0.376674000 0.133411032 0.433506768 0.151915720 0.878177085
62.101700000 5.195260000 1.520470000 0.388190000 0.224381950 -0.631126265 -0.353450861 -0.652996835
62.202200000 5.211360000 1.548030000 0.397559000 0.345155245 0.691181512 -0.202698723 0.601705245
62.303100000 5.230970000 1.574120000 0.409136000 0.272517687 -0.621792785 -0.633420411 -0.371330614
62.401600000 5.251770000 1.594620000 0.418459000 -0.381763914 0.119363453 0.822295176 -0.404770706
62.502100000 5.261770000 1.575080000 0.428925000 0.438564183 0.657093086 0.225555304 0.570100814
62.601800000 5.258930000 1.581680000 0.424317000 -0.727949580 0.540152679 0.109943703 0.407721564
62.701800000 5.261220000 1.573050000 0.426694000 -0.524494650 0.463898890 -0.076663677 0.709806919
62.801700000 5.256640000 1.568130000 0.429900000 -0.510780260 0.401180494 0.093686942 0.754573054
62.902000000 5.249350000 1.560190000 0.433118000 -0.532941818 0.364532235 0.174739254 0.743340743
63.001700000 5.239160000 1.557870000 0.432110000 -0.612688177 0.233092119 0.321546784 0.683292710
63.102100000 5.228560000 1.554710000 0.427271000 -0.606899420 0.126984504 0.444696085 0.646369415
63.202100000 5.218950000 1.550650000 0.425634000 -0.591831560 0.088701612 0.540798005 0.591104853
63.301700000 5.210180000 1.545990000 0.424929000 -0.594304308 0.021422619 0.607469271 0.526616127
63.401700000 5.202860000 1.540720000 0.424786000 -0.582046680 -0.018188750 0.664728418 0.468003166
63.501700000 5.198590000 1.536630000 0.422471000 -0.578984397 -0.139106461 0.698229107 0.397369570
63.601800000 5.199660000 1.534460000 0.419510000 -0.562487467 -0.217261079 0.732428478 0.316155020
63.701800000 5.203090000 1.534110000 0.414902000 -0.544478270 -0.327586593 0.749085649 0.187352951
63.801800000 5.208570000 1.531410000 0.411203000 -0.506941304 -0.428151041 0.739320089 0.114468368
63.901700000 5.216450000 1.531490000 0.410757000 -0.458666417 -0.464818143 0.756759666 0.029732475
64.001800000 5.225060000 1.529210000 0.411514000 -0.443289896 -0.499260842 0.743042617 -0.046047241
64.103800000 5.233470000 1.530010000 0.410633000 -0.397730081 -0.555185383 0.719256576 -0.127475296
64.202200000 5.242050000 1.532390000 0.414696000 -0.351788701 -0.616599960 0.645234606 -0.282349963
64.303100000 5.245250000 1.534730000 0.418145000 -0.307117101 -0.651321250 0.589659978 -0.365733271
64.401700000 5.245640000 1.538080000 0.423922000 -0.284455850 -0.653877273 0.550258179 -0.434448291
64.501700000 5.242630000 1.540310000 0.428276000 -0.229604762 -0.689225634 0.499461971 -0.472003621
64.601700000 5.237780000 1.542040000 0.430573000 -0.171642469 -0.718573062 0.445241914 -0.505916254
64.702000000 5.231990000 1.542740000 0.432966000 -0.122224392 -0.735326863 0.386318305 -0.543243748
64.801700000 5.226340000 1.540840000 0.431370000 -0.108380401 -0.743330016 0.375203184 -0.543080792
64.901700000 5.223100000 1.535730000 0.428443000 -0.097331753 -0.741882506 0.360369239 -0.557019648
65.001700000 5.220900000 1.529660000 0.424595000 -0.116216293 -0.727724603 0.367266223 -0.567473521
65.102200000 5.220680000 1.526090000 0.421016000 -0.081203835 -0.746888362 0.330308744 -0.571366647
65.202300000 5.223540000 1.524700000 0.417293000 -0.063346115 -0.741095082 0.338316510 -0.576461004
65.301700000 5.226760000 1.522270000 0.415408000 -0.020483770 -0.749963062 0.343645291 -0.564839565
65.401700000 5.228850000 1.521490000 0.415747000 0.050281368 -0.763665646 0.311672515 -0.563157890
65.501700000 5.228520000 1.522970000 0.418641000 0.071455499 -0.739832895 0.343631132 -0.573985230
65.601800000 5.226280000 1.523600000 0.423423000 0.097883939 -0.744746310 0.329662939 -0.571921337
65.702100000 5.223200000 1.524400000 0.425274000 0.083654297 -0.735785326 0.356869553 -0.569443619
65.801800000 5.219380000 1.525840000 0.428699000 0.092723193 -0.743150464 0.317752141 -0.581518163
65.901800000 5.216330000 1.526510000 0.430303000 0.089606974 -0.745661413 0.304670997 -0.585777459
66.001800000 5.215030000 1.526480000 0.428820000 0.097034586 -0.752062219 0.303624649 -0.576887147
66.101800000 5.216780000 1.526150000 0.425030000 0.118347162 -0.753473619 0.313806711 -0.565505793
66.202200000 5.220640000 1.524990000 0.420082000 0.095361994 -0.750814004 0.333891046 -0.561872931
66.301900000 5.225300000 1.523980000 0.417310000 0.101046705 -0.748253910 0.331850811 -0.565491546
66.401800000 5.231100000 1.525470000 0.413155000 0.125174971 -0.746124568 0.340829520 -0.558090130
66.501800000 5.234840000 1.526890000 0.411468000 0.140925783 -0.749723347 0.322355793 -0.560483335
66.601800000 5.235770000 1.528380000 0.413278000 0.133814624 -0.744408502 0.306561153 -0.577901279
66.703100000 5.234780000 1.528850000 0.416989000 0.149909399 -0.747705674 0.302907686 -0.571585804
66.801800000 5.231860000 1.529030000 0.422615000 0.155833932 -0.749760699 0.280706201 -0.578600647
66.901800000 5.226920000 1.528060000 0.428303000 0.141046669 -0.745039373 0.300432801 -0.578586469
67.001800000 5.221190000 1.527610000 0.431538000 0.122198246 -0.731717774 0.317721276 -0.590516621
67.101800000 5.216040000 1.525000000 0.434037000 0.109220781 -0.739733136 0.303975585 -0.590308862
67.202200000 5.212960000 1.523040000 0.433397000 0.117547393 -0.740506086 0.303297335 -0.588085090
67.301800000 5.204960000 1.530680000 0.431752000 0.100480899 -0.737600975 0.316716358 -0.587825773
67.401800000 5.174910000 1.550440000 0.409646000 -0.486715038 -0.559428686 0.670210814 -0.031072211
67.503900000 5.130200000 1.576520000 0.390997000 -0.321213066 0.429537164 0.690512254 0.485296628
67.601800000 5.068010000 1.610320000 0.377664000 0.242184567 0.269258123 -0.419674136 0.832298215
67.701700000 5.006030000 1.649570000 0.382971000 0.345914406 0.165356586 -0.922273729 -0.049107953
67.801800000 4.935820000 1.687430000 0.379295000 -0.149057645 -0.701797927 0.201217572 -0.666913021
67.901900000 4.865500000 1.717860000 0.378499000 -0.652560271 -0.611722256 0.284214328 -0.345229186
68.001700000 4.794170000 1.739910000 0.389277000 -0.463656572 -0.572868025 0.360437684 -0.571777478
68.101700000 4.730690000 1.743960000 0.374268000 0.228101158 -0.574664856 0.045323990 -0.784650177
68.202100000 4.691010000 1.728320000 0.361747000 -0.070501066 0.673257620 -0.571920512 -0.463314908
68.301800000 4.674940000 1.702500000 0.365685000 -0.428681788 -0.520290568 -0.277284106 0.684575178
68.401800000 4.671800000 1.674120000 0.375345000 0.421712967 0.084795324 0.832211419 -0.349845796
68.501800000 4.672670000 1.646380000 0.380546000 -0.297588726 -0.264671875 -0.807988982 -0.434216022
68.601900000 4.671920000 1.629320000 0.377318000 0.768275891 0.285388831 -0.133158041 0.557291940
68.703300000 4.674260000 1.612980000 0.373872000 -0.297637414 -0.847646724 0.164250016 -0.407343754
68.801800000 4.677600000 1.602780000 0.369312000 0.654160858 -0.343021091 -0.544198244 -0.397817011
68.902500000 4.667930000 1.603110000 0.352842000 0.535151642 0.444262792 -0.525977525 0.489480270
69.001800000 4.644690000 1.599630000 0.335602000 0.222992894 0.477634101 -0.837239459 -0.145498878
69.101900000 4.594910000 1.604980000 0.328575000 -0.539707338 0.071052096 -0.795243094 -0.266938215
69.202500000 4.531050000 1.608640000 0.345617000 0.347031651 0.592804678 0.225731777 -0.690794334
69.301800000 4.462290000 1.610890000 0.357806000 0.183725576 -0.078359010 -0.970810943 0.132781368
69.401700000 4.377510000 1.634610000 0.348663000 0.086556189 -0.855261620 -0.505033375 -0.077310265
69.503800000 4.300940000 1.656420000 0.346052000 0.561601343 0.553458457 -0.308750717 0.531940469
69.601800000 4.218450000 1.699390000 0.341189000 0.145946639 -0.637188702 -0.312231558 -0.689348672
69.702500000 4.139410000 1.724170000 0.333429000 -0.884730089 -0.288235433 0.356514407 0.084086160
69.802300000 4.070650000 1.735770000 0.332145000 -0.357462802 0.570173811 0.390716943 0.628062449
69.901900000 3.995170000 1.737140000 0.316545000 0.310504564 0.850721030 0.035457503 0.422614967
70.001800000 3.917180000 1.723640000 0.301857000 0.897476289 0.254868682 -0.105361689 0.344205141
70.102000000 3.831600000 1.715460000 0.301136000 0.694554359 0.134586873 -0.693577137 0.135762189
70.202400000 3.743860000 1.704570000 0.286997000 0.765626624 -0.234070315 -0.578279887 -0.156905493
70.302400000 3.659860000 1.716330000 0.287650000 0.629125630 0.429553539 -0.418870024 0.494198950
70.401800000 3.596270000 1.712260000 0.295616000 0.350557974 0.497716002 -0.478943848 0.632456069
70.502000000 3.519330000 1.736570000 0.286299000 0.136663255 0.424347157 0.676004837 0.586745349
70.601800000 3.436950000 1.747020000 0.273730000 -0.415109316 0.331098645 0.733709935 0.423943009
70.701900000 3.357670000 1.759100000 0.273079000 -0.668608647 0.189487897 0.696423442 0.179028500
70.801800000 3.281120000 1.794800000 0.255861000 -0.540601011 -0.576707240 0.570874001 -0.221950853
70.901800000 3.203380000 1.850610000 0.255508000 -0.388318413 -0.610600977 0.319566828 -0.611761636
71.001900000 3.137370000 1.930870000 0.243259000 -0.335206445 0.459638950 0.796007355 0.206738883
71.101800000 3.087880000 2.007570000 0.221446000 0.634872143 -0.048656338 -0.767246599 0.076828245
71.202600000 3.056520000 2.066150000 0.230803000 -0.821032195 -0.360039794 0.437503684 -0.069771111
71.301700000 3.041030000 2.122860000 0.246807000 0.464326217 0.081387738 -0.495942147 0.729258930
71.402000000 3.023610000 2.184210000 0.237001000 -0.878509257 0.134224394 0.390985507 -0.239448598
71.501900000 2.992070000 2.236740000 0.244825000 0.854179967 -0.085021142 -0.382862241 0.341415426
71.602100000 2.960390000 2.299190000 0.239735000 -0.094669499 0.444179012 -0.052376328 -0.889381477
71.702000000 2.925600000 2.353230000 0.229007000 -0.197119029 -0.254061837 0.225685220 0.919599289
71.801900000 2.873040000 2.409570000 0.211406000 -0.407870048 0.573326357 -0.415855726 -0.576196952
71.902000000 2.812230000 2.453830000 0.221135000 0.164933304 0.170778532 0.343449659 -0.908666072
72.001900000 2.759710000 2.490090000 0.227812000 0.011456293 0.700342039 -0.238620478 -0.672644073
72.102000000 2.697880000 2.524840000 0.219253000 0.711119533 0.372985588 -0.369254068 -0.467805722
72.202200000 2.635320000 2.522370000 0.206366000 -0.175080490 0.176061039 0.291106754 -0.923908107
72.302000000 2.607200000 2.506880000 0.216119000 0.353340721 0.669627440 -0.589634799 0.281212074
72.401900000 2.606580000 2.494250000 0.227037000 -0.591212096 -0.420062047 0.244536354 -0.643597783
72.502000000 2.597980000 2.495690000 0.218792000 0.049979354 -0.265402307 -0.956707903 0.108506536
72.601900000 2.588350000 2.486850000 0.219507000 -0.401131276 0.498980580 0.524587819 0.561177068
72.701800000 2.578610000 2.522470000 0.237263000 0.310085806 -0.276290127 -0.458415700 -0.785726164
72.801900000 2.555600000 2.584080000 0.249120000 -0.599157459 0.180186289 0.106582370 -0.772776449
72.902000000 2.508890000 2.653110000 0.241926000 0.081978343 0.728799894 0.017729069 -0.679570413
73.002100000 2.463330000 2.728730000 0.237234000 0.389950525 -0.859477546 -0.032198170 0.328938008
73.101800000 2.438820000 2.802250000 0.227223000 0.701997954 0.520191669 0.407987355 -0.264850558
73.202400000 2.433380000 2.871400000 0.211260000 -0.632965498 -0.530871317 -0.461276363 0.323657906
73.301900000 2.429080000 2.937160000 0.194013000 0.663771064 0.450909502 0.476957204 -0.358609010
73.401900000 2.425250000 3.003340000 0.199086000 0.298092885 -0.492326489 0.017519438 0.817586895
73.501900000 2.428100000 3.072020000 0.214992000 -0.532136163 0.676498131 0.019203552 -0.508736283
73.601900000 2.444580000 3.160640000 0.224166000 -0.092674369 0.298601226 -0.889831476 -0.332338252
73.702100000 2.440130000 3.256620000 0.220282000 -0.329045767 -0.461264486 0.159699292 -0.808368786
73.801900000 2.423540000 3.352500000 0.226458000 0.647694931 -0.515200211 0.488544138 -0.276377718
73.902300000 2.396880000 3.445360000 0.220764000 0.529007900 -0.276031099 0.792774581 -0.124362120
74.002000000 2.364410000 3.545460000 0.207871000 0.254275300 -0.601347578 0.672708455 -0.348121382
74.101900000 2.337680000 3.640010000 0.199455000 0.557916917 -0.470810573 0.574257937 -0.370531967
74.202500000 2.318640000 3.734010000 0.187320000 0.335376036 -0.073438820 0.632452342 -0.694358473
74.301800000 2.306660000 3.832460000 0.191501000 0.472421915 -0.827542622 0.300526796 -0.040919284
74.401900000 2.300070000 3.920470000 0.191502000 -0.113503212 -0.951003153 -0.284562283 -0.041645288
74.502000000 2.295820000 4.015990000 0.182034000 -0.628141636 -0.686608070 -0.350975755 0.104035874
74.601900000 2.290280000 4.113340000 0.188078000 -0.647339050 -0.678786812 -0.096987842 0.332857293
74.707800000 2.294830000 4.198520000 0.201734000 -0.595090529 -0.790283388 -0.140413602 0.040043094
74.802200000 2.297910000 4.285260000 0.208117000 -0.824461110 -0.165845105 0.065809652 0.537055275
74.902200000 2.311830000 4.358460000 0.228007000 -0.585329220 0.541245435 0.338597152 0.499795010
75.001900000 2.329410000 4.421600000 0.233310000 0.048290627 0.939280998 0.266574387 0.210611770
75.102000000 2.329940000 4.498200000 0.219424000 0.727113556 0.462656086 0.051770479 0.504554298
75.202400000 2.324630000 4.562590000 0.222711000 0.948198049 0.303830277 -0.044887658 0.081195566
75.301900000 2.304170000 4.620740000 0.223848000 0.664432657 0.739689706 0.068563072 0.081777060
75.402100000 2.267940000 4.681780000 0.210022000 -0.024667060 0.937706857 -0.156058138 0.309424053
75.502200000 2.208780000 4.728900000 0.206023000 -0.905841793 0.345494173 0.237207036 0.061783857
75.602100000 2.143780000 4.766990000 0.199431000 -0.570048847 -0.733230702 -0.354608413 -0.108027416
75.702900000 2.089430000 4.806920000 0.187509000 0.531653766 -0.240956004 -0.434912712 0.685664210
75.802000000 2.049750000 4.830880000 0.195781000 0.488793691 0.787457722 0.318945634 -0.198153339
75.901900000 2.038550000 4.860830000 0.189009000 -0.714516507 0.687040519 -0.113969154 0.066727195
76.002100000 2.042410000 4.875830000 0.186323000 0.015976708 0.960784822 -0.069367347 -0.268002689
76.102200000 2.078710000 4.872010000 0.176515000 0.628036795 0.425518399 0.288688821 -0.584091296
76.202500000 2.105580000 4.853320000 0.185889000 -0.568997041 -0.546289200 -0.416952818 0.451620221
76.302500000 2.128290000 4.843990000 0.197011000 -0.813658985 0.432032415 -0.364642478 -0.135436007
76.402000000 2.157220000 4.836730000 0.204199000 0.249667942 0.892037800 0.204744865 -0.316249937
76.502100000 2.194070000 4.831680000 0.214661000 -0.001228313 -0.756012492 -0.622129403 -0.203466482
76.602800000 2.224380000 4.826250000 0.220874000 -0.540028745 -0.238259132 0.728205016 -0.348308765
76.702100000 2.261090000 4.822220000 0.220735000 -0.611296689 0.309673560 0.644243037 0.339660938
76.802000000 2.278980000 4.815300000 0.231452000 0.802344845 -0.048766924 -0.578757668 0.137492176
76.906400000 2.282180000 4.809500000 0.247740000 0.435940539 -0.705117047 -0.160999466 -0.535579097
77.002300000 2.274230000 4.810790000 0.256175000 0.021651874 -0.754513173 0.122122667 -0.644458782
77.102900000 2.269370000 4.817960000 0.256690000 -0.200201984 -0.724351827 0.352200131 -0.557842867
77.202700000 2.261110000 4.828000000 0.249945000 -0.306914310 -0.707042660 0.459956999 -0.440833123
77.311500000 2.259170000 4.838910000 0.237082000 -0.390812711 -0.667843374 0.519321358 -0.362706466
77.404100000 2.259100000 4.851560000 0.227378000 -0.509616804 -0.584758396 0.560307908 -0.290522599
77.502100000 2.267900000 4.872140000 0.223976000 -0.578328740 -0.538856149 0.514388574 -0.332527164
77.602100000 2.269450000 4.895580000 0.216972000 -0.570174406 -0.363563918 0.619719176 -0.398334744
77.702100000 2.273380000 4.918080000 0.212808000 -0.515779139 -0.257112384 0.766875417 -0.282430871
77.802000000 2.257140000 4.944190000 0.217787000 -0.530745605 -0.187043720 0.822924895 -0.078219986
77.902000000 2.229950000 4.969400000 0.225277000 0.574684290 -0.420018482 -0.578994796 -0.397602147
78.002100000 2.203850000 4.992230000 0.228055000 0.118321475 0.829382503 0.053759185 0.543354987
78.102100000 2.197130000 5.012170000 0.228981000 -0.938865079 -0.047188438 0.230118658 -0.251696282
78.202600000 2.190770000 5.029940000 0.225374000 -0.905573043 0.272694348 0.324461518 0.017319911
78.302100000 2.173850000 5.047140000 0.231452000 -0.954259438 0.121765701 0.264368990 -0.068345266
78.402000000 2.192520000 5.058930000 0.233876000 -0.498280916 -0.755000004 0.130527984 -0.405775269
78.505500000 2.221300000 5.065650000 0.238947000 0.377857676 0.650178400 -0.555821363 0.354336334
78.602100000 2.244810000 5.079210000 0.239891000 0.515857240 -0.610367434 -0.323913406 -0.506382275
78.702100000 2.266910000 5.090160000 0.237319000 -0.674429253 0.095626898 0.730034366 0.055231361
78.802800000 2.288610000 5.093420000 0.234591000 0.435492244 0.320988547 -0.507909320 0.670329009
78.902100000 2.312950000 5.090860000 0.230823000 0.015229249 -0.329519604 -0.306306336 -0.892950911
79.002100000 2.330990000 5.085690000 0.227463000 -0.199776348 -0.263271846 0.827353108 0.454163165
79.102100000 2.350860000 5.070930000 0.222738000 -0.055811264 0.452066500 -0.886438937 0.082140085
79.202400000 2.368380000 5.049670000 0.226954000 -0.333091429 0.202774202 0.791204473 -0.471092564
79.302200000 2.383220000 5.033660000 0.234489000 0.885242195 -0.396995220 0.241507975 -0.020370306
79.402100000 2.396660000 5.018380000 0.234937000 -0.728397541 -0.352663521 0.043562518 0.585805233
79.502200000 2.414290000 4.994950000 0.233595000 0.607970127 0.731214049 -0.051247269 -0.305077133
79.602100000 2.430500000 4.958130000 0.237349000 0.022568187 -0.536185404 0.717099151 0.444707429
79.702500000 2.441220000 4.918210000 0.229649000 -0.266714957 0.381058463 -0.884039136 -0.046177763
79.802100000 2.455770000 4.877160000 0.233204000 -0.073276406 0.151103814 0.960683536 -0.221100318
79.902100000 2.463190000 4.841930000 0.231015000 -0.515901200 0.195295935 -0.788787298 0.271145807
80.002100000 2.464220000 4.815660000 0.236498000 0.508138392 0.077238091 0.362730274 -0.777339308
80.102100000 2.461730000 4.786150000 0.240867000 -0.087186179 -0.204194038 0.385975347 0.895391756
80.202600000 2.453970000 4.750580000 0.244315000 -0.179047109 0.130931692 -0.951859335 -0.211572282
80.302200000 2.452620000 4.721020000 0.248259000 0.217167456 0.227472167 0.841189676 -0.439880255
80.402200000 2.446280000 4.688000000 0.246350000 -0.478444839 -0.213556654 -0.540074591 0.658637630
80.502200000 2.437420000 4.655380000 0.244264000 0.300971271 0.459418544 0.125238794 -0.826236128
80.602100000 2.425320000 4.617770000 0.237305000 -0.111196451 -0.477878766 0.367618163 0.790015266
80.702000000 2.407470000 4.583820000 0.246056000 -0.014933537 -0.460301889 -0.696231157 -0.550600887
80.802300000 2.392190000 4.559850000 0.246683000 0.159200631 0.788174735 -0.507983066 -0.308851016
80.902400000 2.387540000 4.531150000 0.253455000 0.064298278 -0.264544730 0.953882582 -0.126450928
81.002200000 2.378030000 4.502700000 0.260451000 -0.425547413 0.847510856 0.281189045 -0.146858669
81.104300000 2.354250000 4.479010000 0.247807000 0.733318253 -0.635322397 -0.065199749 0.233149705
81.202700000 2.331430000 4.453220000 0.237895000 -0.371409523 -0.339046711 0.558207477 -0.659929319
81.302100000 2.298250000 4.447350000 0.235552000 0.322151709 0.756720583 -0.510644346 0.250668284
81.402200000 2.268950000 4.446890000 0.240353000 0.421976607 -0.761971082 0.308489708 -0.382321742
81.502200000 2.235800000 4.452800000 0.240731000 -0.843412676 0.310917211 0.113299935 0.423259579
81.602000000 2.191360000 4.449940000 0.222190000 0.838821452 0.332424112 -0.318909206 -0.290120148
81.702300000 2.151440000 4.442810000 0.216514000 0.480040774 -0.660816031 0.355296493 0.454584899
81.802200000 2.125650000 4.441490000 0.206555000 -0.453166079 0.607363336 -0.366782644 -0.539648751
81.902300000 2.118570000 4.438160000 0.206212000 0.566131403 -0.101643084 -0.067380389 0.815244626
82.002300000 2.131430000 4.441220000 0.205146000 -0.007406550 -0.876803720 -0.480780868 0.003183786
82.103000000 2.141350000 4.446990000 0.210083000 0.351919074 -0.306474278 -0.804946065 0.366453700
82.202600000 2.151130000 4.451020000 0.209779000 0.389274798 -0.338127605 -0.416400221 0.748829560
82.302700000 2.163910000 4.450720000 0.207840000 0.629080568 -0.265742693 -0.005105078 0.730487781
82.402200000 2.171860000 4.450010000 0.208810000 0.757596975 -0.083206643 0.224893251 0.607080310
82.502200000 2.177210000 4.447870000 0.206817000 0.777272038 0.008728457 0.333666865 0.533327682
82.602200000 2.178110000 4.445910000 0.205340000 0.792604398 0.085229770 0.379334207 0.469701729
82.702200000 2.178170000 4.446060000 0.202624000 0.796135517 0.105885202 0.425932567 0.416578938
82.802200000 2.176910000 4.443340000 0.202986000 0.811007398 0.142909357 0.428658337 0.371612629
82.902200000 2.174030000 4.442330000 0.203013000 0.808639117 0.171523781 0.440537810 0.350155408
83.002200000 2.170690000 4.441500000 0.203284000 0.810996487 0.195089616 0.455757787 0.310659909
83.103800000 2.168440000 4.440370000 0.204753000 0.796395192 0.187953350 0.467694653 0.334200459
83.202800000 2.166120000 4.439070000 0.208733000 0.797930034 0.222822980 0.473163863 0.299622326
83.302200000 2.164120000 4.437270000 0.213703000 0.784217921 0.279506651 0.496399752 0.245897481
83.402200000 2.164110000 4.433840000 0.217183000 0.780301858 0.295201291 0.493694710 0.245460263
83.502200000 2.165740000 4.430010000 0.219578000 0.776100399 0.312189380 0.502536644 0.218318308
83.602200000 2.164700000 4.428200000 0.219825000 0.761412720 0.318819405 0.512287327 0.236994833
83.702200000 2.166470000 4.427750000 0.217794000 0.762205941 0.347903922 0.514852010 0.181472789
83.802200000 2.168570000 4.428500000 0.214614000 0.765774312 0.373665182 0.503013137 0.144712886
83.902200000 2.170420000 4.432880000 0.211470000 0.765123876 0.391981906 0.495203260 0.125337034
84.002300000 2.170180000 4.437410000 0.208884000 0.748035231 0.393035206 0.513033543 0.150874795
84.102900000 2.171030000 4.443080000 0.205610000 0.741556116 0.397160403 0.523370230 0.135800383
84.203200000 2.169580000 4.449010000 0.205347000 0.727352939 0.399570598 0.535174025 0.157765020
84.303800000 2.168160000 4.451050000 0.206518000 0.717576079 0.416238139 0.545623329 0.118851022
84.402300000 2.169020000 4.449760000 0.210998000 0.713749773 0.449895907 0.529247116 0.089735300
84.502300000 2.170340000 4.447500000 0.216634000 0.718170849 0.445872594 0.527703134 0.083412619
84.602200000 2.171150000 4.443420000 0.218870000 0.713343895 0.468698666 0.514294496 0.083445908
84.703300000 2.172260000 4.439690000 0.218943000 0.708420344 0.471317752 0.511929939 0.118016651
84.802200000 2.171480000 4.437700000 0.218562000 0.709465151 0.481343376 0.509939260 0.070211857
84.902300000 2.169640000 4.438670000 0.217012000 0.695504913 0.502649807 0.510036148 0.058984865
85.002200000 2.169650000 4.440550000 0.214019000 0.699343618 0.510666136 0.498788381 0.036725371
85.102300000 2.168850000 4.445430000 0.210374000 0.696459026 0.494917046 0.517954317 0.041536350
85.202800000 2.169410000 4.449170000 0.207897000 0.682921521 0.516941724 0.513831706 0.048645941
85.302300000 2.170690000 4.450510000 0.207967000 0.689290847 0.510284790 0.512306258 0.045053959
85.402300000 2.172170000 4.450590000 0.210795000 0.680852634 0.534750144 0.499926804 0.023561937
85.502300000 2.172260000 4.449440000 0.213550000 0.679969822 0.519634020 0.514911298 0.049878668
85.602400000 2.172710000 4.446000000 0.217380000 0.669856243 0.562583286 0.484383835 -0.012843708
85.703200000 2.172840000 4.441370000 0.220739000 0.662659046 0.580874873 0.472392029 -0.017695796
85.802400000 2.173520000 4.437640000 0.222239000 0.666654046 0.577060101 0.471400636 -0.018853765
85.902400000 2.174370000 4.435120000 0.221832000 0.671299027 0.585466729 0.454332946 -0.012957636
86.002400000 2.173510000 4.435460000 0.219643000 0.675894951 0.558698189 0.480062218 0.023719525
86.102400000 2.172440000 4.437770000 0.214798000 0.671061520 0.561177268 0.484516587 0.000432501
86.202700000 2.170370000 4.441300000 0.210351000 0.663072934 0.578187949 0.474944361 -0.021467059
86.302300000 2.169840000 4.444360000 0.207013000 0.655499549 0.585579604 0.473845581 -0.053732990
86.402300000 2.168250000 4.449310000 0.206044000 0.652018338 0.580330899 0.485700933 -0.046719781
86.502300000 2.168800000 4.452320000 0.206274000 0.646325574 0.590681052 0.480381907 -0.050915320
86.602300000 2.167770000 4.453390000 0.209037000 0.646924253 0.574376712 0.500318995 -0.035514872
86.703500000 2.166900000 4.450820000 0.213702000 0.643980059 0.569294520 0.510874890 -0.014152010
86.802400000 2.165410000 4.421960000 0.218515000 0.703876699 0.372023310 0.604779364 0.019954229
86.904100000 2.161060000 4.368580000 0.226207000 0.672992580 -0.157168888 0.491294964 0.530102052
87.002300000 2.152600000 4.281450000 0.219458000 0.393668872 -0.520303674 0.546293963 0.525235006
87.102400000 2.147220000 4.192790000 0.223243000 0.684625348 -0.522297009 0.403216571 0.309693984
87.202900000 2.143170000 4.099300000 0.214687000 0.343984119 -0.634187298 0.324088505 0.611921594
87.302100000 2.114390000 4.007870000 0.224962000 -0.366029675 -0.597127674 -0.296187613 0.649410283
87.402300000 2.088330000 3.918660000 0.214670000 -0.596910010 -0.364007221 -0.664605871 0.263621356
87.507500000 2.059260000 3.835740000 0.195289000 -0.641251653 -0.244793090 -0.704177277 -0.181678353
87.602500000 2.041350000 3.752570000 0.196530000 -0.664479424 0.018949973 -0.484460965 -0.568687583
87.702300000 2.024820000 3.680720000 0.192846000 -0.773559082 -0.259703281 -0.577180953 -0.031979674
87.802400000 2.022530000 3.612530000 0.188242000 -0.258228699 -0.793194378 -0.323627730 0.446571058
87.902500000 2.020490000 3.572430000 0.199249000 0.512897849 -0.534450342 0.457173406 0.492230743
88.002400000 2.031250000 3.548010000 0.196506000 0.579082588 -0.398676808 0.488707457 0.516609313
88.102900000 2.043990000 3.517420000 0.206076000 0.607454483 0.076439488 0.790516375 0.015489257
88.202500000 2.063930000 3.459300000 0.213623000 0.970149797 0.063932334 0.204486496 0.113610300
88.305600000 2.090000000 3.388380000 0.220997000 -0.414744756 0.248253290 -0.842342402 -0.238361844
88.402400000 2.123200000 3.298830000 0.219336000 -0.132284433 0.089886890 -0.941596862 0.296338532
88.502500000 2.146540000 3.213320000 0.214355000 0.267563698 0.647475386 -0.685020381 0.199830852
88.602200000 2.155710000 3.131040000 0.208524000 0.522452877 0.446821892 0.157550422 -0.708922459
88.703900000 2.150060000 3.048280000 0.198259000 0.719730769 -0.074295928 0.661993134 0.195532160
88.802400000 2.132680000 2.964080000 0.200663000 0.588815741 -0.569887973 0.229599197 0.525174190
88.902300000 2.101440000 2.884680000 0.217073000 -0.266741541 -0.585198244 -0.738161754 0.203738042
89.002500000 2.067640000 2.805470000 0.214580000 -0.823545159 0.265384850 0.051895000 -0.498649336
89.103100000 2.027790000 2.730180000 0.206856000 0.268616542 0.775802042 0.309877982 -0.479533086
89.202800000 1.985960000 2.653070000 0.189967000 0.498375500 -0.012385218 0.178615201 0.848271818
89.302400000 1.936060000 2.566720000 0.173762000 0.187381624 -0.417158638 -0.769647948 0.445543302
89.402400000 1.884410000 2.491440000 0.174379000 -0.234566689 -0.118415993 -0.699427791 -0.664647942
89.502300000 1.819600000 2.423970000 0.171703000 -0.741792497 -0.201713715 0.057966774 -0.636942165
89.602500000 1.760690000 2.355570000 0.172864000 -0.111320300 0.578931060 0.793211487 -0.152519359
89.703900000 1.693330000 2.295790000 0.162412000 0.405703085 0.014363084 0.614812567 0.676168778
89.802400000 1.631380000 2.234120000 0.148993000 0.069972664 -0.069297232 -0.761974091 0.640075937
89.903100000 1.565510000 2.174990000 0.130778000 0.241189376 0.006363515 -0.718270451 -0.652590798
90.002500000 1.524550000 2.111920000 0.137033000 -0.132610239 -0.570796529 0.187839062 -0.788240023
90.102400000 1.469190000 2.069080000 0.139503000 -0.393719572 -0.407450792 -0.469492013 -0.677160247
90.202900000 1.440020000 2.007100000 0.133061000 -0.615013445 0.089962455 -0.613463590 -0.487162850
90.302500000 1.422120000 1.941440000 0.150226000 0.476388990 -0.120074757 -0.727509830 -0.478920694
90.402400000 1.418570000 1.874660000 0.154596000 0.385972495 -0.021898615 -0.627872375 -0.675516073
90.503800000 1.411600000 1.803030000 0.151094000 0.096382247 0.390635945 -0.915094968 0.026743599
90.602400000 1.413380000 1.733830000 0.174328000 0.043323965 0.250994977 -0.719758681 0.645811116
90.703000000 1.407570000 1.655290000 0.171652000 0.614867594 -0.103223591 0.211176988 0.752786166
90.802600000 1.382670000 1.575400000 0.171911000 0.506613677 0.090556333 0.546442275 0.660713987
90.902600000 1.350860000 1.496490000 0.164134000 0.038596269 -0.173222735 -0.134255459 0.974925476
91.002500000 1.298800000 1.416700000 0.140267000 0.485690264 0.260371210 -0.550254133 0.627321440
91.103100000 1.239480000 1.339380000 0.123132000 0.607709431 -0.219407890 -0.738923067 -0.191159948
91.202700000 1.174400000 1.275870000 0.118113000 0.178282167 -0.402498633 -0.388347506 -0.809565645
91.304700000 1.101720000 1.209390000 0.094723300 -0.770460903 0.126492022 0.507079799 -0.365047727
91.402400000 1.024240000 1.148600000 0.082281800 -0.139777057 0.521498525 0.837287035 0.086325455
91.502400000 0.959833000 1.089750000 0.066877900 0.247384529 0.131486253 0.167223433 0.945276988
91.602400000 0.889495000 1.034000000 0.049135500 0.326396728 0.149190343 -0.728372769 0.583678445
91.703900000 0.826431000 0.983729000 0.040113800 0.231861366 -0.227657285 -0.883383834 -0.337706189
91.802400000 0.764686000 0.941114000 0.044867900 0.404741299 -0.356717475 -0.583671190 -0.606848470
91.902600000 0.703906000 0.899984000 0.041017500 -0.261463296 -0.328314018 0.070409050 -0.904925089
92.002300000 0.643517000 0.873177000 0.053760200 -0.226886366 -0.133319300 0.412654387 -0.872046385
92.102400000 0.587203000 0.847584000 0.046567500 -0.004506123 -0.548654129 0.731604929 -0.404614100
92.202800000 0.526445000 0.816023000 0.029907300 -0.596450475 -0.349746725 0.675040391 -0.257380125
92.303900000 0.468535000 0.784736000 0.037901200 -0.794295039 0.241401082 0.554055964 -0.061991102
92.402300000 0.422319000 0.737142000 0.046320700 -0.562995594 -0.342838820 0.749953133 0.055387756
92.502500000 0.371337000 0.681590000 0.035354000 -0.016728270 0.733265612 0.555481142 0.391768310
92.602600000 0.324257000 0.618160000 0.030106100 0.144826828 0.603573385 0.741926232 0.253514938
92.702400000 0.283406000 0.555932000 0.035556100 -0.646849712 0.299258849 0.637771410 0.292022636
92.802400000 0.243912000 0.489423000 0.026310700 -0.642438657 -0.043869200 0.752078315 0.140450254
92.902400000 0.200220000 0.431704000 0.016930200 -0.590706197 -0.279701376 0.756356406 -0.027537536
93.002400000 0.161967000 0.387675000 0.019748600 -0.599248086 -0.333571718 0.671121651 -0.281473569
93.102800000 0.122329000 0.350270000 0.013748400 -0.612015801 0.044079729 0.783338895 -0.099367060
93.203000000 0.084720000 0.321464000 0.022180400 -0.762777844 -0.271482602 0.566261759 -0.154320376
93.302700000 0.051784300 0.303454000 0.017687000 -0.199604837 -0.010102446 0.950189900 -0.239154770
93.402400000 0.012407600 0.290955000 0.010127100 -0.470912081 -0.305706525 0.798198953 -0.218320325
93.502500000 -0.030532700 0.275036000 -0.005467810 -0.771883486 -0.025145833 0.620356573 -0.136825782
93.602500000 -0.068831500 0.258098000 -0.002251420 -0.859089953 0.366524291 0.255674545 -0.249509366
93.703000000 -0.101220000 0.246368000 0.001292160 -0.632598426 -0.498949745 0.590795963 -0.042761111
93.802500000 -0.137544000 0.232034000 -0.005861340 -0.580453210 0.000333564 0.773588913 0.254232480
93.902600000 -0.177457000 0.209450000 -0.011902400 -0.544506705 0.453970161 0.540753743 0.452779117
94.002600000 -0.212056000 0.190094000 -0.002705840 -0.462556684 0.586403794 0.348225017 0.566490284
94.102600000 -0.239985000 0.164985000 0.000063200 -0.481827650 0.143257912 0.605300659 0.617195592
94.202900000 -0.268944000 0.146136000 -0.000918974 -0.638533546 0.011199205 0.655995054 0.402268538
94.302600000 -0.298132000 0.121779000 -0.008564310 -0.582311890 0.184237432 0.595615665 0.521738834
94.402500000 -0.328328000 0.093650000 -0.020378000 -0.713759566 0.209894714 0.527360789 0.410343868
94.503700000 -0.350857000 0.071063900 -0.019708500 -0.513870764 0.551428923 0.598244894 0.271966961
94.602500000 -0.367293000 0.058811200 -0.017328000 -0.698478692 -0.050081346 0.664912532 0.259828212
94.702600000 -0.374216000 0.049381600 -0.019363400 -0.293397097 0.108518827 0.725892488 0.612553593
94.802600000 -0.379113000 0.039436500 -0.025949100 0.120390866 0.322306776 0.744005144 0.572783316
94.902600000 -0.373630000 0.025556100 -0.019368200 -0.283354758 0.400256609 0.701522107 0.517079744
95.002600000 -0.362624000 0.015483400 -0.013640900 -0.140412847 -0.004663569 0.812111567 0.566336725
95.103700000 -0.354217000 0.014358700 -0.008899340 0.057162636 -0.352987574 0.604430237 0.711896267
95.203100000 -0.345999000 0.015901700 0.000755750 -0.004146417 -0.499235406 0.384266400 0.776586215
95.302500000 -0.340265000 0.017438100 0.010197300 0.255131199 -0.634095557 0.290844636 0.669507501
95.402500000 -0.333392000 0.004558680 0.010356900 0.274966271 -0.879501712 -0.137049494 0.363438748
95.502500000 -0.319133000 -0.025075800 0.013252000 0.597634798 -0.462937801 0.377541693 0.534774261
95.602500000 -0.304156000 -0.050694100 0.016391300 0.149407180 0.371434205 -0.649168137 -0.646757184
95.702600000 -0.296357000 -0.068405500 0.017110700 -0.017988045 0.181586917 -0.068446439 0.980825013
95.802600000 -0.293907000 -0.084355200 0.015170500 -0.404575802 0.199574217 0.844384710 -0.288968880
95.904300000 -0.288246000 -0.098719200 0.009016700 -0.427004711 -0.653483995 -0.253026920 -0.571491927
96.002600000 -0.283129000 -0.113311000 0.000108915 0.915482078 -0.318752504 -0.203540066 0.137334800
96.102600000 -0.270816000 -0.126000000 -0.007654950 -0.091292335 0.995699120 -0.000676378 0.015764346
96.203000000 -0.252666000 -0.135638000 -0.019183100 -0.712100779 -0.521551398 0.216843336 0.416983918
96.302700000 -0.227705000 -0.138738000 -0.029666000 0.634750400 -0.135659951 0.214863004 -0.729741185
96.402600000 -0.196039000 -0.140809000 -0.046081400 -0.725320554 0.473183766 -0.351647584 0.355459132
96.502600000 -0.168804000 -0.137655000 -0.049087200 0.705104889 -0.285191059 0.401655153 -0.510064989
96.602700000 -0.145614000 -0.129875000 -0.048288900 -0.690183501 0.711863078 -0.086078053 -0.097407706
96.702700000 -0.119438000 -0.114045000 -0.031715800 0.491577031 -0.718520502 0.487202022 0.068662215
96.802600000 -0.081210300 -0.095181600 -0.018189700 0.500788056 0.340455375 0.445033432 -0.659732298
96.902600000 -0.049527400 -0.078445300 -0.007108100 -0.440745798 0.037500041 -0.789328090 0.425791092
97.002600000 -0.020795000 -0.061670100 0.006006290 0.254608318 -0.047999524 0.956784212 0.132040228
97.103400000 0.007437660 -0.043896400 0.022228200 -0.383456877 -0.229951779 -0.619004387 -0.645690770
97.203100000 0.035750100 -0.033974100 0.033596000 0.357159870 0.512045308 -0.079338473 0.777143382
97.302500000 0.072678400 -0.027160900 0.037770200 -0.683285503 -0.215707591 0.695107618 -0.058451312
97.402800000 0.115540000 -0.017310600 0.036163100 0.728067271 -0.068306295 -0.659267903 -0.174980372
97.502800000 0.162246000 0.002192140 0.006699750 -0.676498936 0.053969950 0.731263721 0.068482150
97.602600000 0.194002000 0.015281200 -0.002108170 -0.022851893 0.697464421 -0.570545497 -0.433011557
97.702700000 0.205174000 0.030481000 -0.016614800 -0.643280886 -0.299152593 0.380806238 0.593029541
97.802500000 0.206766000 0.047909600 -0.019492600 0.696991677 -0.300806866 -0.112853419 -0.641078729
97.902600000 0.206056000 0.078885600 -0.024082000 -0.346436999 0.493436075 0.464055694 0.648964220
98.002600000 0.206532000 0.109528000 -0.018943300 0.114147744 -0.484572946 0.077393886 -0.863811055
98.102600000 0.206825000 0.139905000 -0.009732370 0.157091551 0.464170272 -0.699365422 0.520342397
98.203100000 0.210492000 0.171247000 0.001700920 -0.454758647 -0.140172874 0.817610129 0.324129320
98.302600000 0.215711000 0.202227000 0.014344600 0.238537972 -0.404645137 -0.076045455 -0.879533421
98.402600000 0.218338000 0.235918000 0.023746200 0.153105205 0.360212674 -0.708282631 0.587487311
98.502600000 0.220841000 0.271817000 0.027626200 -0.380456268 0.008694442 0.885771814 0.265679746
98.602600000 0.219133000 0.302290000 0.027161200 0.044220314 -0.357004757 -0.310321282 -0.879939128
98.702800000 0.226032000 0.310294000 0.023899500 0.328114905 0.290910465 -0.716868891 0.542043083
98.802600000 0.237817000 0.316781000 0.010744100 -0.092831577 0.720590967 -0.191904844 0.659775331
98.902700000 0.243760000 0.312932000 0.010161200 0.430509569 0.688803307 0.050698504 0.581068996
99.002700000 0.245009000 0.303927000 0.007631630 -0.094842391 0.638898926 0.255199553 0.719504185
99.103400000 0.247383000 0.297102000 0.003712610 -0.444383933 0.615596602 0.348986757 0.549337772
99.203100000 0.247206000 0.293100000 0.001948800 -0.517750240 0.652262038 0.297698748 0.466759443
99.302700000 0.245847000 0.288139000 -0.000315790 -0.614665896 0.614458151 0.338010889 0.361075693
99.402700000 0.241833000 0.284369000 -0.001351780 -0.624167473 0.624270093 0.323904162 0.340276228
99.503200000 0.236171000 0.283073000 -0.002959610 -0.633747028 0.611820884 0.339590843 0.329724082
99.602700000 0.229995000 0.282095000 -0.003799510 -0.643836572 0.608822185 0.338385317 0.316710267
99.702700000 0.222918000 0.281097000 -0.002467480 -0.643267905 0.593797040 0.363715171 0.318312350
99.802700000 0.216281000 0.279809000 -0.000129654 -0.650199413 0.579316537 0.380220762 0.311552958
99.902700000 0.212722000 0.282818000 0.004943420 -0.648742320 0.591422800 0.399663555 0.263858894
100.003000000 0.211346000 0.284529000 0.007466360 -0.660634424 0.564889438 0.423410067 0.255315482
100.103000000 0.211001000 0.289041000 0.011199600 -0.612195426 0.602541347 0.401991106 0.317118017
100.203000000 0.214504000 0.293463000 0.014463700 -0.612715255 0.598407262 0.417572518 0.303515992
100.306000000 0.219717000 0.298064000 0.017751700 -0.608541170 0.594078725 0.425073866 0.309935995
100.403000000 0.226136000 0.300572000 0.020329900 -0.608232631 0.589612213 0.434815860 0.305525242
100.504000000 0.231330000 0.304429000 0.021467700 -0.600768897 0.601776868 0.418708365 0.318786196
100.603000000 0.235710000 0.306455000 0.019150600 -0.607846671 0.603426604 0.419888406 0.300154101
100.703000000 0.238537000 0.307783000 0.017877000 -0.591128816 0.633614050 0.387084484 0.315064375
100.803000000 0.239813000 0.309036000 0.014321300 -0.603629116 0.636753169 0.392125200 0.276432848
100.903000000 0.240181000 0.307599000 0.012111400 -0.598618395 0.656315615 0.362416167 0.282064448
101.003000000 0.237139000 0.306134000 0.008451130 -0.607012779 0.654705764 0.374829488 0.249797325
101.105000000 0.232951000 0.304099000 0.007124260 -0.600735217 0.665068824 0.366173699 0.250434584
101.203000000 0.228896000 0.300466000 0.005600060 -0.602624420 0.652897751 0.378986278 0.258723282
101.304000000 0.223987000 0.297370000 0.005789930 -0.603057133 0.648762787 0.387714828 0.255159074
101.403000000 0.219732000 0.294820000 0.005503330 -0.594123422 0.653494912 0.382005683 0.272090825
101.503000000 0.214753000 0.290342000 0.004094710 -0.601014423 0.640424731 0.399334240 0.263001884
101.603000000 0.210351000 0.286832000 0.004898030 -0.593568968 0.626597559 0.417296101 0.284456224
101.703000000 0.207528000 0.284539000 0.006006960 -0.598831249 0.618960529 0.423496022 0.280962843
101.803000000 0.206141000 0.283676000 0.008972060 -0.603734027 0.592897971 0.442152482 0.297453195
101.903000000 0.206883000 0.283741000 0.012244500 -0.595730438 0.605172141 0.429429590 0.307346958
102.003000000 0.209896000 0.284186000 0.013143800 -0.600683870 0.594693742 0.439301637 0.304191245
102.103000000 0.212573000 0.285170000 0.013935700 -0.601393701 0.600284621 0.432394147 0.301694036
102.203000000 0.215366000 0.286783000 0.012339600 -0.616462206 0.591252163 0.435072898 0.284792559
102.303000000 0.220099000 0.288596000 0.012510000 -0.611374966 0.610063558 0.420174930 0.278381275
102.403000000 0.225165000 0.291381000 0.013078900 -0.610063202 0.619952909 0.407796499 0.277818817
102.503000000 0.229215000 0.295009000 0.014129700 -0.615379313 0.614140016 0.420049581 0.260189721
102.603000000 0.232644000 0.299393000 0.015391400 -0.615293829 0.625729019 0.403024252 0.259707820
102.705000000 0.234780000 0.301761000 0.015461200 -0.618779515 0.625964060 0.401757360 0.252728968
102.803000000 0.236513000 0.303484000 0.014795400 -0.614242444 0.633448732 0.400574799 0.246959016
102.905000000 0.236839000 0.304670000 0.014647800 -0.620908071 0.627731005 0.405674714 0.236336581
103.003000000 0.236783000 0.304862000 0.013144200 -0.619271434 0.636598959 0.392769218 0.238698551
103.103000000 0.233776000 0.304228000 0.010645300 -0.612477817 0.642184397 0.390655226 0.244660212
103.203000000 0.229520000 0.301436000 0.006887300 -0.615418498 0.638446178 0.394311739 0.241173800
103.303000000 0.224230000 0.298942000 0.005251140 -0.620951341 0.630273618 0.400799155 0.237770130
103.403000000 0.217621000 0.295632000 0.004264340 -0.615614562 0.635032306 0.399512983 0.241126645
103.505000000 0.212806000 0.293165000 0.004031020 -0.616813129 0.616832537 0.414803390 0.258838431
103.603000000 0.207134000 0.291125000 0.004483590 -0.612737859 0.611056555 0.422095892 0.270180053
103.703000000 0.204683000 0.288147000 0.005694250 -0.627612803 0.578676529 0.446262397 0.268487461
103.803000000 0.204414000 0.286047000 0.008311530 -0.622755013 0.578746342 0.452435511 0.269315750
103.903000000 0.206373000 0.284353000 0.011783200 -0.623702276 0.567557835 0.458784866 0.279982181
104.003000000 0.210083000 0.284376000 0.013597500 -0.614071676 0.575989155 0.458441760 0.284576214
104.103000000 0.216099000 0.285539000 0.014720300 -0.593810005 0.613907191 0.427845011 0.295730089
104.203000000 0.222730000 0.288099000 0.015321300 -0.595229469 0.621013576 0.426915493 0.278903531
104.303000000 0.227971000 0.290744000 0.017249000 -0.591625534 0.630294147 0.411867050 0.288225692
104.403000000 0.233003000 0.293897000 0.018425900 -0.595838216 0.635819245 0.406443089 0.274799423
104.503000000 0.237983000 0.299175000 0.016994900 -0.591008288 0.647234820 0.406143558 0.258541489
104.603000000 0.241079000 0.302948000 0.016997600 -0.588280174 0.657383613 0.401652311 0.245863059
104.703000000 0.240999000 0.307573000 0.013603600 -0.590532777 0.667710587 0.391543577 0.228313906
104.803000000 0.237506000 0.310341000 0.008587160 -0.576243466 0.690306989 0.379291752 0.218076812
104.904000000 0.232165000 0.310990000 0.004695650 -0.569254643 0.707926256 0.356864455 0.217801122
105.003000000 0.225277000 0.309602000 0.002670060 -0.560605118 0.709648183 0.358970168 0.230785129
105.104000000 0.219617000 0.307378000 0.002978770 -0.551242258 0.719959881 0.348563459 0.237262004
105.203000000 0.215597000 0.302366000 0.003585170 -0.566543160 0.693921199 0.382403065 0.226429048
105.303000000 0.210544000 0.297740000 0.004550350 -0.562387048 0.690507568 0.388549248 0.236536655
105.403000000 0.206831000 0.294452000 0.006523850 -0.551293463 0.691852842 0.392020274 0.252458449
105.503000000 0.203692000 0.292446000 0.007625300 -0.542408034 0.695678671 0.391192825 0.262283980
105.603000000 0.203871000 0.289686000 0.009631050 -0.545727638 0.685610516 0.404557179 0.261635347
105.703000000 0.205837000 0.288657000 0.012972500 -0.554438998 0.681293614 0.404955383 0.253865213
105.803000000 0.209494000 0.290346000 0.016075400 -0.557931740 0.679011419 0.416443438 0.232874492
105.905000000 0.213876000 0.291338000 0.018941300 -0.581221604 0.659356272 0.431148852 0.203817128
106.003000000 0.219645000 0.292149000 0.021622200 -0.582322113 0.663093020 0.429698279 0.191227593
106.103000000 0.225070000 0.294564000 0.023216000 -0.595100502 0.644076602 0.451004306 0.166180140
106.203000000 0.228946000 0.297280000 0.022188600 -0.594862614 0.658725612 0.424048475 0.180005358
106.303000000 0.230556000 0.299442000 0.020131800 -0.594354117 0.660037990 0.431412378 0.158039222
106.403000000 0.232793000 0.291138000 0.018037600 -0.511020202 0.716398522 0.453370898 0.141726283
106.504000000 0.230530000 0.267452000 0.016047500 0.425632619 0.794640185 0.206403544 0.380501546
106.603000000 0.227098000 0.232151000 0.012595300 0.373349642 -0.901208090 -0.115707948 -0.187204952
106.703000000 0.218559000 0.196286000 0.010467500 0.113035549 0.750825860 -0.332470894 0.559416301
106.803000000 0.201266000 0.153041000 0.011203300 -0.710020446 -0.029778325 0.697368698 -0.093065123
106.903000000 0.177698000 0.111381000 0.015530000 -0.254778206 -0.712279769 0.003656814 -0.654012404
107.003000000 0.160516000 0.082447400 0.015556800 0.650654504 -0.097772103 -0.724060758 -0.206942870
107.103000000 0.154388000 0.063334200 0.018878900 -0.727949405 0.115878363 0.675186521 0.028018392
107.203000000 0.150886000 0.050745600 0.026262400 0.366763233 0.633531428 -0.162408454 0.661623878
107.304000000 0.155719000 0.047256600 0.033841600 0.334397768 -0.726840922 -0.240226116 -0.549701573
107.403000000 0.139267000 0.018427700 0.038464400 -0.484516888 -0.532388308 0.492449613 -0.489182433
107.503000000 0.113400000 -0.006444000 0.030887300 0.491733551 -0.228303983 -0.363133642 -0.757766036
107.603000000 0.112554000 -0.013529900 0.034146500 0.177852695 0.007394722 -0.383247980 0.906330361
107.703000000 0.126982000 -0.014918800 0.036075100 0.016068395 0.062121910 -0.796587058 0.601108754
107.803000000 0.107954000 -0.033215800 0.023631600 0.186751954 -0.259059986 -0.862506009 0.392549381
107.903000000 0.071959100 -0.052056700 0.006536490 0.174567488 0.690674056 0.287603518 -0.640140419
108.003000000 0.043123200 -0.062716800 0.001962260 -0.636003567 -0.344222015 -0.518335927 0.456441161
108.103000000 0.022526400 -0.069627400 0.001047370 0.742604894 -0.037904274 0.668047549 0.028525599
108.203000000 -0.004792770 -0.073240000 -0.002047090 -0.928882364 -0.149244244 -0.335079017 -0.051242188
108.303000000 -0.039868100 -0.070565900 0.003202550 0.924716529 0.276256000 0.029884136 0.260170911
108.403000000 -0.067491500 -0.074528300 0.007623510 -0.986625504 -0.006591088 -0.040832561 -0.157668560
108.503000000 -0.101251000 -0.094410500 0.000026692 -0.005391433 -0.079544415 -0.048869089 0.995618115
108.603000000 -0.151267000 -0.116468000 -0.000577318 0.757950550 0.045550500 -0.641471769 0.109316442
108.703000000 -0.202091000 -0.146639000 -0.013076400 -0.276829221 0.649663208 0.262594743 0.657531216
108.803000000 -0.250239000 -0.175030000 -0.016011000 0.433062834 -0.556615585 -0.606722441 -0.366774526
108.903000000 -0.305525000 -0.198818000 -0.020904000 -0.026903161 0.763725045 0.402922832 0.503640216
109.003000000 -0.367709000 -0.237566000 -0.034208300 0.769204361 -0.602897400 0.127910801 -0.168754862
109.104000000 -0.428293000 -0.270034000 -0.026456200 -0.308300958 -0.597192951 0.408023394 -0.617922333
109.203000000 -0.490354000 -0.306638000 -0.030986000 -0.695107214 0.445857909 0.503808490 -0.253404205
109.305000000 -0.551628000 -0.346466000 -0.047796200 0.369916026 0.234745332 0.838921005 0.322906039
109.403000000 -0.609752000 -0.379508000 -0.040659400 -0.570977776 0.665407791 0.143058606 0.459076339
109.503000000 -0.669731000 -0.411282000 -0.041222400 0.300865128 0.537498947 0.106399563 0.780547366
109.603000000 -0.737654000 -0.451073000 -0.044830100 0.430224502 -0.137961077 -0.439009784 0.776623479
109.703000000 -0.805711000 -0.495978000 -0.043905200 0.465560577 0.347353683 -0.761244064 0.288281535
109.803000000 -0.870943000 -0.545700000 -0.057627400 0.667934793 0.235024705 -0.665135026 0.237111571
109.903000000 -0.937331000 -0.605881000 -0.075619300 0.740260937 -0.170518527 -0.638267835 -0.124705040
110.003000000 -0.989799000 -0.659979000 -0.080860700 0.743927050 -0.013080135 -0.668103022 0.006309200
110.103000000 -1.052810000 -0.715169000 -0.100920000 0.593622932 -0.197315183 -0.776069986 -0.079961932
110.203000000 -1.122730000 -0.755513000 -0.105505000 0.617801949 0.006026007 -0.784770487 -0.049190666
110.303000000 -1.194640000 -0.794778000 -0.117892000 0.672386738 0.168035303 -0.679276586 -0.241336966
110.403000000 -1.281630000 -0.827918000 -0.137359000 0.623296690 -0.237381100 -0.738217364 0.100928551
110.503000000 -1.358560000 -0.870180000 -0.126581000 0.170474318 -0.876603002 -0.335285739 -0.300148559
110.603000000 -1.430840000 -0.913415000 -0.109125000 -0.028535008 -0.740414015 -0.056281122 -0.669182542
110.703000000 -1.508590000 -0.952311000 -0.107650000 -0.664914684 -0.323116688 0.600821796 -0.304133588
110.803000000 -1.586780000 -0.978374000 -0.095437000 -0.404746466 0.273707277 0.821955158 0.292667633
110.908000000 -1.655530000 -0.993743000 -0.102584000 -0.524668165 0.405919763 0.504253419 0.552884212
111.003000000 -1.736750000 -1.008260000 -0.115159000 -0.274017797 0.649625447 0.311136191 0.637256068
111.103000000 -1.811020000 -1.024460000 -0.112358000 0.315668364 0.641265640 -0.238110091 0.657598242
111.203000000 -1.887550000 -1.041920000 -0.126498000 0.466091064 0.535674408 -0.454419541 0.537880033
111.303000000 -1.973410000 -1.058010000 -0.144582000 0.611266434 0.348910016 -0.664327169 0.251564228
111.403000000 -2.052010000 -1.066980000 -0.153009000 0.731140911 0.096634408 -0.668478729 -0.096077826
111.505000000 -2.127900000 -1.086710000 -0.168699000 0.682932265 -0.155341052 -0.697302139 -0.152454600
111.603000000 -2.213690000 -1.110610000 -0.182240000 0.505505787 -0.248597993 -0.734558064 -0.378268936
111.704000000 -2.288700000 -1.141740000 -0.177748000 0.439046219 -0.253034342 -0.651392809 -0.564711827
111.803000000 -2.365890000 -1.166780000 -0.184397000 -0.097016567 -0.694432200 -0.039845482 -0.711873614
111.904000000 -2.441710000 -1.186380000 -0.180929000 -0.089629306 -0.549792678 -0.063300790 -0.828062563
112.003000000 -2.515000000 -1.207610000 -0.185622000 -0.241533826 -0.683039675 0.240170131 -0.646093277
112.103000000 -2.597210000 -1.222810000 -0.202097000 -0.232069643 -0.329110691 0.450064040 -0.797039644
112.203000000 -2.681660000 -1.239650000 -0.210383000 -0.316201399 -0.234859207 0.691582738 -0.605451191
112.304000000 -2.754410000 -1.245830000 -0.209135000 -0.138724757 -0.289551831 0.636160708 -0.701580169
112.403000000 -2.834750000 -1.251600000 -0.218221000 -0.648647685 0.099423272 0.719570642 -0.227132746
112.503000000 -2.916930000 -1.253810000 -0.217482000 -0.694103939 -0.292489368 0.635376008 -0.170197001
112.603000000 -2.993060000 -1.261840000 -0.230961000 -0.546265178 -0.307615551 0.699015885 -0.344011367
112.703000000 -3.076010000 -1.275940000 -0.249786000 -0.359229285 -0.413313519 0.759392511 -0.351353484
112.803000000 -3.150290000 -1.297360000 -0.248203000 -0.288296015 -0.111015132 0.932166052 -0.188752483
112.903000000 -3.221050000 -1.322230000 -0.247748000 -0.748992907 -0.236198153 0.606893574 -0.122066574
113.003000000 -3.295240000 -1.351560000 -0.257447000 -0.673033821 0.078362367 0.735435810 -0.004357214
113.108000000 -3.352950000 -1.366520000 -0.251000000 -0.748995829 -0.125354088 0.608813484 0.229429168
113.203000000 -3.414730000 -1.381730000 -0.255174000 -0.567663916 -0.332293296 0.663261554 -0.356963521
113.303000000 -3.481380000 -1.396160000 -0.271121000 -0.219773197 -0.329000360 0.850648791 -0.346201010
113.403000000 -3.535280000 -1.414350000 -0.262790000 0.074584884 -0.001956372 0.935012117 -0.346677962
113.503000000 -3.579060000 -1.436710000 -0.257754000 -0.343838002 -0.412605891 0.622573536 -0.569152000
113.603000000 -3.624080000 -1.460130000 -0.266349000 -0.636669150 0.084897781 0.675590289 -0.361970332
113.703000000 -3.666430000 -1.474700000 -0.256322000 -0.641760883 0.481106044 0.519892020 -0.293925553
113.803000000 -3.701390000 -1.490750000 -0.260607000 -0.771794824 -0.311481409 0.544365016 -0.104779822
113.903000000 -3.735060000 -1.498240000 -0.268364000 -0.600993307 -0.219203071 0.693893760 -0.330557875
114.003000000 -3.774230000 -1.509240000 -0.285800000 -0.500766743 -0.193315629 0.810517254 -0.234357669
114.103000000 -3.811560000 -1.519170000 -0.291070000 -0.126507192 -0.076655166 0.982229972 -0.115517094
114.203000000 -3.838670000 -1.525540000 -0.294237000 -0.540803886 -0.419571132 0.627272412 -0.371511161
114.303000000 -3.865280000 -1.521610000 -0.295077000 -0.648814673 0.011945124 0.760816514 -0.007420644
114.403000000 -3.895710000 -1.520560000 -0.294232000 -0.596253351 0.380620344 0.591319189 0.387235991
114.503000000 -3.923150000 -1.521530000 -0.285325000 -0.361169021 0.541480603 0.321640759 0.687679371
114.603000000 -3.951470000 -1.528730000 -0.281161000 -0.628298261 0.530827410 0.174349768 0.541355442
114.703000000 -3.976410000 -1.535980000 -0.281951000 -0.631726531 0.674636176 0.295554743 0.241733354
114.803000000 -4.006990000 -1.534410000 -0.287899000 -0.515687984 0.652145479 0.335551716 0.442918980
114.903000000 -4.041700000 -1.537110000 -0.299798000 0.198621592 0.673857767 -0.177073619 0.689282313
115.003000000 -4.071990000 -1.547420000 -0.306151000 0.457639877 0.428296049 -0.228353741 0.744971681
115.104000000 -4.093480000 -1.556840000 -0.311982000 0.043830386 0.737252606 -0.069019277 0.670651796
115.204000000 -4.107090000 -1.560060000 -0.316501000 0.108229262 0.753313039 -0.231394588 0.606021812
115.303000000 -4.113200000 -1.561280000 -0.320594000 0.114348550 0.771384954 -0.475150114 0.407580706
115.403000000 -4.111750000 -1.562580000 -0.324461000 0.070860161 0.775588914 -0.564771986 0.272897925
115.503000000 -4.104910000 -1.552420000 -0.325023000 0.067754878 0.784148155 -0.570067527 0.235677666
115.603000000 -4.094730000 -1.523910000 -0.320961000 0.508345987 -0.270584629 -0.763877672 -0.291306056
115.704000000 -4.081700000 -1.496760000 -0.314845000 0.008627632 0.304001020 -0.431342250 0.849383781
115.803000000 -4.067750000 -1.468780000 -0.302624000 0.148895075 -0.347535661 -0.170215623 -0.909986738
115.903000000 -4.060300000 -1.443290000 -0.292233000 -0.260001387 0.538906088 0.456008671 0.658813782
116.003000000 -4.047380000 -1.418720000 -0.289903000 0.629976293 0.347056630 -0.596913156 0.355494374
116.103000000 -4.039100000 -1.388760000 -0.285364000 -0.035224045 -0.695781932 -0.193036693 -0.690929522
116.204000000 -4.028960000 -1.359220000 -0.281021000 -0.430609209 0.366392482 0.787111202 0.246552658
116.303000000 -4.019140000 -1.330090000 -0.284804000 0.633753054 0.062313130 -0.757951219 0.141365092
116.403000000 -4.001020000 -1.288770000 -0.285713000 -0.685385634 0.144824218 0.657766657 0.276795056
116.503000000 -3.994220000 -1.260140000 -0.279648000 0.594481164 -0.393911667 -0.647582010 -0.268446056
116.603000000 -3.985670000 -1.240470000 -0.278448000 -0.722617095 0.014854798 0.675210322 -0.147291854
116.703000000 -3.974930000 -1.227790000 -0.276137000 0.353638838 0.316649673 -0.358697725 0.803746539
116.803000000 -3.958050000 -1.215930000 -0.276838000 -0.546126091 -0.145126837 -0.325592944 -0.758072377
116.903000000 -3.936460000 -1.208160000 -0.281326000 0.475246948 0.018353913 0.770272078 0.424834553
117.003000000 -3.927880000 -1.208840000 -0.285000000 -0.692310712 0.437021750 -0.372698487 -0.436822283
117.109000000 -3.909940000 -1.209810000 -0.289262000 0.889758943 0.022399870 0.174312556 0.421239128
117.203000000 -3.882820000 -1.212540000 -0.299636000 -0.674587601 -0.576529861 -0.391524324 -0.243420607
117.303000000 -3.855540000 -1.210020000 -0.298562000 0.427016489 0.768644626 0.011611164 -0.476138149
117.403000000 -3.834290000 -1.219360000 -0.298977000 -0.552123435 -0.700820789 0.447889126 -0.058354647
117.504000000 -3.824410000 -1.216050000 -0.292121000 -0.089734741 0.929714211 -0.353866475 -0.048555938
117.603000000 -3.819170000 -1.217000000 -0.285210000 0.754613395 -0.631155631 0.159078387 0.083037701
117.703000000 -3.813450000 -1.226580000 -0.278519000 -0.996377692 -0.003860380 0.001318197 -0.084940295
117.803000000 -3.804640000 -1.234500000 -0.274218000 0.544606422 0.677436314 -0.074169810 0.488858593
117.904000000 -3.788760000 -1.243100000 -0.268191000 0.147479453 -0.683924836 -0.132563678 -0.702085109
118.003000000 -3.773180000 -1.252980000 -0.267986000 -0.415788014 0.160245165 0.393854474 0.803940587
118.103000000 -3.750050000 -1.264040000 -0.276304000 0.414874774 0.168715001 -0.616786636 -0.647293145
118.203000000 -3.731710000 -1.285930000 -0.271941000 -0.183559382 0.428842203 0.650852093 0.598992380
118.304000000 -3.710400000 -1.301400000 -0.266583000 -0.298080745 -0.746053648 0.478738526 0.354063902
118.403000000 -3.686770000 -1.319590000 -0.259200000 -0.228104272 0.942332221 -0.233162109 -0.074925672
118.503000000 -3.662160000 -1.339230000 -0.268874000 0.609254439 -0.630821754 0.459904928 0.139141656
118.603000000 -3.644710000 -1.353710000 -0.266201000 -0.551996146 0.513593491 0.401187550 -0.520163946
118.703000000 -3.645130000 -1.350500000 -0.261173000 -0.825892778 0.536811342 -0.077047995 0.154267003
118.803000000 -3.657270000 -1.335230000 -0.257738000 0.380095708 -0.836114414 -0.093491619 -0.384316611
118.903000000 -3.684690000 -1.309590000 -0.251318000 0.158016068 0.869791464 0.093587913 0.457968377
119.003000000 -3.710790000 -1.274840000 -0.250992000 -0.769239866 -0.308347392 0.217466054 -0.515655341
119.103000000 -3.731460000 -1.243740000 -0.254314000 0.528284190 -0.595845992 -0.602006815 -0.058916586
119.204000000 -3.750650000 -1.212420000 -0.258642000 0.128927956 0.627938147 0.254047524 0.724245208
119.303000000 -3.765200000 -1.188760000 -0.260862000 -0.569815353 -0.349780220 0.578996051 -0.466613152
119.403000000 -3.777910000 -1.168800000 -0.266921000 0.525580221 -0.341891958 -0.726163100 -0.282068206
119.503000000 -3.779380000 -1.159210000 -0.270643000 0.211612460 0.653836921 -0.133307467 0.714105431
119.603000000 -3.747220000 -1.171370000 -0.267868000 -0.447276873 0.569259366 0.396975800 0.564178506
119.703000000 -3.727190000 -1.169540000 -0.268851000 0.190648504 -0.656564778 -0.510990744 -0.521022361
119.803000000 -3.700050000 -1.186020000 -0.265195000 -0.598260336 0.453384302 0.643705989 0.148895415
119.903000000 -3.675780000 -1.202990000 -0.264303000 0.723340076 0.184292467 -0.532949077 0.398472964
120.003000000 -3.657150000 -1.226770000 -0.261257000 -0.334606235 -0.650668096 -0.042455847 -0.680343441
120.103000000 -3.644960000 -1.255560000 -0.260641000 -0.214192622 0.585548241 0.714077889 0.318351295
120.204000000 -3.634500000 -1.287570000 -0.262695000 0.356497821 -0.223488719 -0.797019453 0.433269070
120.303000000 -3.635500000 -1.300400000 -0.264406000 0.018055268 -0.082587808 0.306647684 -0.948061422
120.403000000 -3.645980000 -1.290470000 -0.260280000 0.003680606 -0.048556652 0.506101770 -0.861097964
120.503000000 -3.663750000 -1.264790000 -0.262293000 0.463065385 -0.539446722 -0.697552800 -0.089374348
120.603000000 -3.689120000 -1.230850000 -0.263253000 0.155622255 0.784795128 0.061566833 0.596730966
120.704000000 -3.715840000 -1.198490000 -0.261764000 -0.690476149 -0.338940175 0.531117798 -0.355353527
120.803000000 -3.741940000 -1.172910000 -0.257855000 0.663946123 -0.420011420 -0.534313730 -0.311889067
120.903000000 -3.765730000 -1.150250000 -0.252351000 -0.273239933 0.890970903 0.057617739 0.358037686
121.003000000 -3.787070000 -1.124950000 -0.253608000 -0.431645988 -0.832232495 0.301809391 -0.173152841
121.103000000 -3.791640000 -1.110800000 -0.260064000 0.852786036 0.231286703 -0.466897775 0.035621694
121.204000000 -3.751550000 -1.122580000 -0.262064000 -0.147851303 0.709381276 0.181775153 0.664737536
121.306000000 -3.726980000 -1.123320000 -0.262686000 0.507641869 -0.273990096 -0.786683903 -0.219903608
121.403000000 -3.698620000 -1.140970000 -0.265304000 -0.359216444 -0.093751589 0.841324622 -0.392870293
121.503000000 -3.675500000 -1.164110000 -0.268441000 -0.089652261 0.141542171 -0.421123822 0.891393859
121.603000000 -3.657470000 -1.190070000 -0.275462000 0.420301643 0.082028438 -0.243520011 -0.870238972
121.703000000 -3.639600000 -1.219580000 -0.275946000 -0.013429258 -0.465653506 0.776497837 0.424308351
121.803000000 -3.633740000 -1.225970000 -0.279378000 -0.305257422 0.284694712 -0.905814563 -0.072572759
121.907000000 -3.650800000 -1.192070000 -0.275008000 0.313849365 -0.207097877 -0.512915373 -0.771703872
122.003000000 -3.668970000 -1.166460000 -0.267762000 -0.073040152 0.865009446 -0.091955182 0.487819678
122.103000000 -3.699910000 -1.128920000 -0.262871000 -0.339242517 -0.673519599 0.377517651 -0.537369787
122.204000000 -3.725330000 -1.105690000 -0.249442000 0.830406199 -0.078822737 -0.549357890 -0.049177520
122.303000000 -3.751670000 -1.078980000 -0.245749000 -0.552413880 0.639372234 0.470868953 0.253622713
122.403000000 -3.774110000 -1.064230000 -0.246282000 0.215859985 -0.671207913 -0.250374260 -0.663473537
122.503000000 -3.778310000 -1.063190000 -0.250173000 0.331851570 0.629912229 -0.338719336 0.615105138
122.603000000 -3.742790000 -1.085190000 -0.265812000 -0.213419638 0.810198121 0.051753275 0.543463579
122.703000000 -3.721630000 -1.090260000 -0.277589000 0.374335296 -0.812609118 -0.214090554 -0.392051964
122.803000000 -3.691330000 -1.112610000 -0.276732000 -0.861162851 0.255454565 0.439409349 -0.007805976
122.904000000 -3.662270000 -1.136710000 -0.270841000 0.558795244 0.549464750 -0.317942023 0.533618997
123.003000000 -3.636430000 -1.164370000 -0.262268000 0.251731038 -0.616808573 -0.165089645 -0.727271667
123.103000000 -3.624660000 -1.179950000 -0.254494000 -0.464568339 -0.011371640 0.646861762 0.604662555
123.204000000 -3.647340000 -1.163930000 -0.259845000 0.274824678 0.080743433 0.000070622 0.958098058
123.303000000 -3.658420000 -1.158310000 -0.260589000 -0.587338761 -0.455883892 0.328543079 -0.582462447
123.403000000 -3.675720000 -1.148190000 -0.261814000 0.614536198 -0.201198724 -0.730747842 -0.218796542
123.504000000 -3.695970000 -1.138560000 -0.259151000 -0.001811856 0.623824693 0.275552588 0.731375581
123.603000000 -3.707080000 -1.139780000 -0.254444000 -0.632789832 -0.331179460 0.465631923 -0.522574498
123.703000000 -3.694010000 -1.144130000 -0.248892000 -0.377602284 -0.626437655 -0.011356474 -0.681808925
123.803000000 -3.692600000 -1.134370000 -0.251566000 -0.453562188 0.558457105 0.426290463 0.548346099
123.904000000 -3.685560000 -1.138520000 -0.254853000 0.653399420 0.212473691 -0.689935100 0.227845751
124.003000000 -3.677300000 -1.150000000 -0.260926000 -0.179298876 -0.746558303 0.153016531 -0.622164411
124.103000000 -3.666620000 -1.168680000 -0.264269000 -0.588583513 0.577589972 0.453299345 0.338347419
124.204000000 -3.667490000 -1.170760000 -0.266732000 0.827262491 0.134582546 -0.332012913 0.432772151
124.306000000 -3.687530000 -1.154560000 -0.274650000 0.718239211 0.277113211 -0.379380990 0.513235588
124.403000000 -3.694440000 -1.149310000 -0.275512000 -0.651701780 0.008044037 0.757742679 0.032343717
124.503000000 -3.705950000 -1.140060000 -0.270128000 0.051181772 -0.572188248 -0.484421126 -0.659785729
124.603000000 -3.718630000 -1.132220000 -0.263498000 0.666113027 0.398542068 -0.179969882 0.604208984
124.703000000 -3.731380000 -1.130320000 -0.258161000 -0.825039131 0.300565692 0.474533776 -0.061549921
124.804000000 -3.750860000 -1.124920000 -0.252253000 0.236653767 -0.723172659 -0.267166608 -0.591302209
124.904000000 -3.752200000 -1.125290000 -0.250074000 0.219834930 0.577067293 -0.484177686 0.619869270
125.003000000 -3.722350000 -1.132210000 -0.252055000 0.037535254 0.702940325 -0.116582713 0.700624346
125.104000000 -3.709010000 -1.122270000 -0.263315000 0.366691367 -0.436438714 -0.615451436 -0.544314449
125.204000000 -3.692500000 -1.121550000 -0.268189000 -0.151303198 -0.236003462 0.887806549 -0.364978411
125.303000000 -3.677730000 -1.131780000 -0.269271000 -0.398581139 0.160708270 -0.059769886 0.900962535
125.403000000 -3.665630000 -1.144620000 -0.269147000 0.448313513 0.239589585 -0.749610955 -0.423904755
125.503000000 -3.656290000 -1.162780000 -0.270331000 -0.189089360 -0.590063088 0.640111197 -0.454233883
125.603000000 -3.653800000 -1.178700000 -0.271062000 -0.107480625 0.693098329 0.089724584 0.707115352
125.703000000 -3.680530000 -1.157010000 -0.279014000 0.776103042 -0.072581635 -0.624644076 0.047071778
125.803000000 -3.694100000 -1.150360000 -0.280875000 -0.382067422 -0.157924583 0.887670665 0.202793249
125.903000000 -3.708300000 -1.140230000 -0.282752000 -0.199486035 -0.204750269 -0.686203700 -0.668884991
126.003000000 -3.724990000 -1.133520000 -0.279627000 0.724581420 0.027296671 0.179151274 0.664937198
126.103000000 -3.746850000 -1.128930000 -0.274098000 -0.783913752 0.586032902 0.050498241 -0.198732468
126.204000000 -3.764040000 -1.125940000 -0.264672000 -0.045489408 -0.963478377 -0.031041660 -0.262062102
126.303000000 -3.741050000 -1.137050000 -0.259059000 0.857414165 -0.029276297 -0.507752168 0.078559432
126.403000000 -3.739850000 -1.114680000 -0.258985000 -0.661354144 -0.222300770 0.260954016 -0.667155204
126.503000000 -3.721950000 -1.113260000 -0.258334000 0.115920975 0.237659604 0.757405328 0.597007042
126.603000000 -3.702700000 -1.120540000 -0.259671000 -0.089735352 0.139521521 -0.915441351 0.366672121
126.704000000 -3.686110000 -1.136270000 -0.261485000 0.486531302 -0.134544518 0.179304381 -0.844414000
126.803000000 -3.671600000 -1.159380000 -0.265116000 -0.643360790 -0.194989331 0.601653876 0.431368367
126.903000000 -3.656760000 -1.186400000 -0.266492000 0.470124057 0.542082675 -0.588241345 0.372963623
127.003000000 -3.657200000 -1.183950000 -0.270799000 -0.054199123 -0.642077459 -0.179439182 -0.743371086
127.104000000 -3.663350000 -1.181420000 -0.279668000 0.710264707 0.054679579 -0.701142925 -0.030541583
127.204000000 -3.670980000 -1.164530000 -0.286138000 -0.196704803 0.194981545 0.463437775 0.841733240
127.303000000 -3.682960000 -1.148600000 -0.285491000 -0.343054144 0.160270923 0.059809371 -0.923607019
127.403000000 -3.698890000 -1.138900000 -0.281626000 0.495586837 -0.634642333 -0.244970961 0.540011134
127.503000000 -3.718890000 -1.131200000 -0.275742000 0.037763543 0.953814359 0.226511940 -0.193660592
127.604000000 -3.744130000 -1.120510000 -0.269420000 -0.845526764 -0.518123246 -0.071618012 -0.107255090
127.703000000 -3.739890000 -1.123790000 -0.264062000 0.867280066 -0.370955631 -0.331948352 0.005243925
127.803000000 -3.723880000 -1.118160000 -0.268268000 -0.063694710 -0.817501776 -0.460313580 -0.340213519
127.903000000 -3.712310000 -1.108070000 -0.269742000 -0.060539970 0.519397772 0.793968859 -0.310119844
128.003000000 -3.696750000 -1.109770000 -0.271467000 0.087664885 -0.245627714 -0.267883987 0.927480492
128.103000000 -3.681150000 -1.121550000 -0.269919000 0.191957793 0.332822398 -0.503224543 -0.774045552
128.204000000 -3.666340000 -1.141360000 -0.269210000 -0.031976771 -0.755896126 0.652818993 0.037761029
128.304000000 -3.654600000 -1.171220000 -0.266231000 -0.519087924 0.739603150 -0.080023544 0.420869505
128.403000000 -3.667740000 -1.162310000 -0.268443000 0.711280899 -0.250317914 -0.598008870 -0.271672260
128.503000000 -3.694800000 -1.141580000 -0.278263000 0.661874570 0.248856538 -0.705817057 0.042599985
128.603000000 -3.712930000 -1.123300000 -0.287713000 -0.236200149 -0.004152708 0.721656230 0.650695421
128.703000000 -3.730230000 -1.109720000 -0.292379000 -0.468182106 0.105272167 -0.334170741 -0.811204785
128.804000000 -3.743970000 -1.103940000 -0.290869000 0.768628610 -0.400600163 0.155939956 0.473721754
128.904000000 -3.760700000 -1.100250000 -0.286572000 -0.267362579 0.882419233 0.108329218 -0.371642743
129.004000000 -3.779880000 -1.091550000 -0.277532000 -0.607782015 -0.736882029 -0.263672333 -0.134472295
129.104000000 -3.764910000 -1.095900000 -0.276485000 0.862932523 -0.069516577 -0.216931409 0.451060606
129.204000000 -3.723780000 -1.102230000 -0.281826000 0.200842535 -0.502717996 -0.777672267 0.319629063
129.303000000 -3.691000000 -1.102290000 -0.283714000 0.351865761 0.050429972 0.696324634 -0.623521698
129.403000000 -3.662030000 -1.109490000 -0.280067000 -0.514218963 -0.389767325 -0.261084609 0.717979887
129.503000000 -3.637890000 -1.121290000 -0.276501000 0.542647434 0.743206158 0.022905351 -0.390709243
129.603000000 -3.618080000 -1.142640000 -0.273762000 0.058765133 -0.921399877 -0.383448391 0.023157231
129.705000000 -3.605380000 -1.171580000 -0.274238000 -0.676149799 0.244923227 0.670181011 -0.183552378
129.803000000 -3.616450000 -1.174850000 -0.276689000 0.363061561 0.628872302 -0.532732619 0.434628447
129.908000000 -3.647110000 -1.165600000 -0.287514000 0.355570525 0.495972159 -0.473793318 0.634902443
130.003000000 -3.669720000 -1.148590000 -0.295569000 -0.679266767 -0.244031584 0.619237494 0.309176603
130.104000000 -3.694670000 -1.130970000 -0.298862000 0.018587272 0.062124151 -0.204383202 -0.976740810
130.204000000 -3.719900000 -1.120250000 -0.297816000 0.367317318 -0.370901855 -0.174626627 0.834874447
130.304000000 -3.745380000 -1.113300000 -0.292685000 -0.406247763 0.766823041 0.266589190 -0.419374990
130.404000000 -3.774690000 -1.107170000 -0.285637000 -0.269072908 -0.947116706 -0.167440838 0.050331715
130.504000000 -3.778520000 -1.112200000 -0.280897000 0.925385121 0.304609397 -0.139236081 0.177450857
130.604000000 -3.756170000 -1.110180000 -0.281531000 0.923059631 -0.101762138 -0.217344265 0.300610804
130.704000000 -3.739420000 -1.100150000 -0.277883000 -0.497562668 -0.143215182 -0.303953596 -0.799708081
130.803000000 -3.716220000 -1.100330000 -0.273640000 0.186769284 0.062778707 0.969785646 0.143846686
130.904000000 -3.689370000 -1.109550000 -0.272971000 -0.503288000 0.162496858 -0.614067978 0.585846804
131.003000000 -3.665900000 -1.124980000 -0.268062000 0.750718567 0.238264683 -0.009040281 -0.616092402
131.103000000 -3.643560000 -1.147890000 -0.265842000 -0.506581378 -0.708776070 0.485292832 0.074179902
131.204000000 -3.626740000 -1.174340000 -0.265243000 0.037377575 0.785488850 -0.170828383 0.593656337
131.304000000 -3.634360000 -1.170030000 -0.273751000 0.191854459 -0.561599727 -0.544828923 -0.592417975
131.404000000 -3.653710000 -1.157460000 -0.286097000 0.681728355 0.225183546 -0.678199374 0.156794224
131.504000000 -3.669160000 -1.140160000 -0.299035000 -0.307041421 0.020374371 0.607065465 0.732654060
131.604000000 -3.686200000 -1.124960000 -0.302335000 -0.313655354 0.200907834 -0.144073446 -0.916787436
131.704000000 -3.704680000 -1.117740000 -0.300036000 0.556665818 -0.532758116 0.020808076 0.637070624
131.804000000 -3.725820000 -1.114220000 -0.295744000 -0.293463576 0.848694048 -0.044655962 -0.437725242
131.904000000 -3.750490000 -1.111890000 -0.287596000 -0.493241305 -0.819114668 -0.134403255 0.260192124
132.004000000 -3.749160000 -1.122680000 -0.282068000 0.984077095 -0.000894813 -0.044600379 -0.172053120
132.104000000 -3.730490000 -1.121520000 -0.275539000 0.488961799 -0.847188886 -0.102318558 0.180881907
132.204000000 -3.718080000 -1.111560000 -0.269015000 -0.470416584 0.461195769 0.073726142 -0.748712999
132.304000000 -3.700610000 -1.111900000 -0.267314000 0.354583694 -0.228622369 0.576749881 0.699543988
132.404000000 -3.680720000 -1.115500000 -0.264349000 -0.355938567 0.496928877 -0.735430331 -0.292423761
132.504000000 -3.661850000 -1.133380000 -0.263752000 0.698084521 -0.509923651 0.492235534 -0.101784333
132.604000000 -3.648410000 -1.157650000 -0.263933000 -0.984846544 0.038039366 0.040510178 0.164283952
132.704000000 -3.638630000 -1.189910000 -0.264558000 0.669881762 0.397108095 -0.580369787 0.238190042
132.804000000 -3.642950000 -1.195070000 -0.272650000 -0.384929222 -0.342960513 0.175502048 -0.838693396
132.904000000 -3.659640000 -1.191730000 -0.288332000 0.181391231 -0.643087874 -0.347415686 -0.657903906
133.004000000 -3.671720000 -1.173210000 -0.296426000 -0.162427001 0.592514457 -0.522560588 0.591163700
133.104000000 -3.685400000 -1.155800000 -0.297714000 0.234286557 0.039099717 0.970556916 -0.040003675
133.204000000 -3.700030000 -1.141830000 -0.294790000 -0.624645345 -0.118938967 -0.756621869 -0.152299254
133.305000000 -3.718520000 -1.130710000 -0.288271000 0.722126173 -0.115722137 0.651355261 0.202184325
133.404000000 -3.740080000 -1.117230000 -0.279540000 -0.365496282 0.643402344 -0.189192610 -0.645485900
133.504000000 -3.761430000 -1.102940000 -0.270875000 -0.188235399 -0.754364516 -0.531566190 0.336063978
133.604000000 -3.759180000 -1.099480000 -0.269411000 0.672272980 0.414357764 0.474516992 0.388831979
133.704000000 -3.732280000 -1.099730000 -0.272326000 0.687220425 -0.197153439 0.312907319 0.625258042
133.804000000 -3.718510000 -1.088930000 -0.276557000 -0.149338863 0.597924882 -0.202769750 -0.760965287
133.904000000 -3.703740000 -1.093740000 -0.278851000 0.409262998 -0.568662045 0.427921048 0.570973602
134.004000000 -3.689150000 -1.107290000 -0.277656000 -0.426814341 0.661896089 -0.481613619 -0.384410469
134.104000000 -3.674150000 -1.129240000 -0.274026000 0.790030918 -0.488967826 -0.010110427 0.369674713
134.204000000 -3.660830000 -1.154690000 -0.271933000 -0.826169369 -0.166964619 0.530829355 -0.088245031
134.304000000 -3.650590000 -1.181230000 -0.268300000 0.497252238 0.521800421 -0.484494434 0.495711283
134.404000000 -3.651910000 -1.187610000 -0.266252000 -0.329933369 -0.567625554 0.136392507 -0.741850582
134.504000000 -3.671320000 -1.174820000 -0.274931000 -0.380287793 -0.538152813 0.479063742 -0.579888502
134.604000000 -3.678620000 -1.163150000 -0.274612000 0.471172131 0.160286287 -0.762094151 0.414146875
134.704000000 -3.688810000 -1.141470000 -0.274615000 -0.222227673 0.539464204 0.772060922 0.252022156
134.804000000 -3.701100000 -1.116570000 -0.278454000 -0.279405595 -0.339627516 -0.450795516 -0.776768348
134.904000000 -3.713940000 -1.092830000 -0.281467000 -0.032094993 -0.123151659 -0.392539337 0.910887726
135.004000000 -3.728040000 -1.072870000 -0.278105000 0.236827128 -0.180459117 0.953544168 -0.045835987
135.104000000 -3.743920000 -1.052530000 -0.272717000 0.219767921 0.248724925 -0.543461807 -0.771029985
135.204000000 -3.752190000 -1.043380000 -0.272535000 -0.082013115 0.067111548 -0.304901367 0.946469781
135.304000000 -3.723880000 -1.054750000 -0.278804000 0.382358211 -0.037779080 0.511635315 0.768507804
135.404000000 -3.711970000 -1.059000000 -0.289404000 0.189137360 0.235531637 -0.191427947 -0.933866826
135.504000000 -3.699400000 -1.074860000 -0.294636000 -0.493513868 -0.599594101 -0.053840235 0.627719847
135.604000000 -3.684490000 -1.098650000 -0.293480000 -0.418045278 0.537212299 -0.567315363 -0.463459135
135.705000000 -3.670580000 -1.124060000 -0.284810000 0.615683864 -0.032398044 0.709949374 -0.340375723
135.804000000 -3.658790000 -1.149520000 -0.278940000 -0.415221181 -0.278534770 0.130885917 0.856083308
135.904000000 -3.648600000 -1.175790000 -0.268008000 0.197504744 0.568935888 -0.757850909 -0.250929932
136.004000000 -3.646650000 -1.181670000 -0.264879000 0.048964058 -0.571101523 0.516640864 -0.636024991
136.104000000 -3.665670000 -1.157850000 -0.273671000 -0.393626937 -0.161518243 0.807643000 -0.408267653
136.204000000 -3.670920000 -1.142730000 -0.279345000 -0.139015432 0.009775637 -0.947626815 0.287371824
136.304000000 -3.676390000 -1.126460000 -0.279251000 0.413750243 0.518012279 0.742880837 -0.092747386
136.404000000 -3.686400000 -1.108410000 -0.278577000 -0.658655731 0.050210542 -0.569719727 -0.488948834
136.504000000 -3.699360000 -1.090610000 -0.277781000 0.159394002 -0.504663140 -0.223824203 0.818420059
136.604000000 -3.715620000 -1.071940000 -0.276311000 0.345138109 0.068942405 0.930949523 -0.097260555
136.704000000 -3.734620000 -1.054940000 -0.275160000 -0.153134353 0.221189452 -0.602316787 -0.751558104
136.804000000 -3.740240000 -1.048140000 -0.275993000 0.075279577 -0.198004969 -0.230878391 0.949643189
136.904000000 -3.706140000 -1.065280000 -0.281551000 0.432560022 -0.231592511 0.356961862 0.794880472
137.004000000 -3.694550000 -1.064130000 -0.291428000 0.349657465 0.274975115 0.317602733 -0.837410800
137.105000000 -3.679260000 -1.078840000 -0.298544000 -0.688318130 -0.286248284 -0.502964995 0.437385741
137.204000000 -3.665000000 -1.102830000 -0.298163000 -0.024304122 0.696716167 -0.117879778 -0.707177665
137.304000000 -3.652710000 -1.129390000 -0.290138000 0.539241896 -0.287585381 0.789045945 0.062604500
137.404000000 -3.643170000 -1.150980000 -0.283895000 -0.302584163 -0.122796523 -0.317052383 0.890416546
137.504000000 -3.641050000 -1.161570000 -0.276746000 0.241380358 0.250669271 -0.670595527 -0.655135161
137.604000000 -3.660900000 -1.149890000 -0.281151000 -0.175877625 -0.082871213 -0.073449021 -0.978163925
137.704000000 -3.670340000 -1.145980000 -0.278234000 0.167557701 -0.341526048 -0.090693945 0.920358074
137.804000000 -3.680270000 -1.134530000 -0.270702000 -0.400265706 0.629724077 0.059107190 -0.663129920
137.906000000 -3.694630000 -1.114750000 -0.267501000 -0.361930669 -0.519493073 -0.754786410 0.171553527
138.004000000 -3.713530000 -1.090780000 -0.268758000 0.304444835 -0.258049788 0.445969233 0.801146112
138.105000000 -3.719640000 -1.076080000 -0.267643000 0.265122881 0.215001380 0.542457685 -0.767609226
138.204000000 -3.687490000 -1.085320000 -0.276181000 0.310447949 0.396964479 0.084444847 -0.859598942
138.304000000 -3.670210000 -1.084620000 -0.285192000 -0.677771076 -0.399833555 -0.265124534 0.557196984
138.404000000 -3.655950000 -1.089710000 -0.288820000 0.601413495 0.456960460 0.525243900 -0.391928299
138.504000000 -3.639950000 -1.109160000 -0.287043000 0.271837495 -0.761497200 0.389532125 0.441011468
138.604000000 -3.637010000 -1.124340000 -0.284326000 -0.694852453 0.225683910 -0.431616370 0.529106936
138.704000000 -3.663690000 -1.115970000 -0.289150000 -0.014682882 0.138579353 -0.953697563 0.266535429
138.804000000 -3.681150000 -1.118270000 -0.294769000 0.245190302 0.450345644 0.851733299 -0.107800300
138.904000000 -3.703210000 -1.109560000 -0.294068000 -0.727780248 -0.294590587 -0.573924637 -0.232729041
139.004000000 -3.727370000 -1.096250000 -0.292161000 0.762225136 -0.363888951 0.128221734 0.519766160
139.104000000 -3.753660000 -1.084160000 -0.286321000 -0.227754760 0.791714492 0.419536730 -0.381188753
139.204000000 -3.758630000 -1.083870000 -0.287907000 -0.384359817 -0.828139101 -0.376216525 -0.157842598
139.304000000 -3.733850000 -1.094730000 -0.294986000 -0.555289228 -0.755173939 -0.331177284 0.108110138
139.404000000 -3.719040000 -1.098810000 -0.299501000 0.586432998 -0.276906716 0.669049067 0.363032168
139.504000000 -3.701980000 -1.107850000 -0.295949000 -0.814843007 0.158187803 -0.497462061 -0.252069416
139.604000000 -3.681580000 -1.119920000 -0.286166000 0.698976968 0.207841410 0.678184135 -0.091101182
139.706000000 -3.661200000 -1.136210000 -0.274348000 -0.661641601 -0.332760456 -0.344439378 0.576942272
139.804000000 -3.643990000 -1.146110000 -0.265070000 0.509225872 0.729105477 -0.301017839 -0.344212834
139.905000000 -3.648690000 -1.124850000 -0.271837000 0.788704599 -0.385337533 0.042236637 -0.477154176
140.004000000 -3.643950000 -1.118350000 -0.278960000 -0.554324587 -0.035598988 -0.555520589 0.618751840
140.104000000 -3.644070000 -1.110290000 -0.283261000 0.499153310 0.359364538 0.680940146 -0.397521848
140.204000000 -3.648570000 -1.100010000 -0.281854000 -0.660380070 -0.247498142 -0.683132590 0.189664696
140.304000000 -3.661720000 -1.086490000 -0.280951000 0.807306924 -0.033982744 0.532334096 0.252430412
140.404000000 -3.679130000 -1.072870000 -0.280155000 -0.735008908 0.586609043 -0.153259281 -0.303584139
140.504000000 -3.704580000 -1.061070000 -0.279822000 0.091695808 -0.975152169 0.200772086 0.018991964
140.604000000 -3.694560000 -1.072880000 -0.291795000 0.692429499 0.505262612 -0.506228714 -0.094781707
140.704000000 -3.686840000 -1.075440000 -0.305911000 0.289997164 -0.872856089 0.361349366 0.153135657
140.804000000 -3.680830000 -1.083860000 -0.314016000 -0.021128244 0.710151259 -0.002356714 -0.703728096
140.904000000 -3.677220000 -1.094760000 -0.314707000 -0.096199536 -0.849895934 0.187270706 0.483065454
141.004000000 -3.672670000 -1.109130000 -0.308480000 -0.286793375 0.760443243 -0.106521876 -0.572825213
141.108000000 -3.669130000 -1.126830000 -0.300404000 0.111489547 -0.724334335 0.226121784 0.641699923
141.204000000 -3.664840000 -1.147210000 -0.288014000 -0.542439585 0.773098884 -0.264183659 -0.195664016
141.304000000 -3.674710000 -1.138290000 -0.282395000 0.955414607 -0.095922732 -0.278862146 -0.014753345
141.404000000 -3.679530000 -1.125050000 -0.285905000 0.153479768 0.725033578 -0.669353665 -0.052306231
141.504000000 -3.682350000 -1.104840000 -0.285478000 -0.086150404 -0.619570642 0.188216918 0.757155677
141.604000000 -3.690550000 -1.085780000 -0.283608000 0.345530582 0.706961744 0.299955521 -0.539296203
141.704000000 -3.703420000 -1.066610000 -0.280904000 -0.812908005 -0.219481255 -0.525785336 0.120657925
141.804000000 -3.739760000 -1.039640000 -0.274494000 0.762322623 -0.019528696 0.645188265 -0.047063259
141.906000000 -3.794560000 -1.022070000 -0.269332000 0.715852592 -0.467434652 0.147648711 0.497252220
142.004000000 -3.840790000 -1.021800000 -0.275670000 0.365346470 -0.754684722 0.183651007 -0.513074298
142.105000000 -3.861550000 -1.016270000 -0.290390000 -0.912628596 -0.080082269 -0.222131283 -0.333696822
142.204000000 -3.900300000 -1.008950000 -0.305020000 0.355547927 -0.755387998 0.165123114 0.525079995
142.304000000 -3.941150000 -1.012590000 -0.319208000 0.115669109 0.532866216 0.829290967 -0.122273239
142.404000000 -3.971490000 -1.012140000 -0.331148000 0.160534897 0.380900166 0.214749776 -0.884887645
142.504000000 -3.986890000 -1.016300000 -0.331339000 0.662127951 0.359328893 0.140791639 -0.642376088
142.604000000 -3.993790000 -1.015810000 -0.328322000 0.921640513 -0.104615111 0.352056457 -0.125262498
142.707000000 -3.991700000 -1.011140000 -0.321670000 0.374094290 -0.824225627 -0.120981566 0.407515692
142.804000000 -3.981930000 -1.008550000 -0.305857000 -0.603588108 -0.428902007 -0.640432841 -0.203887814
142.904000000 -3.964010000 -1.003860000 -0.290822000 -0.333988724 0.306698487 0.442669622 -0.773583335
143.004000000 -3.939400000 -1.002280000 -0.279836000 -0.151793428 0.187755294 0.729159821 0.640337927
143.104000000 -3.911890000 -1.010100000 -0.271843000 0.096066468 0.641603729 -0.457635080 0.608018110
143.204000000 -3.876460000 -1.020250000 -0.269729000 0.536309962 -0.359998111 -0.732828389 -0.213858684
143.304000000 -3.836300000 -1.029520000 -0.268471000 -0.417305817 -0.195589826 0.457443752 -0.760490427
143.404000000 -3.791730000 -1.038260000 -0.270961000 0.318099645 0.287822101 0.455625977 0.779984630
143.504000000 -3.738710000 -1.052840000 -0.282116000 0.026357066 -0.686235619 -0.671401551 -0.278578423
143.604000000 -3.697600000 -1.059390000 -0.273975000 0.442793720 0.431069227 -0.726576410 0.300332755
143.704000000 -3.665370000 -1.066710000 -0.264574000 -0.092132158 -0.145733747 0.881354408 -0.439872423
143.804000000 -3.639560000 -1.079580000 -0.260630000 0.658356862 0.205297685 -0.416446083 0.592445577
143.904000000 -3.622620000 -1.095590000 -0.256824000 -0.203281793 -0.709224565 -0.078300898 -0.670481915
144.004000000 -3.613500000 -1.109490000 -0.256472000 -0.282325070 0.687786197 0.613253092 0.266764591
144.104000000 -3.606430000 -1.133070000 -0.259496000 0.533957795 -0.404556370 -0.539519180 0.510041441
144.204000000 -3.620320000 -1.132630000 -0.270490000 -0.567880170 0.282239188 -0.097034049 -0.767096830
144.305000000 -3.650220000 -1.119650000 -0.282427000 -0.371983764 -0.504156643 -0.605174537 -0.491139428
144.404000000 -3.678450000 -1.101720000 -0.290126000 0.424022631 0.721249767 0.068986574 0.543363998
144.504000000 -3.705030000 -1.082720000 -0.290956000 -0.685491678 -0.271216664 0.630522784 -0.242865599
144.604000000 -3.733340000 -1.069490000 -0.285743000 0.469141284 -0.481763665 -0.610474638 -0.418486491
144.705000000 -3.761030000 -1.058250000 -0.277253000 0.203075901 0.645868139 0.159187129 0.718522082
144.804000000 -3.775730000 -1.051950000 -0.270645000 -0.655105154 -0.125285172 0.601213925 -0.440093944
144.904000000 -3.754620000 -1.063120000 -0.262869000 -0.317232973 -0.581814273 0.150353584 -0.733654682
145.004000000 -3.712080000 -1.095780000 -0.254080000 0.371785110 0.525197918 -0.241888791 0.726245683
145.105000000 -3.691200000 -1.136270000 -0.240237000 0.638164403 0.630096585 -0.365482943 0.249292413
145.204000000 -3.671030000 -1.216420000 -0.242872000 0.734877190 -0.422048556 0.280919680 0.450460504
145.304000000 -3.661950000 -1.342380000 -0.257681000 -0.368867054 -0.388463719 -0.793784140 -0.287992665
145.404000000 -3.673610000 -1.409090000 -0.257928000 0.565026666 -0.590927560 -0.514186563 -0.259155676
145.504000000 -3.663150000 -1.458680000 -0.253983000 0.708265891 0.696520598 -0.096636254 -0.062288990
145.604000000 -3.640250000 -1.471390000 -0.257566000 0.856342249 -0.287299604 -0.307532441 0.299266917
145.704000000 -3.622480000 -1.465710000 -0.258204000 0.706964376 0.153354346 -0.201973045 0.660220194
145.804000000 -3.613780000 -1.450640000 -0.252735000 0.289108931 0.191230550 0.875507678 0.336649981
145.905000000 -3.609160000 -1.430650000 -0.251072000 0.275810759 0.606780509 0.315462475 -0.675447456
146.004000000 -3.605580000 -1.410300000 -0.254758000 -0.818160978 0.455913000 -0.261962329 -0.232662176
146.104000000 -3.606310000 -1.378220000 -0.258546000 -0.531066320 -0.820899594 -0.209533530 -0.013715667
146.204000000 -3.608300000 -1.354050000 -0.265626000 0.800988381 -0.460677093 -0.210521426 0.319178569
146.305000000 -3.609880000 -1.327210000 -0.270154000 0.468274361 0.656556544 0.524510461 0.273022717
146.404000000 -3.613180000 -1.299370000 -0.275266000 -0.416790991 0.623987815 0.254094413 -0.610213492
146.504000000 -3.617830000 -1.271670000 -0.278024000 -0.656920494 -0.244788898 -0.686536470 -0.192876994
146.604000000 -3.622650000 -1.243550000 -0.281283000 0.080648043 -0.673991452 -0.060698369 0.731810852
146.708000000 -3.627370000 -1.219570000 -0.277843000 0.723690681 -0.102756351 0.678757976 0.070714496
146.804000000 -3.629560000 -1.202760000 -0.273707000 0.211999977 0.777884970 0.111553728 -0.580953310
146.904000000 -3.630080000 -1.199990000 -0.265775000 -0.462246985 0.580398562 -0.449140472 -0.497732931
147.004000000 -3.629500000 -1.206070000 -0.257018000 -0.213106649 0.664614460 -0.212587745 -0.683871060
147.104000000 -3.623410000 -1.222470000 -0.251664000 0.234185372 0.625698264 0.320512883 -0.671513503
147.204000000 -3.617030000 -1.242420000 -0.245799000 0.651281494 -0.115806289 0.727921749 0.180419641
147.304000000 -3.611490000 -1.267290000 -0.243604000 0.046167377 -0.713473091 0.067475829 0.695896353
147.404000000 -3.610420000 -1.297560000 -0.242571000 -0.675235260 0.358984352 -0.642267177 0.051773077
147.504000000 -3.615340000 -1.333550000 -0.253863000 0.361271171 0.251427401 0.330873461 -0.834739573
147.604000000 -3.624200000 -1.372960000 -0.259397000 0.008111502 0.014117453 -0.002778508 0.999863581
147.705000000 -3.638100000 -1.408650000 -0.260169000 -0.505693945 -0.202881411 0.176898875 -0.819645994
147.804000000 -3.648180000 -1.437600000 -0.262250000 0.852416956 -0.093792155 -0.380031469 0.346647441
147.906000000 -3.652670000 -1.450570000 -0.271326000 -0.691766932 -0.171843629 0.420511030 -0.561336577
148.004000000 -3.645960000 -1.463730000 -0.274320000 -0.271337677 0.596708616 -0.107902410 0.747443484
148.104000000 -3.631200000 -1.453470000 -0.272140000 0.055480640 0.775504558 -0.325571798 0.538068381
148.204000000 -3.617820000 -1.434650000 -0.268132000 -0.292660595 0.658021166 0.232233354 0.653777936
148.306000000 -3.607760000 -1.419050000 -0.265654000 -0.511803329 0.343439445 0.783161814 0.082245200
148.404000000 -3.597960000 -1.398190000 -0.266256000 -0.520462963 -0.002462235 0.451594479 -0.724689359
148.504000000 -3.590270000 -1.375720000 -0.267038000 -0.229422012 -0.228014192 -0.594014803 -0.736560576
148.604000000 -3.581020000 -1.350840000 -0.271348000 0.031803846 -0.262166405 -0.923901312 0.276882026
148.704000000 -3.575770000 -1.330030000 -0.273559000 -0.057758764 0.026024184 0.034738136 0.997386549
148.804000000 -3.573900000 -1.310050000 -0.274345000 -0.217313076 -0.264596582 0.938426363 0.046039519
148.904000000 -3.574120000 -1.291210000 -0.275914000 0.594866707 -0.132917098 -0.130933160 -0.781871571
149.004000000 -3.575310000 -1.275710000 -0.274775000 -0.121242696 0.648881432 -0.671389377 0.336881879
149.104000000 -3.577590000 -1.257110000 -0.276341000 -0.379469786 -0.304572949 0.526979238 0.696800461
149.205000000 -3.579680000 -1.239480000 -0.276248000 0.272454202 -0.110132851 0.533095227 -0.793378183
149.306000000 -3.582420000 -1.223620000 -0.274687000 -0.149656707 0.118093886 -0.967946091 -0.163514735
149.404000000 -3.583400000 -1.211100000 -0.268796000 0.163224673 -0.059253370 0.421393431 0.890097927
149.505000000 -3.589190000 -1.198720000 -0.265533000 -0.293359621 0.351508405 0.228995742 -0.859036043
149.604000000 -3.595050000 -1.173870000 -0.276284000 0.017600803 -0.351520929 -0.726554593 0.590120048
149.704000000 -3.596160000 -1.149600000 -0.270904000 -0.192430038 0.091151084 0.786626117 -0.579552856
149.804000000 -3.600080000 -1.117160000 -0.271707000 0.228460263 0.703745215 -0.613351233 -0.276312947
149.904000000 -3.606540000 -1.085000000 -0.267240000 -0.649750160 -0.339821849 0.382483798 0.562185010
150.004000000 -3.616550000 -1.047160000 -0.266050000 0.885792234 -0.354477281 0.120375894 0.274276537
150.104000000 -3.630000000 -1.008560000 -0.267222000 -0.052056568 0.925358058 0.279301183 -0.250984915
150.204000000 -3.643240000 -0.977052000 -0.267736000 -0.734878475 -0.575306651 -0.334462057 -0.130809085
150.306000000 -3.655290000 -0.952716000 -0.269611000 0.960991082 -0.235500527 0.039543443 0.139541956
150.404000000 -3.667770000 -0.933150000 -0.275465000 -0.404619994 0.864849846 -0.290663712 0.061903238
150.504000000 -3.687860000 -0.918108000 -0.277675000 -0.357266706 -0.805833335 0.440860738 0.169218638
150.604000000 -3.694130000 -0.921578000 -0.279507000 0.741570503 0.443894101 -0.209570021 -0.457287243
150.704000000 -3.666880000 -0.935086000 -0.279253000 0.715528821 0.660181377 -0.123151410 0.192387071
150.804000000 -3.650670000 -0.931333000 -0.281458000 0.105596094 -0.416466671 -0.664782129 -0.611121671
150.904000000 -3.633360000 -0.936655000 -0.282899000 -0.497178725 0.005466739 0.847008577 0.188042284
151.004000000 -3.614570000 -0.953266000 -0.282035000 0.574716719 0.190382545 -0.761880200 0.230203693
151.104000000 -3.595170000 -0.976835000 -0.277274000 -0.435771323 -0.459175509 0.517042482 -0.576132170
151.205000000 -3.575670000 -1.005560000 -0.272608000 0.089383222 0.455552233 -0.055404933 0.883975733
151.304000000 -3.569540000 -1.017130000 -0.264110000 -0.095008143 -0.317818670 -0.519470935 -0.787473615
151.404000000 -3.593290000 -0.997699000 -0.259203000 -0.306856163 -0.021203092 -0.129377985 -0.942682906
151.504000000 -3.611120000 -0.984845000 -0.247990000 0.092758823 0.141236700 -0.101411311 0.980389586
151.604000000 -3.635350000 -0.962637000 -0.245951000 -0.529614533 0.292951898 0.456827903 -0.651917095
151.704000000 -3.663260000 -0.941360000 -0.241934000 0.312629646 -0.290051382 -0.726788106 0.538434722
151.804000000 -3.688350000 -0.921160000 -0.240859000 -0.071388840 0.477336830 0.837968891 -0.254678860
151.904000000 -3.713010000 -0.896400000 -0.246389000 -0.165468414 -0.398410387 -0.791025598 -0.433783207
152.004000000 -3.726700000 -0.875066000 -0.244865000 0.333108799 0.470223652 -0.043636945 0.816102973
152.104000000 -3.702420000 -0.873166000 -0.249966000 -0.591869712 -0.084509529 0.640814407 0.481565446
152.205000000 -3.691400000 -0.867095000 -0.257801000 0.706273809 -0.293489968 -0.617490975 -0.183700409
152.304000000 -3.677530000 -0.875760000 -0.261523000 -0.843108057 0.117023889 0.524841205 -0.003990452
152.404000000 -3.661730000 -0.896381000 -0.263574000 0.809578169 0.307355746 -0.421549032 0.269094866
152.504000000 -3.642790000 -0.923488000 -0.264219000 -0.503940860 -0.575984765 0.424321290 -0.483979961
152.604000000 -3.632020000 -0.944221000 -0.259855000 0.104768475 0.588307435 -0.121071097 0.792628360
152.704000000 -3.643620000 -0.935089000 -0.260461000 0.537693914 -0.522423860 -0.660573393 0.040016968
152.804000000 -3.646610000 -0.929192000 -0.264809000 -0.514850432 0.519232356 0.658031813 0.179780214
152.904000000 -3.655040000 -0.917201000 -0.263832000 0.744144097 -0.220819513 -0.578412691 -0.250852675
153.004000000 -3.665140000 -0.909986000 -0.258840000 -0.359867391 0.625016454 0.314038618 0.617437964
153.109000000 -3.679700000 -0.900280000 -0.263355000 -0.405998115 -0.618312810 0.139567039 -0.658312875
153.205000000 -3.703600000 -0.881834000 -0.264288000 0.687797391 0.238326944 -0.585406685 0.356979034
153.304000000 -3.722730000 -0.865534000 -0.259392000 -0.666971591 0.181557121 0.677972607 0.250078093
153.404000000 -3.704330000 -0.870787000 -0.254316000 0.072525462 -0.682529621 -0.120762048 -0.717154029
153.504000000 -3.700710000 -0.867350000 -0.258873000 -0.346306087 0.577780321 0.407184198 0.616800636
153.604000000 -3.694320000 -0.873420000 -0.264899000 0.649489699 -0.319126531 -0.598157638 -0.344280160
153.705000000 -3.687420000 -0.882764000 -0.270797000 -0.698161308 -0.115863733 0.694727212 -0.128454212
153.804000000 -3.682690000 -0.894790000 -0.274440000 0.227193352 0.668855927 -0.271094879 0.653852045
153.904000000 -3.677550000 -0.911153000 -0.276382000 0.290322979 -0.639695697 -0.262124220 -0.661659184
154.004000000 -3.670520000 -0.932149000 -0.277053000 -0.677474355 0.210023985 0.678760435 0.190270060
154.104000000 -3.669210000 -0.947735000 -0.274813000 0.705289856 0.226238751 -0.561292954 0.369232267
154.205000000 -3.687970000 -0.927787000 -0.277711000 0.321770784 -0.817028669 -0.235340758 -0.416584259
154.306000000 -3.696470000 -0.918128000 -0.276637000 -0.098628031 0.650364853 0.101870581 0.746271032
154.404000000 -3.708010000 -0.909238000 -0.272857000 -0.311946447 -0.316534894 0.405588327 -0.798744755
154.504000000 -3.719790000 -0.905900000 -0.270230000 0.596572510 -0.275535918 -0.740511117 0.140799445
154.604000000 -3.734880000 -0.900669000 -0.268278000 -0.064060730 0.775498771 0.291525429 0.556336951
154.704000000 -3.754340000 -0.889707000 -0.264069000 -0.494475387 -0.508648543 0.484894198 -0.511515755
154.804000000 -3.736160000 -0.894300000 -0.267575000 0.686504891 0.195047555 -0.683330275 -0.154036429
154.904000000 -3.717520000 -0.892016000 -0.272391000 -0.229031314 -0.691275744 0.333056685 -0.598962225
155.004000000 -3.697180000 -0.891553000 -0.277116000 -0.341780294 0.432108514 0.592592859 0.587624171
155.104000000 -3.677740000 -0.895230000 -0.273128000 0.347189562 0.246588601 -0.851407926 0.306199303
155.205000000 -3.661890000 -0.899893000 -0.266603000 0.089415954 -0.531846923 0.105112077 -0.835520849
155.304000000 -3.663370000 -0.889855000 -0.263022000 -0.621292871 0.032058287 0.774342256 0.115591979
155.404000000 -3.652770000 -0.891397000 -0.259129000 -0.649909192 -0.126324009 0.734852211 -0.147147937
155.504000000 -3.619630000 -0.907949000 -0.259601000 -0.754835610 -0.123045054 0.614592459 -0.193285348
155.604000000 -3.589200000 -0.920036000 -0.267328000 -0.161496339 0.372526548 0.238971471 0.882063229
155.704000000 -3.557510000 -0.939248000 -0.266771000 0.400264100 -0.474430296 -0.562470108 -0.546197695
155.804000000 -3.528500000 -0.960772000 -0.272147000 -0.252229455 0.610441915 0.742615991 -0.110735999
155.905000000 -3.497160000 -0.988320000 -0.279671000 0.937983085 0.005300858 -0.317778246 -0.138479673
156.004000000 -3.458080000 -1.015100000 -0.276489000 -0.429149425 -0.689002347 0.545507957 -0.208632705
156.106000000 -3.408520000 -1.042430000 -0.259999000 -0.379674259 -0.008078634 -0.314488129 0.869988166
156.205000000 -3.352430000 -1.059430000 -0.260895000 0.578058078 0.564702555 0.522816951 -0.271334328
156.305000000 -3.287440000 -1.072240000 -0.268896000 0.828145241 -0.350466717 0.360518907 0.247739092
156.404000000 -3.207590000 -1.083190000 -0.271898000 0.518144564 -0.303130026 0.477171095 0.641830308
156.504000000 -3.135980000 -1.112580000 -0.238928000 0.359748461 -0.834844708 0.315549362 -0.272110195
156.604000000 -3.062440000 -1.123450000 -0.219514000 0.139546152 -0.626991170 0.631711428 0.433992645
156.704000000 -2.989070000 -1.130920000 -0.205336000 -0.218280318 -0.731062022 -0.068656622 0.642797240
156.804000000 -2.909560000 -1.133060000 -0.201955000 -0.685016603 -0.675222080 -0.217261321 0.166207445
156.904000000 -2.823420000 -1.119380000 -0.213240000 -0.611755925 -0.658642770 -0.429096922 0.088432008
157.004000000 -2.743550000 -1.092070000 -0.218498000 -0.120579818 -0.859825247 0.288917109 0.403345951
157.104000000 -2.661760000 -1.068930000 -0.214449000 0.536497182 -0.718444378 0.440522364 0.044141767
157.205000000 -2.571730000 -1.035390000 -0.212039000 0.694457206 -0.481426020 0.517357216 -0.135276339
157.304000000 -2.477430000 -0.996298000 -0.206877000 0.803625753 -0.339246555 0.414007681 -0.260182751
157.404000000 -2.383620000 -0.949663000 -0.214817000 0.864966015 -0.464520454 0.058595268 -0.180613223
157.505000000 -2.286400000 -0.917191000 -0.226440000 0.870172192 -0.479578550 -0.070343464 0.088637284
157.604000000 -2.210750000 -0.896441000 -0.217709000 0.442049150 -0.880428784 -0.105699536 -0.135149229
157.704000000 -2.150320000 -0.878319000 -0.201485000 -0.357596669 -0.845551675 0.352777571 0.180872809
157.804000000 -2.081200000 -0.865544000 -0.194545000 -0.272948853 -0.547907888 0.435905548 0.659759216
157.908000000 -2.022870000 -0.865372000 -0.181147000 -0.030718253 -0.577223451 0.071307096 0.812886693
158.004000000 -1.964530000 -0.872413000 -0.184415000 -0.437340298 0.171691822 -0.710629022 0.523700081
158.104000000 -1.897200000 -0.880521000 -0.190524000 0.038218231 0.067222466 -0.898934426 -0.431204598
158.205000000 -1.833360000 -0.874201000 -0.174749000 -0.133892103 -0.260983391 -0.256448040 -0.920975015
158.304000000 -1.760610000 -0.881846000 -0.158502000 -0.067017321 -0.577317129 -0.749524029 -0.316902731
158.404000000 -1.679120000 -0.881723000 -0.147519000 0.041355645 -0.673782227 -0.735835709 0.053413766
158.504000000 -1.599010000 -0.885208000 -0.130934000 0.123045466 -0.223915441 -0.761715019 0.595409034
158.604000000 -1.517060000 -0.890577000 -0.120248000 -0.278414678 0.088323333 -0.203100963 0.934577046
158.704000000 -1.428990000 -0.893150000 -0.115408000 -0.651352969 -0.498124985 0.205052203 0.534382263
158.804000000 -1.347040000 -0.894757000 -0.093982400 -0.069520166 -0.530293643 0.790430701 -0.298621676
158.904000000 -1.264360000 -0.889574000 -0.093376400 0.486313549 0.195623426 0.319236598 -0.789505289
159.004000000 -1.180800000 -0.888473000 -0.089335400 0.322933162 0.675321686 -0.163301839 -0.642640881
159.104000000 -1.101610000 -0.870592000 -0.084763200 0.259657279 0.944347781 0.201158214 -0.017909186
159.205000000 -1.018690000 -0.847679000 -0.093629800 -0.653942835 0.661901350 0.352892151 -0.098552022
159.307000000 -0.939160000 -0.811742000 -0.101858000 -0.973861313 -0.026005214 0.059562117 -0.217647023
159.404000000 -0.865250000 -0.766816000 -0.102754000 -0.423737826 -0.867244556 0.049579024 -0.256661362
159.504000000 -0.792884000 -0.714286000 -0.107101000 0.339089169 -0.890652816 0.301727236 0.026772612
159.604000000 -0.725957000 -0.666026000 -0.094269700 0.811067111 -0.435127500 0.369624111 0.127327205
159.704000000 -0.663806000 -0.612547000 -0.091530500 0.835651031 -0.360087063 -0.099384485 0.402675285
159.804000000 -0.593222000 -0.557562000 -0.089282700 0.632921929 -0.000785211 0.150571215 0.759432370
159.904000000 -0.525398000 -0.508035000 -0.075898500 0.770983649 0.349155415 0.507611195 0.161262468
160.004000000 -0.456365000 -0.470633000 -0.062925500 0.177049930 0.905867694 0.335960631 -0.187583309
160.104000000 -0.381917000 -0.425542000 -0.054934500 0.012435763 0.856932961 -0.021074028 -0.514846713
160.205000000 -0.308817000 -0.394673000 -0.042481400 -0.373549461 0.638165724 -0.381885600 -0.554408421
160.305000000 -0.235191000 -0.362769000 -0.045544700 -0.188215569 0.908890912 -0.032911087 -0.370687295
160.404000000 -0.149097000 -0.332489000 -0.053144500 -0.190604395 0.884462121 0.332243384 -0.266478994
160.504000000 -0.078439000 -0.300305000 -0.046769100 -0.255861498 0.931424222 0.027310921 -0.257367297
160.604000000 -0.011403700 -0.274742000 -0.049633700 -0.646201216 0.599890718 -0.418585063 -0.217581389
160.704000000 0.058463000 -0.249631000 -0.047739200 -0.516238971 0.685785916 -0.372322130 -0.352946503
160.804000000 0.114808000 -0.226243000 -0.034728000 -0.242637555 0.931383084 0.098276193 -0.252971062
160.904000000 0.167898000 -0.199999000 -0.021574600 0.070487028 0.820913076 0.530512239 -0.199223656
161.004000000 0.234493000 -0.174270000 -0.010816200 0.411728169 0.531308527 0.730572869 -0.120226648
161.105000000 0.305377000 -0.171362000 0.030504000 -0.254327221 0.802679999 0.317379936 0.436225240
161.205000000 0.382678000 -0.167755000 0.052209500 -0.224285699 0.957724916 -0.133981511 -0.120448599
161.308000000 0.465524000 -0.152550000 0.066197700 0.111528634 0.901722261 0.193533803 -0.370139155
161.404000000 0.552920000 -0.125492000 0.073592400 0.439040560 0.746489465 0.496557009 0.058549145
161.504000000 0.647268000 -0.092736000 0.063206900 0.483483571 0.725274439 0.383041561 0.305777350
161.604000000 0.740721000 -0.054573400 0.054271600 0.639228312 0.685683661 0.321931808 0.132608424
161.704000000 0.818124000 -0.010206900 0.046761800 0.474223842 0.768774777 0.317839012 0.288228126
161.804000000 0.894721000 0.042066600 0.031552100 0.486290635 0.823398395 -0.005519298 -0.292414155
161.904000000 0.973777000 0.073265900 0.032799000 0.474592519 0.666641554 0.345139237 -0.459597528
162.004000000 1.048540000 0.107893000 0.021506500 0.778012139 0.365784677 0.491142697 0.140276632
162.104000000 1.123430000 0.149502000 0.012357600 0.728961180 0.101645196 0.533306600 0.416974727
162.205000000 1.190180000 0.185676000 0.015526900 0.781161742 0.043796616 0.609475888 0.128091104
162.305000000 1.247800000 0.222451000 0.033098700 0.899725667 0.032186838 0.303701477 0.311806260
162.404000000 1.305850000 0.264524000 0.046545700 0.791033128 0.172951338 0.578693777 -0.097303326
162.504000000 1.362030000 0.308850000 0.072271300 0.483422847 0.451659931 0.560337027 -0.498325269
162.604000000 1.415770000 0.355734000 0.092269700 0.569826587 0.721435011 0.301479912 -0.252861717
162.704000000 1.481900000 0.404252000 0.102395000 0.277796733 0.790687993 0.362386564 -0.407820367
162.805000000 1.544780000 0.445353000 0.126939000 -0.521371203 0.818730523 -0.236154729 0.045643656
162.904000000 1.614820000 0.481723000 0.141022000 -0.901284503 0.262521549 -0.340855620 0.050853980
163.005000000 1.690100000 0.528335000 0.152163000 -0.922565088 0.212075903 -0.321181118 0.027205876
163.105000000 1.766630000 0.576681000 0.164929000 -0.910904882 -0.276850438 -0.214344351 -0.218317726
163.205000000 1.846480000 0.629288000 0.165760000 -0.462628269 -0.787694507 -0.299113588 -0.275759877
163.305000000 1.922460000 0.690710000 0.161822000 0.009306040 -0.816091139 -0.576319851 -0.042000949
163.404000000 1.988330000 0.748779000 0.169102000 0.656869253 -0.396626108 -0.600275260 0.225566239
163.505000000 2.054830000 0.801305000 0.155483000 0.526143005 -0.837419905 -0.036218661 0.143490938
163.604000000 2.121430000 0.850128000 0.156522000 0.143909237 -0.906874450 -0.278701008 0.281415371
163.704000000 2.186700000 0.890371000 0.142740000 -0.215951771 -0.822403406 -0.525229680 0.033930124
163.804000000 2.259770000 0.924826000 0.126581000 -0.445106614 -0.743651823 -0.243177809 -0.435576195
163.904000000 2.326630000 0.949890000 0.133989000 -0.888016906 -0.385562261 0.184191356 -0.169827153
164.004000000 2.390500000 0.959756000 0.153330000 -0.916409754 -0.397356556 -0.024628333 -0.041162789
164.105000000 2.465280000 0.967580000 0.159986000 -0.869230634 0.106742833 -0.108805417 0.470324838
164.205000000 2.538620000 0.967485000 0.179808000 -0.742891631 0.149929210 -0.620014669 0.203014944
164.304000000 2.613180000 0.972846000 0.184513000 -0.146260616 0.957875159 -0.243656405 -0.041407354
164.404000000 2.698370000 0.982142000 0.187356000 0.341543220 0.919080448 0.009026482 0.196361609
164.505000000 2.775540000 1.000790000 0.205880000 0.773289965 0.613164994 -0.158758901 -0.029102076
164.604000000 2.854500000 1.016160000 0.219179000 0.655452723 0.670857189 -0.183904861 -0.294128138
164.705000000 2.927900000 1.043390000 0.235923000 0.893861741 0.334230423 0.048820822 -0.294818149
164.805000000 2.987890000 1.071240000 0.269413000 0.924392983 -0.007805997 0.374385718 0.072608628
164.904000000 3.052650000 1.098780000 0.280881000 0.847687172 -0.391620726 0.019494809 0.357322847
165.004000000 3.127890000 1.133020000 0.285399000 0.733404551 -0.516081569 -0.302473127 0.322935885
165.104000000 3.197250000 1.182900000 0.292111000 0.672030934 -0.571163594 -0.421182553 0.211546284
165.205000000 3.271990000 1.224640000 0.283597000 0.755258268 -0.613767656 0.187142519 -0.133610965
165.305000000 3.347120000 1.263420000 0.280731000 0.666444276 -0.742623347 -0.053121333 -0.039251946
165.405000000 3.421550000 1.299910000 0.275279000 0.451812950 -0.815124633 -0.300787019 0.202395802
165.504000000 3.499880000 1.333030000 0.259492000 0.521189554 -0.662655782 -0.536671323 -0.035109193
165.604000000 3.583670000 1.364430000 0.250785000 0.280465787 -0.860052916 -0.426198910 0.001553662
165.704000000 3.662700000 1.391020000 0.252463000 0.469468682 -0.760121929 -0.369217459 -0.255914589
165.805000000 3.743100000 1.415300000 0.245227000 0.391364916 -0.784972487 0.449595436 -0.168865749
165.904000000 3.807030000 1.403270000 0.252664000 0.193473469 -0.965217854 0.170907249 0.041391099
166.005000000 3.866510000 1.391270000 0.266329000 -0.333098250 0.858238313 -0.049641932 0.387308964
166.104000000 3.935070000 1.393120000 0.275413000 0.297761712 0.468578109 -0.189751710 0.809794299
166.205000000 4.014710000 1.387360000 0.278709000 0.543292416 0.245967433 -0.633516129 0.492940855
166.305000000 4.074320000 1.407990000 0.292564000 0.276046547 -0.583333190 -0.336283313 -0.685882079
166.405000000 4.116020000 1.424870000 0.318115000 0.412978503 0.253064090 -0.348114901 0.802635246
166.508000000 4.168810000 1.404090000 0.338133000 -0.036245293 -0.279478222 -0.581812176 0.762936953
166.605000000 4.232180000 1.397790000 0.344091000 0.489525372 -0.674582145 0.363013869 0.416563045
166.705000000 4.285990000 1.410990000 0.341950000 0.570334410 -0.686363549 0.171396381 0.417429059
166.805000000 4.330400000 1.425020000 0.352479000 0.414441012 0.043950970 -0.591164424 0.690529930
166.904000000 4.376080000 1.437080000 0.345776000 -0.655595336 0.319182001 -0.561144197 0.391707540
167.004000000 4.412470000 1.436370000 0.329474000 0.046716510 0.764688010 -0.642087724 -0.028163252
167.105000000 4.439970000 1.444840000 0.324174000 0.529434696 -0.017099327 -0.548711626 -0.646778221
167.205000000 4.465150000 1.456110000 0.319921000 0.265931133 0.389953310 -0.303824644 -0.827591466
167.305000000 4.487960000 1.466710000 0.320246000 -0.153748801 0.225516157 -0.477105294 -0.835388716
167.405000000 4.516150000 1.477480000 0.314572000 -0.478446735 0.210817391 -0.613603229 -0.591722762
167.505000000 4.538380000 1.486700000 0.320093000 -0.412591302 0.069550201 -0.644874870 -0.639583918
167.605000000 4.555790000 1.499800000 0.326421000 -0.095846703 0.539289508 -0.247270571 -0.799273108
167.704000000 4.574010000 1.501210000 0.331179000 0.368388394 0.566964383 0.196730988 -0.710026970
167.804000000 4.591800000 1.495290000 0.334140000 -0.078197635 0.519516697 -0.083598372 -0.846757843
167.904000000 4.613100000 1.492630000 0.335331000 0.592346990 0.280402300 0.611897812 -0.442809962
168.005000000 4.627500000 1.488590000 0.343747000 0.213573468 0.154948072 0.592848094 -0.760860438
168.105000000 4.639460000 1.479630000 0.351942000 0.591284993 0.090851597 0.719675972 -0.352412457
168.205000000 4.651590000 1.473410000 0.355345000 0.725749979 0.233572598 0.632159954 -0.138219397
168.305000000 4.663230000 1.468500000 0.359514000 0.742979580 0.233163051 0.610859855 -0.143061431
168.405000000 4.673230000 1.487190000 0.357727000 0.826317206 0.037897055 0.550146458 0.114466424
168.505000000 4.667930000 1.516600000 0.350608000 0.030320181 0.520391023 -0.311917658 -0.794343279
168.605000000 4.655600000 1.549030000 0.347346000 -0.754271365 0.202883765 -0.518995767 0.347212153
168.705000000 4.648750000 1.580250000 0.340643000 -0.057912047 -0.901419140 -0.071225589 0.423103587
168.805000000 4.641080000 1.613450000 0.332024000 0.781780145 0.041213174 0.477582114 0.398793935
168.904000000 4.632120000 1.643740000 0.320467000 -0.084113220 0.479027937 0.498200902 -0.717811301
169.005000000 4.617670000 1.674210000 0.313785000 -0.143792442 -0.223899597 -0.897740389 -0.351076770
169.105000000 4.603480000 1.707190000 0.306911000 -0.397167586 0.191327199 0.155506042 0.884007739
169.205000000 4.593680000 1.741320000 0.295994000 0.244741478 -0.708626481 0.005127886 -0.661758131
169.304000000 4.586410000 1.775960000 0.284136000 0.651241628 0.405203379 0.164561340 0.620172660
169.405000000 4.573640000 1.802550000 0.292061000 -0.625832817 -0.261950572 0.080845533 0.730191196
169.505000000 4.563580000 1.822280000 0.300244000 0.973691138 -0.142944587 0.173860742 0.035564807
169.605000000 4.550960000 1.839290000 0.313035000 -0.665846194 0.718795095 -0.104430436 -0.170519036
169.705000000 4.539770000 1.857300000 0.322835000 -0.117984194 -0.796107441 -0.592863009 0.028392357
169.804000000 4.526050000 1.875810000 0.330406000 0.773097061 0.440698086 0.315459833 0.329531827
169.907000000 4.509300000 1.891800000 0.336018000 -0.962110284 0.231936006 -0.108539334 -0.093641359
170.005000000 4.493680000 1.904460000 0.335207000 0.451270907 -0.879469625 0.148876758 -0.026897174
170.105000000 4.477780000 1.914820000 0.333255000 0.320698747 0.808048376 -0.434105260 -0.236141395
170.205000000 4.457040000 1.917800000 0.327706000 -0.642823762 -0.287712815 0.160481023 0.691552447
170.305000000 4.433130000 1.912390000 0.321857000 0.697099997 -0.201001129 0.381137674 -0.573048177
170.405000000 4.398130000 1.904010000 0.307210000 -0.447909925 0.353868566 -0.795888537 0.201780012
170.505000000 4.350730000 1.893350000 0.284982000 0.617364656 -0.338521140 0.588290681 0.397716475
170.605000000 4.305040000 1.875320000 0.294318000 -0.947543566 -0.206818666 -0.126740929 -0.208144102
170.706000000 4.259150000 1.851120000 0.294849000 0.235240289 -0.238753377 -0.413306532 0.846662000
170.805000000 4.218390000 1.812950000 0.298371000 -0.306866348 0.614866449 0.619588609 -0.379318137
170.905000000 4.179220000 1.768390000 0.299872000 -0.191669910 0.062049684 -0.946720532 -0.251262248
171.005000000 4.145980000 1.719670000 0.301021000 0.065396365 -0.197939642 0.308633692 0.928056279
171.105000000 4.119180000 1.674200000 0.298036000 -0.005192049 0.215502929 0.640271935 -0.737281073
171.205000000 4.101420000 1.633650000 0.298093000 -0.151097168 -0.616923450 -0.762741356 -0.121658242
171.305000000 4.088780000 1.597100000 0.295404000 0.859714919 0.371261714 0.107768880 0.333827600
171.405000000 4.083080000 1.562910000 0.296337000 -0.878911824 0.429506964 0.013289572 0.207029370
171.505000000 4.082920000 1.535690000 0.293681000 0.276131836 -0.672979436 0.626081411 -0.280841512
171.605000000 4.086430000 1.514950000 0.291717000 -0.112753485 0.095580876 -0.983516795 -0.104142508
171.705000000 4.080740000 1.484880000 0.273761000 0.121498974 0.306184420 0.749982627 0.573598431
171.805000000 4.068600000 1.465500000 0.277567000 0.760730126 -0.496392148 -0.077385182 -0.410969640
171.905000000 4.055140000 1.444700000 0.290368000 -0.462279080 0.844239704 0.182391976 -0.200725040
172.005000000 4.047730000 1.434990000 0.304993000 0.207538919 -0.869509124 -0.439758122 -0.086569479
172.105000000 4.048480000 1.428340000 0.306908000 -0.304209801 -0.552117098 0.106535512 -0.768942971
172.205000000 4.052260000 1.430750000 0.309528000 0.587543953 0.347017924 -0.595131094 0.424487508
172.305000000 4.060860000 1.429970000 0.304387000 -0.558216764 0.434928113 0.544578055 0.450184766
172.405000000 4.062200000 1.461240000 0.304662000 -0.670237964 -0.236619220 0.677399800 -0.189530810
172.505000000 4.071700000 1.477520000 0.303822000 -0.710455098 0.046001731 0.692137990 0.118669279
172.605000000 4.074050000 1.501430000 0.301870000 -0.720043137 0.028572976 0.678841085 0.141054058
172.705000000 4.073440000 1.520430000 0.304083000 -0.719350939 0.046602202 0.678206360 0.142823647
172.805000000 4.073610000 1.536900000 0.304321000 -0.720764408 0.033390181 0.683592192 0.109933973
172.905000000 4.072070000 1.549000000 0.303019000 -0.717569055 0.042691558 0.688787681 0.094040482
173.005000000 4.072100000 1.554250000 0.299697000 -0.715048621 0.057978254 0.687962565 0.109779325
173.105000000 4.071710000 1.557560000 0.295578000 -0.715358658 0.050837848 0.690294511 0.095765296
173.205000000 4.073170000 1.561020000 0.291056000 -0.723923548 -0.039532959 0.688597914 0.014309256
173.305000000 4.077300000 1.555420000 0.289573000 -0.718037452 0.047941511 0.684107499 0.118830800
173.405000000 4.078430000 1.549250000 0.290097000 -0.718116214 0.045747858 0.683757094 0.121212512
173.505000000 4.078100000 1.542910000 0.292085000 -0.724473610 -0.011043238 0.686978347 0.055468784
173.605000000 4.075840000 1.535030000 0.294081000 -0.722382412 0.000818019 0.688763486 0.061382742
173.707000000 4.073000000 1.527090000 0.296227000 -0.725900333 -0.015204301 0.684872860 0.061536180
173.805000000 4.067920000 1.517350000 0.300851000 -0.724466429 0.005264880 0.684925963 0.077440943
173.905000000 4.064030000 1.506320000 0.304728000 -0.722058796 0.031090218 0.682774624 0.107160192
174.005000000 4.058560000 1.497890000 0.309286000 -0.727027071 0.010556019 0.681443834 0.083393702
174.105000000 4.053100000 1.488080000 0.311981000 -0.723698409 0.060816697 0.670150911 0.153165595
174.205000000 4.046970000 1.480020000 0.313665000 -0.719473795 0.084090063 0.668973835 0.166614305
174.305000000 4.043640000 1.472280000 0.314546000 -0.705414471 0.137196758 0.662761912 0.210509196
174.405000000 4.040000000 1.465590000 0.314847000 -0.703463486 0.152356032 0.654686409 0.230894931
174.505000000 4.037470000 1.462330000 0.312241000 -0.706682337 0.146846223 0.654481568 0.225144705
174.605000000 4.036370000 1.459020000 0.308467000 -0.688139612 0.197354857 0.643295510 0.271451325
174.705000000 4.036670000 1.457670000 0.305485000 -0.686433247 0.206220377 0.638818894 0.279630067
174.805000000 4.041000000 1.459300000 0.300887000 -0.701660541 0.177207480 0.633646294 0.273427081
174.905000000 4.047600000 1.463430000 0.297106000 -0.692337923 0.197463384 0.629864047 0.291457880
175.005000000 4.052950000 1.468160000 0.293560000 -0.692053323 0.197407548 0.633411729 0.284397677
175.105000000 4.060100000 1.475710000 0.289408000 -0.713741007 0.142112971 0.642904673 0.238854053
175.205000000 4.067410000 1.484010000 0.287268000 -0.712753702 0.144347255 0.642381120 0.241852283
175.305000000 4.075420000 1.493800000 0.287653000 -0.707753025 0.151402199 0.644154872 0.247441976
175.405000000 4.082920000 1.504910000 0.287110000 -0.714108310 0.125139321 0.658280656 0.202622926
175.505000000 4.091420000 1.513820000 0.287584000 -0.712198821 0.123353977 0.659591835 0.206143755
175.605000000 4.098390000 1.521760000 0.288074000 -0.700715847 0.145197271 0.669357419 0.199689008
175.705000000 4.101590000 1.527190000 0.289214000 -0.704246462 0.130987455 0.670946329 0.191599142
175.805000000 4.103760000 1.531070000 0.294466000 -0.705864531 0.119438085 0.676844185 0.171381906
175.905000000 4.102060000 1.531320000 0.298089000 -0.712978690 0.089299433 0.680716764 0.142519071
176.005000000 4.096150000 1.531890000 0.303383000 -0.708330393 0.090546429 0.688655245 0.125790907
176.105000000 4.091070000 1.529540000 0.306457000 -0.699725151 0.122289239 0.688888934 0.144437156
176.205000000 4.084300000 1.524750000 0.310717000 -0.691635621 0.154706397 0.684235320 0.171837495
176.305000000 4.076500000 1.517220000 0.314647000 -0.693712074 0.154158505 0.678332268 0.186719169
176.405000000 4.068300000 1.509390000 0.317180000 -0.682459830 0.189024347 0.675243903 0.206310562
176.505000000 4.058140000 1.502220000 0.317525000 -0.681163942 0.196350738 0.670639614 0.218413783
176.605000000 4.051870000 1.493370000 0.317548000 -0.693756881 0.161333540 0.676025549 0.188844742
176.705000000 4.042320000 1.486930000 0.314853000 -0.685767229 0.189880420 0.666723762 0.221693841
176.805000000 4.036130000 1.478900000 0.312135000 -0.676939052 0.222473316 0.644101021 0.278196007
176.905000000 4.031810000 1.472340000 0.310208000 -0.694155768 0.183465645 0.653823033 0.238754201
177.005000000 4.031320000 1.467810000 0.306029000 -0.688209933 0.203133375 0.646124312 0.260052483
177.107000000 4.033010000 1.465930000 0.302341000 -0.691227086 0.199517917 0.641837734 0.265409192
177.205000000 4.036800000 1.466520000 0.297213000 -0.688531640 0.213088571 0.629489484 0.290276472
177.305000000 4.042660000 1.466040000 0.290302000 -0.700265741 0.197354400 0.615706842 0.302628845
177.405000000 4.050250000 1.469290000 0.285339000 -0.707208192 0.183489845 0.618924363 0.288306578
177.505000000 4.058800000 1.477110000 0.283014000 -0.702734112 0.186611756 0.618337436 0.298328067
177.605000000 4.067650000 1.484230000 0.282851000 -0.704874836 0.174733986 0.628478143 0.278630084
177.705000000 4.074360000 1.493430000 0.285269000 -0.706826919 0.169340086 0.632270870 0.268240915
177.805000000 4.078960000 1.503230000 0.289699000 -0.704312753 0.160771708 0.641345583 0.258402491
177.905000000 4.082390000 1.512000000 0.294456000 -0.704439708 0.158635611 0.649022153 0.239519697
178.005000000 4.083640000 1.517420000 0.299733000 -0.709261802 0.134218805 0.660721819 0.205863271
178.105000000 4.082150000 1.522570000 0.306981000 -0.697824559 0.154731836 0.670307514 0.199466237
178.205000000 4.078660000 1.526140000 0.315585000 -0.697752554 0.143484667 0.679773929 0.174530594
178.308000000 4.072900000 1.525800000 0.319879000 -0.694799519 0.154454157 0.677452350 0.185622882
178.405000000 4.069200000 1.525070000 0.321743000 -0.691742563 0.155170293 0.685566910 0.165566960
178.505000000 4.064200000 1.524680000 0.321548000 -0.687743014 0.166506818 0.685869040 0.169907877
178.605000000 4.063720000 1.520380000 0.318803000 -0.686294507 0.178994938 0.677680701 0.194189417
178.705000000 4.063900000 1.516910000 0.312670000 -0.693607855 0.158415573 0.677520969 0.186488567
178.805000000 4.065270000 1.512720000 0.306864000 -0.690846089 0.165285861 0.679654339 0.182981542
178.905000000 4.066280000 1.508330000 0.299526000 -0.695619827 0.158498089 0.673448964 0.193540447
179.005000000 4.068420000 1.505960000 0.293706000 -0.701312943 0.144369351 0.673252485 0.184523000
179.105000000 4.071290000 1.503930000 0.289799000 -0.708663505 0.131626606 0.664982816 0.195622921
179.205000000 4.073030000 1.500440000 0.288428000 -0.715148370 0.108206022 0.668429377 0.173367916
179.305000000 4.074170000 1.497500000 0.289670000 -0.710223659 0.136034775 0.655343945 0.218177010
179.405000000 4.071810000 1.496320000 0.292972000 -0.713206922 0.127627545 0.654410070 0.216320496
179.505000000 4.070280000 1.495190000 0.297858000 -0.712345945 0.127092211 0.660695566 0.199730304
179.605000000 4.065710000 1.493180000 0.303598000 -0.697296553 0.166209842 0.660541195 0.223242323
179.706000000 4.060420000 1.491350000 0.308159000 -0.696559577 0.166734478 0.663875498 0.215113209
179.805000000 4.054580000 1.489900000 0.311040000 -0.692331992 0.182441034 0.658129620 0.232931504
179.905000000 4.038770000 1.481970000 0.311432000 -0.686232939 0.198283228 0.656118410 0.243468164
180.005000000 3.993230000 1.465400000 0.313101000 -0.684295065 -0.201851231 0.677687008 -0.178147870
180.105000000 3.920560000 1.436820000 0.302512000 -0.369182006 -0.581368019 0.622180776 -0.372299550
180.205000000 3.846230000 1.401390000 0.289526000 -0.007279536 -0.536518390 0.404522751 -0.740578402
180.305000000 3.775050000 1.353510000 0.263181000 0.053112457 -0.351510939 -0.102731784 -0.929013083
180.405000000 3.708130000 1.315400000 0.245264000 0.662633297 0.346648028 -0.626710670 0.219057059
180.505000000 3.644310000 1.280430000 0.229933000 0.243552692 0.305057466 -0.567394134 0.725042016
180.605000000 3.567890000 1.249570000 0.210859000 -0.160134676 0.289970317 -0.260348005 0.906914008
180.705000000 3.492850000 1.214490000 0.215714000 0.245096267 0.127683131 0.057581642 0.959327469
180.805000000 3.415430000 1.187860000 0.218799000 0.096458820 0.670848853 0.264176162 0.686198563
180.905000000 3.341980000 1.145140000 0.211196000 -0.016459583 0.695766521 -0.052243983 0.716176372
181.005000000 3.266020000 1.113200000 0.214104000 -0.374288559 0.624444272 0.059764512 0.682938965
181.105000000 3.196110000 1.066090000 0.207296000 -0.327299437 0.658355713 0.244146305 0.632325403
181.205000000 3.117090000 1.018990000 0.195945000 -0.017881170 0.754087248 0.011379088 0.656432176
181.305000000 3.046370000 0.957048000 0.190912000 0.725848646 -0.009781233 -0.599244597 0.337570709
181.405000000 2.974730000 0.904183000 0.185742000 0.541755428 0.457867613 -0.559020626 0.429364933
181.505000000 2.902350000 0.841454000 0.176777000 0.466198889 0.501463447 -0.726387290 -0.059619726
181.605000000 2.836890000 0.785607000 0.179666000 0.541518578 0.487501036 -0.576842130 0.369260785
181.705000000 2.772780000 0.744125000 0.165265000 0.546474159 0.452834041 -0.639498550 0.295548524
181.805000000 2.703950000 0.709085000 0.154969000 0.672895203 0.251502114 -0.607443526 0.339073879
181.905000000 2.636260000 0.675790000 0.157522000 0.472354432 0.500805153 -0.565977000 0.453591803
182.005000000 2.562850000 0.645202000 0.142432000 0.448656663 0.273539372 -0.584113615 0.618623226
182.105000000 2.495120000 0.616210000 0.143118000 0.159347806 0.538870630 -0.269312938 0.782110773
182.205000000 2.429320000 0.595847000 0.141400000 -0.517583881 0.441893905 0.241948617 0.691590608
182.307000000 2.356430000 0.568504000 0.129440000 -0.515363536 0.491629460 0.612599558 0.342669930
182.405000000 2.279040000 0.537038000 0.129071000 -0.656182175 0.257896540 0.706763738 0.058303918
182.505000000 2.210090000 0.519632000 0.142395000 -0.736108567 -0.030317410 0.618819593 -0.272557047
182.605000000 2.143030000 0.496335000 0.140995000 -0.605376929 -0.074448569 0.792381736 0.010361893
182.705000000 2.064270000 0.487964000 0.155451000 -0.388196119 -0.492772801 0.715185872 -0.308201083
182.805000000 1.988510000 0.477866000 0.153260000 -0.275953296 -0.728887785 0.317440591 -0.540188713
182.905000000 1.906430000 0.468180000 0.138003000 0.019831780 -0.722238530 -0.015000461 -0.691196928
183.005000000 1.833370000 0.447190000 0.128392000 -0.046018991 -0.747315711 0.145438392 -0.646721853
183.105000000 1.765800000 0.426126000 0.122879000 0.309335451 -0.534362961 -0.487628801 -0.617240599
183.205000000 1.697740000 0.397658000 0.108648000 0.190663932 -0.702460586 -0.057506861 -0.683293020
183.305000000 1.625320000 0.370009000 0.099279100 0.365553210 -0.641572411 0.135152219 -0.660673573
183.405000000 1.553480000 0.330825000 0.079725000 0.544109322 -0.543503786 -0.451699715 -0.452234505
183.505000000 1.470430000 0.283701000 0.053773900 0.579676550 -0.352280782 -0.601996096 -0.421276688
183.605000000 1.398300000 0.233748000 0.052311600 0.211204501 -0.480714477 -0.482879021 -0.700809605
183.705000000 1.326300000 0.185716000 0.049132600 0.466515332 -0.545544511 -0.433900983 -0.544494783
183.805000000 1.254480000 0.126286000 0.043028500 0.457288813 -0.672674060 -0.147420000 -0.562728971
183.905000000 1.186320000 0.069347900 0.042180400 0.385143375 -0.705663875 -0.252556295 -0.538440706
184.005000000 1.119870000 0.009121030 0.036542600 0.263039567 -0.676588930 -0.252275805 -0.639839451
184.105000000 1.046340000 -0.053286800 0.024293800 0.270069553 -0.729712999 -0.299936957 -0.551923180
184.205000000 0.980761000 -0.108349000 0.034592000 -0.068914701 -0.464436479 -0.102561812 -0.876943895
184.305000000 0.916252000 -0.153716000 0.038209300 -0.160934771 -0.717174495 0.272157622 -0.621040233
184.405000000 0.855685000 -0.195939000 0.048147300 -0.244294385 -0.807164920 0.352609237 -0.405551195
184.505000000 0.805853000 -0.232413000 0.057348500 -0.376494782 -0.792523895 0.261518993 -0.402200660
184.605000000 0.750725000 -0.271546000 0.049378400 -0.564746951 -0.508253673 0.514463797 -0.397575260
184.705000000 0.690721000 -0.313163000 0.041991300 -0.730091302 -0.267564986 0.621097195 -0.098050715
184.806000000 0.632456000 -0.350583000 0.043826100 -0.606775661 -0.025602019 0.722924761 -0.329465663
184.905000000 0.566252000 -0.395646000 0.024982700 -0.594231174 0.339024121 0.604530160 0.408038286
185.005000000 0.497582000 -0.434317000 0.020589800 -0.692122489 0.122973701 0.522541316 0.482487827
185.105000000 0.425177000 -0.472598000 0.009729860 -0.586609974 0.369928997 0.623232297 0.361417735
185.205000000 0.344917000 -0.504365000 -0.002616330 -0.550331089 0.304692162 0.692575693 0.353040066
185.305000000 0.262309000 -0.533829000 -0.009088350 -0.515990441 0.563197420 0.361126439 0.534930113
185.405000000 0.180111000 -0.554161000 -0.013838300 -0.500864500 0.374051441 0.681008506 0.381376045
185.505000000 0.094552900 -0.577429000 -0.018463100 0.002067509 0.710857362 0.076017721 0.699213016
185.605000000 0.008610990 -0.587093000 -0.015526600 -0.163897211 0.589319670 -0.525636255 0.591224626
185.705000000 -0.082143800 -0.603564000 -0.031955300 0.137934890 0.688241191 -0.133860477 0.699556575
185.805000000 -0.178938000 -0.619334000 -0.056075300 0.050556529 0.604706564 -0.138748335 0.782638428
185.905000000 -0.266078000 -0.616435000 -0.049642400 0.322063320 0.379241568 -0.478087239 0.723798068
186.005000000 -0.347405000 -0.603183000 -0.049199500 0.371773412 0.646540701 -0.378237058 0.548367012
186.105000000 -0.430342000 -0.593499000 -0.054739400 0.472770267 0.612226588 -0.473929282 0.420782504
186.206000000 -0.503878000 -0.584328000 -0.055793400 0.442614047 0.763651481 -0.271549936 0.383653297
186.305000000 -0.575283000 -0.591999000 -0.068229400 0.206730332 0.689486843 -0.168680009 0.673362843
186.405000000 -0.648773000 -0.614179000 -0.085227200 -0.186542287 0.710678106 -0.037655075 0.677289229
186.505000000 -0.711539000 -0.646142000 -0.081806800 -0.278561111 0.641679641 -0.209449909 0.683214228
186.605000000 -0.771708000 -0.692114000 -0.089216800 -0.051776534 0.677401372 0.035473810 0.732931225
186.705000000 -0.831448000 -0.747466000 -0.093058300 0.027658288 0.789373030 0.007790811 0.613241015
186.805000000 -0.887681000 -0.803975000 -0.090014400 -0.362640297 0.442058087 0.167574409 0.803116106
186.905000000 -0.946317000 -0.868551000 -0.093754700 -0.504103818 0.436844370 0.347725007 0.658888197
187.005000000 -1.015530000 -0.936527000 -0.103716000 -0.590787525 0.388603646 0.512379147 0.487262677
187.105000000 -1.080350000 -1.001320000 -0.094537800 -0.130747087 0.061407539 0.559546455 0.816114010
187.206000000 -1.144600000 -1.066090000 -0.098955400 -0.245406931 0.656050942 0.261370840 0.664121889
187.305000000 -1.217590000 -1.122500000 -0.095018800 -0.236387597 0.740314790 0.150704101 0.611018158
187.405000000 -1.288310000 -1.172370000 -0.091967500 -0.007510066 0.635937770 0.024828896 0.771304270
187.505000000 -1.364350000 -1.206730000 -0.097164400 0.305176599 0.445456519 -0.277675175 0.794564176
187.605000000 -1.442740000 -1.237230000 -0.098212300 0.609607208 0.289469267 -0.610735845 0.414232208
187.705000000 -1.517690000 -1.250560000 -0.094120800 0.578961073 0.255130364 -0.589390507 0.502325994
187.805000000 -1.601170000 -1.257760000 -0.106006000 0.617192603 -0.404534569 -0.599648024 -0.309592183
187.905000000 -1.684050000 -1.257440000 -0.106962000 0.591955344 -0.313839888 -0.483269852 -0.563510112
188.005000000 -1.764050000 -1.257050000 -0.122662000 0.379893637 -0.598151598 -0.375573063 -0.597361168
188.105000000 -1.855280000 -1.255280000 -0.140382000 -0.039862928 -0.458230144 -0.176269797 -0.870267224
188.206000000 -1.939560000 -1.258240000 -0.147761000 -0.486116326 -0.326702252 0.416124158 -0.695555348
188.306000000 -2.020020000 -1.259430000 -0.158561000 -0.442911987 -0.329436647 0.459387250 -0.695890668
188.405000000 -2.104060000 -1.264030000 -0.172640000 -0.683152277 0.040818661 0.724763562 -0.079715639
188.505000000 -2.185480000 -1.266370000 -0.184104000 -0.855663901 -0.029205610 0.438434367 0.273425724
188.605000000 -2.268210000 -1.276600000 -0.205449000 -0.654350119 0.147642402 0.715454424 0.195326932
188.705000000 -2.356770000 -1.286450000 -0.228588000 -0.692007673 0.127982581 0.693940271 0.152291629
188.805000000 -2.436370000 -1.297960000 -0.228623000 -0.405387572 0.271630113 0.516666741 0.703515086
188.905000000 -2.504630000 -1.304580000 -0.227138000 -0.601770556 0.158188743 0.705525155 0.339238521
189.005000000 -2.567870000 -1.315170000 -0.220384000 -0.547362087 0.448633048 0.546904889 0.447233916
189.105000000 -2.617860000 -1.330100000 -0.212988000 -0.505099641 0.679602264 0.404751926 0.345240488
189.206000000 -2.672420000 -1.350910000 -0.216323000 -0.537147079 0.505694740 0.595513318 0.317977567
189.305000000 -2.738310000 -1.373900000 -0.225994000 -0.692262918 0.271236871 0.566519750 0.355327998
189.405000000 -2.798150000 -1.401810000 -0.220713000 -0.460476865 0.410574792 0.243364245 0.748440540
189.505000000 -2.859420000 -1.424230000 -0.226617000 -0.513689194 0.324652949 0.536838052 0.585259584
189.605000000 -2.922620000 -1.446820000 -0.224260000 -0.213574102 0.453012325 0.303172010 0.810711211
189.705000000 -2.978080000 -1.459770000 -0.208476000 -0.105290783 0.829932194 -0.136659307 0.530519216
189.805000000 -3.039140000 -1.469530000 -0.205609000 -0.105589829 0.594734030 0.033792897 0.796241334
189.905000000 -3.107690000 -1.478900000 -0.217789000 -0.260551038 0.482305479 -0.223358639 0.805981079
190.005000000 -3.174920000 -1.486890000 -0.218708000 -0.308123157 0.195313679 -0.564318405 0.740579114
190.105000000 -3.231680000 -1.494200000 -0.220581000 -0.106686776 0.657933174 -0.141625413 0.731904442
190.206000000 -3.288840000 -1.496660000 -0.233428000 0.599469600 0.206832679 -0.639858863 0.434093397
190.305000000 -3.346270000 -1.499480000 -0.239309000 0.578921348 -0.264143406 -0.707035550 0.308511045
190.405000000 -3.395410000 -1.503050000 -0.250417000 0.647334775 -0.100760649 -0.614919998 -0.438951451
190.505000000 -3.438430000 -1.503610000 -0.260410000 0.786022410 0.134548395 -0.590997229 0.121605000
190.605000000 -3.478440000 -1.501430000 -0.273714000 0.797859847 -0.126590260 -0.566474670 -0.162791338
190.705000000 -3.517550000 -1.501880000 -0.295412000 0.779494460 -0.138545855 -0.610679854 0.016234144
190.805000000 -3.550670000 -1.502040000 -0.308222000 0.661044831 -0.165506705 -0.703091547 -0.203198275
190.905000000 -3.570030000 -1.499310000 -0.317276000 0.786651060 -0.063246885 -0.561093334 0.249708255
191.005000000 -3.579180000 -1.499780000 -0.318638000 0.868791726 -0.151591618 -0.470892452 -0.021936637
191.105000000 -3.587130000 -1.504070000 -0.316481000 0.818996038 -0.132916481 -0.310878996 -0.463608616
191.206000000 -3.590740000 -1.505500000 -0.310238000 0.813456530 -0.081150282 -0.505876558 -0.275303493
191.305000000 -3.594030000 -1.504310000 -0.301025000 0.933901223 -0.082180716 -0.323098893 -0.129158590
191.405000000 -3.593370000 -1.503470000 -0.293438000 0.953119218 -0.270872371 0.080521044 0.108204786
191.506000000 -3.592200000 -1.501380000 -0.287368000 0.782103895 -0.458366232 0.277788877 0.317879277
191.605000000 -3.592420000 -1.502090000 -0.282022000 0.592986822 -0.622073240 0.129114975 0.494692669
191.705000000 -3.595480000 -1.499480000 -0.279233000 0.532225846 -0.631495205 -0.005319844 0.563844973
191.805000000 -3.613100000 -1.497530000 -0.279097000 0.558406049 -0.640349155 0.064109344 0.523474580
191.905000000 -3.633420000 -1.501140000 -0.272663000 0.422098007 -0.661398224 0.258258886 0.563638190
192.005000000 -3.653530000 -1.504020000 -0.273720000 0.581496470 -0.195392140 0.724223687 0.314934627
192.105000000 -3.669840000 -1.507920000 -0.274735000 0.585786467 0.173658866 0.791449385 0.017455208
192.206000000 -3.688630000 -1.513100000 -0.279125000 0.415043962 0.517155310 0.721892165 -0.197890368
192.305000000 -3.715050000 -1.520030000 -0.284472000 0.295293104 0.609371739 0.696270790 -0.238065230
192.405000000 -3.738700000 -1.526050000 -0.296156000 0.365258787 0.419745791 0.830099513 -0.036527898
192.505000000 -3.755450000 -1.531950000 -0.301358000 0.139105043 0.322663930 0.924323430 0.148875695
192.605000000 -3.765670000 -1.530440000 -0.305720000 -0.151899900 0.259838439 0.900083200 0.315056563
192.705000000 -3.770240000 -1.529120000 -0.311847000 -0.312530608 0.258703026 0.805761067 0.431446945
192.805000000 -3.771130000 -1.533210000 -0.317842000 -0.433854417 0.206309539 0.796471411 0.367205678
192.908000000 -3.767780000 -1.565310000 -0.320430000 -0.166812391 -0.070572380 0.964898682 -0.190167554
193.005000000 -3.750240000 -1.600210000 -0.323282000 -0.549491208 0.312113327 -0.689817001 -0.353266456
193.105000000 -3.730680000 -1.628700000 -0.316202000 0.253112437 -0.921446597 0.219003676 0.197250229
193.206000000 -3.710340000 -1.653990000 -0.315537000 0.745666787 0.508423681 -0.399987857 -0.159675042
193.306000000 -3.690450000 -1.674590000 -0.311690000 -0.418531845 0.579376493 0.030628511 0.698724458
193.405000000 -3.668410000 -1.696850000 -0.306586000 -0.636556092 -0.102350633 0.761441423 -0.067287804
193.505000000 -3.647170000 -1.719370000 -0.297255000 0.380990608 -0.600383395 -0.376739702 -0.593677634
193.605000000 -3.625130000 -1.744780000 -0.292182000 0.628398317 0.288510414 -0.575276260 0.436960548
193.706000000 -3.601630000 -1.772600000 -0.288528000 -0.573054587 0.361356180 0.574059365 0.459876067
193.805000000 -3.575130000 -1.806170000 -0.292198000 0.279551500 -0.329158646 -0.298052995 -0.851275488
193.905000000 -3.551230000 -1.826870000 -0.269578000 -0.109962205 0.507444342 0.279838026 0.807526614
194.005000000 -3.534350000 -1.832510000 -0.253486000 0.529213959 -0.411091261 -0.275085977 -0.689394130
194.105000000 -3.514850000 -1.835750000 -0.235862000 0.365876564 0.446806367 -0.434562193 0.691125250
194.206000000 -3.498340000 -1.833100000 -0.226527000 -0.440112581 -0.617942202 -0.027857256 -0.650901163
194.305000000 -3.482380000 -1.826220000 -0.226725000 0.900860897 -0.167029003 -0.345446307 0.203021685
194.405000000 -3.464190000 -1.816910000 -0.227069000 -0.432744069 0.895462787 0.064979147 0.081588473
194.505000000 -3.447100000 -1.806740000 -0.231541000 -0.120445529 -0.913168292 0.082177117 0.380609335
194.605000000 -3.430960000 -1.802920000 -0.243665000 0.505838521 0.656988032 0.168254095 -0.533089745
194.705000000 -3.403310000 -1.797360000 -0.250794000 -0.484588986 -0.342978252 -0.244161342 0.766762461
194.805000000 -3.366990000 -1.793940000 -0.266043000 0.704539737 -0.071775454 0.702709963 0.068342890
194.905000000 -3.326840000 -1.794380000 -0.290193000 -0.215408330 0.786703038 0.389018076 -0.428208498
195.005000000 -3.325130000 -1.807760000 -0.285888000 0.310120583 -0.676607783 -0.482791002 -0.461454201
195.112000000 -3.330860000 -1.814560000 -0.288589000 0.233375770 -0.457010310 -0.831385159 -0.213251129
195.206000000 -3.336910000 -1.825290000 -0.287133000 0.373042640 -0.117827297 -0.919656362 0.034468713
195.305000000 -3.338770000 -1.838460000 -0.287473000 0.248842178 -0.004978747 -0.953106215 0.172166562
195.405000000 -3.339220000 -1.849760000 -0.293448000 0.232247412 0.026974185 -0.953647516 0.189446426
195.506000000 -3.337870000 -1.861730000 -0.296850000 0.356335241 -0.066675141 -0.908796478 0.206563751
195.605000000 -3.331280000 -1.873480000 -0.298942000 0.054334949 -0.050788344 -0.980631092 0.181193043
195.705000000 -3.322340000 -1.886500000 -0.296903000 -0.017464354 -0.048930379 -0.981775485 0.182805121
195.805000000 -3.312090000 -1.901270000 -0.292175000 -0.148186525 -0.013622475 -0.971133558 0.186426377
195.905000000 -3.301030000 -1.914940000 -0.289834000 -0.315618148 0.018394000 -0.941793059 0.114335824
196.005000000 -3.290300000 -1.928060000 -0.289465000 -0.276717839 -0.051047771 -0.943127478 0.177008258
196.105000000 -3.279930000 -1.935860000 -0.292967000 -0.457842658 -0.064077697 -0.876900683 0.131602970
196.206000000 -3.273040000 -1.938690000 -0.297331000 -0.515915314 -0.086987536 -0.838028316 0.154832485
196.305000000 -3.268660000 -1.936660000 -0.303178000 -0.653547623 -0.160042567 -0.719883029 0.170382823
196.405000000 -3.266100000 -1.933260000 -0.306320000 -0.697760799 -0.150077631 -0.684801721 0.147150176
196.505000000 -3.267480000 -1.925560000 -0.311150000 -0.647735012 -0.178611191 -0.714772954 0.194002634
196.605000000 -3.270400000 -1.910870000 -0.315182000 -0.686712224 -0.141301314 -0.698694932 0.142427706
196.705000000 -3.274610000 -1.898660000 -0.315272000 -0.723447120 -0.139310057 -0.663184113 0.131923482
196.805000000 -3.277590000 -1.883070000 -0.316620000 -0.699123415 -0.110409114 -0.697768707 0.110250214
196.905000000 -3.282090000 -1.867210000 -0.315280000 -0.620454255 -0.183495373 -0.734613571 0.204227486
197.005000000 -3.288040000 -1.850980000 -0.309122000 -0.532846527 -0.193133422 -0.786631206 0.244919183
197.105000000 -3.293030000 -1.834720000 -0.301959000 -0.419087102 -0.183380157 -0.844837156 0.277466934
197.206000000 -3.297900000 -1.823310000 -0.291241000 -0.220518373 -0.119688522 -0.926629542 0.280007138
197.305000000 -3.302350000 -1.812470000 -0.282150000 -0.139376242 -0.064771621 -0.950672422 0.269445443
197.405000000 -3.306550000 -1.804550000 -0.269585000 0.069929437 -0.000253080 -0.964209320 0.255754172
197.505000000 -3.309740000 -1.798820000 -0.260187000 0.164522933 0.053524725 -0.962606540 0.208460923
197.605000000 -3.311900000 -1.798360000 -0.253154000 0.276586045 0.081942034 -0.929577861 0.229500898
197.705000000 -3.313030000 -1.801860000 -0.248529000 0.313808123 0.060271784 -0.923386573 0.212718149
197.805000000 -3.312690000 -1.807650000 -0.246390000 0.255716646 0.021993162 -0.953109567 0.160335433
197.905000000 -3.311360000 -1.815600000 -0.245233000 0.319569919 0.036365467 -0.935359147 0.147159389
198.005000000 -3.310250000 -1.826160000 -0.245924000 0.378261679 0.018687693 -0.912411346 0.155159302
198.105000000 -3.309700000 -1.835940000 -0.249591000 0.396819062 0.025015457 -0.907703918 0.134098681
198.206000000 -3.308780000 -1.848040000 -0.256371000 0.302094074 0.008435244 -0.942766433 0.140923633
198.305000000 -3.307010000 -1.860440000 -0.264751000 0.259644654 0.001252823 -0.951853610 0.162965609
198.406000000 -3.305610000 -1.873550000 -0.274601000 0.181995983 -0.002335214 -0.964922950 0.189197539
198.505000000 -3.302300000 -1.884190000 -0.285557000 0.020471093 -0.004588486 -0.987277131 0.157618992
198.605000000 -3.300680000 -1.893600000 -0.296154000 -0.072156742 0.023551024 -0.988290341 0.132366745
198.706000000 -3.298090000 -1.901950000 -0.306110000 -0.165237675 0.022252733 -0.978611098 0.120505788
198.805000000 -3.295730000 -1.908930000 -0.313854000 -0.246577540 0.026684229 -0.959863113 0.130959048
198.905000000 -3.293650000 -1.912110000 -0.321698000 -0.337587385 -0.012822878 -0.930680929 0.140368585
199.005000000 -3.292040000 -1.912970000 -0.325592000 -0.418102601 -0.063947667 -0.891095791 0.164466419
199.105000000 -3.268110000 -1.904210000 -0.323947000 -0.511097385 -0.163477488 -0.817451122 0.209351948
199.206000000 -3.238690000 -1.893480000 -0.318793000 0.707446322 -0.204110369 0.657166202 0.161217995
199.306000000 -3.202500000 -1.870980000 -0.308427000 -0.731368920 0.188182654 -0.652371358 -0.064018770
199.405000000 -3.167700000 -1.845940000 -0.297232000 0.748707464 -0.650879677 0.112675248 0.055651305
199.505000000 -3.134940000 -1.818200000 -0.288536000 -0.312624249 0.932135975 0.062465489 0.171716821
199.605000000 -3.105060000 -1.787520000 -0.275920000 -0.191531452 -0.897204776 0.070874838 -0.391555934
199.705000000 -3.081650000 -1.756650000 -0.265968000 0.509761180 0.543962845 -0.471215987 0.471384615
199.805000000 -3.068180000 -1.711080000 -0.252445000 -0.651845206 0.303863399 0.694810521 0.001789432
199.906000000 -3.060260000 -1.668380000 -0.242891000 0.631355415 -0.655642811 -0.388966500 0.142224843
200.005000000 -3.053520000 -1.617610000 -0.241244000 -0.632603581 0.615545071 0.063725099 -0.465678093
200.106000000 -3.052800000 -1.563920000 -0.234228000 0.150655353 -0.261877606 -0.467766837 0.830612587
200.206000000 -3.044950000 -1.521280000 -0.250355000 0.653025048 -0.402953807 0.256057284 -0.587895554
200.306000000 -3.034320000 -1.479400000 -0.256301000 -0.171739389 -0.127003286 0.777184551 0.591912089
200.405000000 -3.009740000 -1.451680000 -0.235068000 -0.204639739 0.006893512 -0.325247628 -0.923195016
200.505000000 -2.972980000 -1.430800000 -0.215150000 0.880977497 0.442181586 -0.157441845 -0.059717330
200.605000000 -2.916740000 -1.408020000 -0.209017000 0.487877497 0.398931549 0.166816360 -0.758288513
200.705000000 -2.835000000 -1.383850000 -0.224610000 0.414611675 0.431629880 -0.801082517 0.007720575
200.805000000 -2.749660000 -1.371790000 -0.234248000 -0.233909471 -0.886188446 0.268308158 0.296592531
200.906000000 -2.665340000 -1.340420000 -0.241400000 0.112428296 -0.777459744 0.617574311 -0.038964025
201.005000000 -2.579060000 -1.318340000 -0.228619000 0.560510693 -0.606430102 0.561593877 0.051793942
201.108000000 -2.492550000 -1.298400000 -0.227229000 0.452597451 -0.870866727 -0.177811800 0.071621608
201.206000000 -2.398060000 -1.277610000 -0.228953000 0.440191557 -0.736735098 -0.486849347 0.162574604
201.306000000 -2.312420000 -1.255900000 -0.217215000 0.507911514 -0.828580484 -0.146849522 -0.184161598
201.405000000 -2.225310000 -1.243430000 -0.208535000 0.814001575 -0.568621263 0.103694319 -0.057608890
201.505000000 -2.141150000 -1.225810000 -0.200779000 0.691276738 -0.589635420 0.417463828 0.013801989
201.606000000 -2.053530000 -1.215780000 -0.201262000 0.435772303 -0.658820604 0.308989610 0.529701172
201.705000000 -1.962270000 -1.199130000 -0.213173000 0.432263530 -0.841057914 0.134398884 0.296153282
201.805000000 -1.869020000 -1.175650000 -0.221270000 0.305161969 -0.886990072 -0.210465325 0.275370897
201.905000000 -1.792300000 -1.134610000 -0.211024000 0.500858472 -0.848026490 -0.159423738 0.067645663
202.005000000 -1.719530000 -1.091580000 -0.212528000 0.766880312 -0.358397545 0.531228353 -0.035245179
202.105000000 -1.654210000 -1.044520000 -0.202361000 0.622661608 -0.473584076 0.512307529 0.354332669
202.206000000 -1.598410000 -0.994795000 -0.186305000 0.461202343 -0.686224353 -0.046310281 0.560574611
202.306000000 -1.538100000 -0.943005000 -0.180592000 0.622445577 -0.565758996 0.034933008 0.539683192
202.405000000 -1.471070000 -0.890942000 -0.172979000 0.585737076 -0.539793630 0.276350303 0.537741039
202.505000000 -1.410640000 -0.843753000 -0.148966000 0.994654098 0.029315562 -0.027286100 0.095180315
202.605000000 -1.351140000 -0.792483000 -0.137070000 0.783934203 0.374871417 0.331748228 -0.367235209
202.705000000 -1.276400000 -0.754889000 -0.114025000 0.907983092 0.392764135 0.046250718 -0.138433776
202.805000000 -1.207170000 -0.719966000 -0.102914000 0.978763311 0.196307080 -0.058284312 0.009426015
202.906000000 -1.124720000 -0.691502000 -0.104313000 0.948028542 0.233644025 -0.200337360 0.080729766
203.005000000 -1.043840000 -0.670440000 -0.091153000 0.927458251 0.191773853 -0.175840374 -0.268559387
203.106000000 -0.969062000 -0.656905000 -0.075341900 0.911935442 0.379576593 -0.111985899 -0.108418261
203.206000000 -0.893838000 -0.637683000 -0.066937900 0.810215446 0.264814933 0.009901802 -0.522805831
203.306000000 -0.821522000 -0.628855000 -0.059946000 0.675286895 0.423091767 0.214230214 -0.564877315
203.405000000 -0.746686000 -0.619220000 -0.065665100 0.961360171 0.146145487 0.170356094 -0.159395480
203.505000000 -0.661175000 -0.607156000 -0.076657000 0.973758976 -0.029383934 0.085239577 0.208959937
203.606000000 -0.584459000 -0.593901000 -0.067036700 0.964320144 0.077308457 -0.110843011 -0.227648611
203.705000000 -0.507504000 -0.587589000 -0.067529200 0.660081252 0.628828202 0.055660421 -0.407148315
203.806000000 -0.428852000 -0.570544000 -0.067720000 0.572397124 0.662261448 0.137832797 -0.463436540
203.908000000 -0.358294000 -0.546635000 -0.067194600 0.722047648 0.617668741 0.311593715 -0.006471323
204.006000000 -0.286659000 -0.518462000 -0.073396700 0.620757154 0.619823997 0.442438947 0.186350599
204.105000000 -0.214906000 -0.487607000 -0.077080300 0.452302972 0.574533025 0.632205177 0.256223416
204.206000000 -0.158646000 -0.459866000 -0.059849700 -0.053660418 0.887814487 0.382510548 0.250183287
204.305000000 -0.101471000 -0.432083000 -0.047815900 -0.332928550 0.920066279 -0.114886193 -0.171574431
204.406000000 -0.042732400 -0.399602000 -0.028246300 -0.321971025 0.854067619 -0.010921165 -0.408391834
204.505000000 0.022547000 -0.374156000 0.003506280 -0.195882716 0.722846556 0.544512455 -0.377662555
204.605000000 0.097917700 -0.339220000 0.018800200 -0.255340513 0.631874019 0.592767443 -0.429142406
204.705000000 0.181096000 -0.292902000 0.024571500 -0.127999085 0.685740016 0.390198202 -0.600934462
204.806000000 0.263025000 -0.246860000 0.043972600 -0.844281427 -0.046640752 0.447345264 -0.291368712
204.906000000 0.345435000 -0.187197000 0.036238100 -0.993626347 -0.112602140 0.003494978 -0.003901950
205.005000000 0.424965000 -0.131327000 0.033663500 -0.847846954 -0.137772427 -0.392718273 -0.328552369
205.105000000 0.495461000 -0.071098100 0.021084900 -0.737984657 0.040545011 -0.081001319 -0.668710352
205.206000000 0.571129000 -0.012351300 0.008129940 -0.460018101 0.070992304 -0.227481769 -0.855333552
205.306000000 0.640852000 0.046292000 -0.003914540 -0.708796999 0.194951438 -0.560044736 -0.382034874
205.405000000 0.704337000 0.094403800 -0.002729290 -0.531463938 -0.619690388 -0.517368606 -0.256631311
205.506000000 0.774346000 0.149533000 -0.008877620 -0.520540234 -0.680109686 -0.321642548 0.403775620
205.606000000 0.840047000 0.197730000 -0.001004830 -0.375511246 -0.658530706 -0.343923246 0.554116787
205.705000000 0.897568000 0.251192000 0.005035710 -0.502303365 -0.752625592 -0.420241781 0.068138778
205.805000000 0.963976000 0.307978000 0.002554920 -0.460218911 -0.461074860 -0.752764272 -0.094628103
205.906000000 1.015070000 0.362276000 0.019315800 -0.192213208 -0.966753943 -0.168600994 -0.003821131
206.005000000 1.062150000 0.414566000 0.035077500 0.300266473 -0.838197626 -0.181170564 0.417662557
206.106000000 1.115850000 0.470621000 0.050032800 0.418149124 -0.786866926 0.199487298 0.407672135
206.206000000 1.171700000 0.511253000 0.072760400 0.563439641 -0.703169156 0.174075035 0.397223854
206.306000000 1.234610000 0.554005000 0.083245800 0.708372905 -0.648256500 -0.124226294 0.250078319
206.405000000 1.310210000 0.596163000 0.091094400 0.782775997 -0.434299784 -0.246059698 0.371618167
206.505000000 1.378330000 0.630377000 0.110506000 0.928630612 -0.093335244 -0.154648317 0.324064216
206.605000000 1.446240000 0.664032000 0.112418000 0.885846619 0.423295833 0.016929331 -0.189234784
206.706000000 1.504780000 0.701112000 0.122026000 0.869953783 0.422787886 0.000331956 0.253832047
206.806000000 1.559200000 0.731567000 0.123136000 0.812383878 0.278105120 0.419202227 0.294888910
206.906000000 1.618450000 0.766883000 0.113112000 0.678989678 0.431470593 0.326345990 0.496290681
207.005000000 1.683150000 0.805013000 0.102290000 0.442429563 0.451022947 0.255278675 0.731892876
207.106000000 1.736040000 0.836533000 0.108417000 0.300643039 0.477404673 0.401977665 0.721188255
207.206000000 1.786100000 0.865334000 0.108097000 0.460336418 0.710861530 0.487846719 0.211593589
207.306000000 1.832550000 0.901222000 0.111723000 0.278486748 0.842048142 0.208758939 0.412091934
207.406000000 1.874940000 0.931986000 0.116511000 0.180666427 0.971548791 0.140379421 -0.061206263
207.506000000 1.910110000 0.963865000 0.110440000 0.278575918 0.261178493 0.913257318 0.141923659
207.606000000 1.946940000 0.996182000 0.096538400 -0.042967779 0.312781504 0.864985256 0.390028213
207.706000000 1.977430000 1.029150000 0.092163000 -0.434331087 0.364858807 0.712535402 0.412950189
207.806000000 1.991690000 1.060120000 0.095648000 -0.466974889 0.064882558 0.868156930 0.155010488
207.905000000 2.003990000 1.077950000 0.104409000 -0.531185636 0.261482415 0.743083593 -0.311922331
208.006000000 2.017080000 1.096950000 0.107816000 -0.903771540 0.202213451 0.370924444 0.068715208
208.106000000 2.033230000 1.104590000 0.131564000 -0.790389739 -0.078778459 0.606159382 -0.040605650
208.206000000 2.044910000 1.117100000 0.141037000 -0.919967404 -0.379923013 0.089350977 0.036536030
208.306000000 2.058520000 1.129040000 0.150608000 -0.619006357 -0.521907246 -0.324164054 -0.489245974
208.406000000 2.075100000 1.146070000 0.158954000 -0.359294461 -0.807664092 -0.210859751 -0.417282123
208.506000000 2.096710000 1.170690000 0.159050000 -0.239998610 -0.661658890 -0.525981833 -0.477442449
208.606000000 2.118720000 1.197050000 0.164131000 0.352303201 -0.617387819 -0.364056645 -0.601811843
208.706000000 2.137200000 1.219280000 0.169354000 0.569904054 -0.371603007 -0.732262672 -0.030198571
208.806000000 2.153170000 1.238740000 0.173425000 0.685701150 -0.567895749 -0.452943013 0.046378644
208.906000000 2.178770000 1.249330000 0.178032000 0.841056374 -0.534965588 0.079623678 -0.009801313
209.006000000 2.207750000 1.250110000 0.181682000 -0.533452791 -0.777360411 0.323806551 -0.079298354
209.106000000 2.230110000 1.239340000 0.183060000 0.196733527 0.888058768 -0.262968781 0.321706331
209.206000000 2.246470000 1.225110000 0.181635000 0.324587062 -0.848655091 0.281764713 -0.308279778
209.306000000 2.259880000 1.208190000 0.175553000 -0.895676239 0.358821272 -0.112319025 0.237478012
209.406000000 2.269400000 1.189750000 0.167528000 0.896927432 0.336269003 0.228305275 -0.174129380
209.506000000 2.271840000 1.167450000 0.157426000 -0.536798327 -0.676198309 -0.384830435 0.326357074
209.606000000 2.269500000 1.139850000 0.146200000 0.067924521 0.783747902 0.118595159 -0.605855324
209.706000000 2.265700000 1.118010000 0.125436000 0.357396247 -0.760709811 0.119696267 0.528451804
209.806000000 2.258520000 1.120080000 0.123820000 -0.591138357 -0.185814713 0.463730064 0.633231998
209.906000000 2.238090000 1.131830000 0.133402000 -0.139191920 -0.022265921 0.464359289 0.874357072
210.006000000 2.219660000 1.141890000 0.147285000 0.027130795 0.001861532 0.772306805 0.634667357
210.106000000 2.202680000 1.146450000 0.162719000 0.021391641 -0.051386261 0.927188005 0.370437922
210.206000000 2.192190000 1.149020000 0.176177000 0.019420993 -0.069079120 0.993229770 0.091353842
210.306000000 2.189070000 1.151090000 0.189714000 -0.082901116 -0.084215421 0.990741347 -0.066833761
210.406000000 2.192350000 1.150650000 0.199066000 -0.129457577 -0.257873133 0.928245923 -0.234737489
210.506000000 2.200280000 1.150820000 0.206742000 -0.152775497 -0.256388652 0.895841492 -0.329230206
210.606000000 2.211550000 1.152460000 0.209755000 -0.194257870 -0.281806145 0.847562309 -0.405570351
210.706000000 2.225430000 1.153600000 0.207999000 -0.153305220 -0.339557444 0.783329810 -0.497586837
210.806000000 2.240280000 1.152510000 0.205305000 -0.144007335 -0.297408917 0.780726982 -0.530353848
210.906000000 2.255610000 1.153870000 0.200274000 -0.144764547 -0.255759629 0.792364830 -0.534591633
211.006000000 2.271890000 1.156560000 0.193862000 -0.108559414 -0.212270056 0.816585646 -0.525684468
211.106000000 2.288270000 1.157980000 0.184027000 0.023668393 -0.288882227 0.798808145 -0.527155018
211.206000000 2.301750000 1.160730000 0.172591000 0.103269727 -0.263445682 0.803381203 -0.523937380
211.306000000 2.313900000 1.164980000 0.163724000 0.223983265 -0.198426798 0.766456578 -0.568333191
211.406000000 2.321160000 1.170120000 0.154705000 0.336768020 -0.093380530 0.717585021 -0.602444283
211.506000000 2.325410000 1.176050000 0.147382000 0.355437082 0.059861127 0.661253365 -0.657894455
211.606000000 2.325320000 1.183490000 0.140676000 0.397590473 0.141604084 0.644872164 -0.637189133
211.706000000 2.320520000 1.189620000 0.136082000 0.436145931 0.220580387 0.610859786 -0.622873455
211.806000000 2.312620000 1.194960000 0.135987000 0.416746500 0.294628356 0.578896822 -0.635920558
211.906000000 2.300400000 1.197120000 0.133951000 0.515275819 0.236503386 0.604330695 -0.559769051
212.006000000 2.286280000 1.197190000 0.136273000 0.493761996 0.253442680 0.579579585 -0.596702106
212.106000000 2.270850000 1.195520000 0.140120000 0.468863242 0.232595616 0.577581906 -0.626470814
212.206000000 2.254880000 1.190730000 0.142651000 0.506325321 0.178210541 0.595965837 -0.597243998
212.306000000 2.240000000 1.183610000 0.148152000 0.489778425 0.175846373 0.540685788 -0.660949337
212.406000000 2.227750000 1.177600000 0.154452000 0.522147168 0.109748654 0.526096137 -0.662223846
212.506000000 2.218130000 1.170130000 0.162160000 0.522503535 0.061232710 0.461525108 -0.714307487
212.606000000 2.212960000 1.163090000 0.171123000 0.495304796 -0.003291935 0.427663169 -0.756152455
212.706000000 2.214170000 1.158820000 0.182246000 0.514521965 -0.044906655 0.404568300 -0.754701949
212.806000000 2.221450000 1.153170000 0.192926000 0.507256611 -0.088960663 0.382225822 -0.767254946
212.906000000 2.232010000 1.149400000 0.203909000 0.502391558 -0.115255167 0.356328380 -0.779326026
213.006000000 2.245640000 1.146550000 0.212454000 0.491852164 -0.138105867 0.324904287 -0.795892846
213.106000000 2.259490000 1.145200000 0.215476000 0.507046210 -0.127589119 0.323973152 -0.788458340
213.206000000 2.276690000 1.145180000 0.213351000 0.560859499 -0.154326229 0.327582378 -0.744519861
213.306000000 2.290840000 1.147380000 0.207523000 0.551078706 -0.114201129 0.339582662 -0.753627214
213.406000000 2.302280000 1.148890000 0.194263000 0.570659026 -0.062016563 0.346897603 -0.741730594
213.506000000 2.308720000 1.154070000 0.177888000 0.599158180 -0.046189104 0.384340493 -0.700826960
213.606000000 2.312090000 1.159300000 0.158281000 0.574129054 0.042939893 0.434886895 -0.692391062
213.706000000 2.310300000 1.166450000 0.142337000 0.561779533 0.098640139 0.465705545 -0.676603447
213.806000000 2.301860000 1.173620000 0.127184000 0.552781133 0.144769571 0.475311567 -0.668994547
213.906000000 2.290590000 1.178110000 0.118519000 0.565549845 0.158383666 0.487054052 -0.646410348
214.006000000 2.276380000 1.181780000 0.116537000 0.545291952 0.181173705 0.488647938 -0.656548526
214.106000000 2.261640000 1.183280000 0.120028000 0.545491345 0.174824188 0.489093281 -0.657771585
214.206000000 2.248530000 1.186160000 0.130907000 0.519141210 0.134186552 0.470737169 -0.700637489
214.306000000 2.239050000 1.187560000 0.143540000 0.524492390 0.080605206 0.459407408 -0.712288822
214.406000000 2.234040000 1.186530000 0.159764000 0.516001167 0.045247770 0.437833508 -0.734845054
214.506000000 2.232530000 1.184570000 0.175479000 0.524157434 -0.012519686 0.428493990 -0.735863535
214.607000000 2.235270000 1.184310000 0.189865000 0.504051255 -0.066003802 0.405642924 -0.759624676
214.708000000 2.239500000 1.183730000 0.200303000 0.490759404 -0.083719971 0.382260492 -0.778474849
214.806000000 2.245530000 1.181830000 0.205963000 0.488241284 -0.087294122 0.368782499 -0.786129539
214.906000000 2.252640000 1.180840000 0.207490000 0.485164212 -0.100205945 0.371789790 -0.785077581
215.006000000 2.260350000 1.178470000 0.204704000 0.480986868 -0.086241346 0.353998959 -0.797432630
215.106000000 2.267160000 1.175940000 0.197251000 0.482582449 -0.069371224 0.354593464 -0.797850417
215.206000000 2.271840000 1.173570000 0.185703000 0.501849322 -0.054807446 0.369201507 -0.780277930
215.306000000 2.275590000 1.170130000 0.174403000 0.526546618 -0.019182881 0.380378346 -0.760061175
215.406000000 2.277910000 1.167350000 0.162602000 0.503620260 -0.003284396 0.395291634 -0.768179908
215.506000000 2.278820000 1.163940000 0.150833000 0.527662925 0.035989159 0.405119326 -0.745757970
215.606000000 2.279290000 1.161350000 0.142051000 0.535293829 0.040936600 0.420824695 -0.731225880
215.706000000 2.277680000 1.158020000 0.138057000 0.543004331 0.034309219 0.416676121 -0.728251457
215.806000000 2.275030000 1.157550000 0.136765000 0.526787807 0.071008494 0.418189237 -0.736593621
215.906000000 2.272790000 1.158010000 0.139992000 0.537633228 0.080250410 0.416937049 -0.728473665
216.006000000 2.271400000 1.157330000 0.146155000 0.540526064 0.084076834 0.409365116 -0.730193715
216.106000000 2.271350000 1.159170000 0.153778000 0.549479302 0.061153497 0.415439289 -0.722317758
216.206000000 2.272710000 1.159980000 0.162246000 0.553904821 0.055645638 0.406611998 -0.724402993
216.306000000 2.273550000 1.162540000 0.169946000 0.571705095 0.030932920 0.417588783 -0.705560803
216.406000000 2.275480000 1.163450000 0.175381000 0.579199282 0.034329257 0.419165716 -0.698319266
216.506000000 2.276670000 1.165050000 0.180267000 0.602378626 0.025035115 0.422369594 -0.676843527
216.606000000 2.275570000 1.167100000 0.180700000 0.609122848 0.026396782 0.413763224 -0.676071417
216.708000000 2.273640000 1.168310000 0.178960000 0.588231415 0.033827079 0.425228117 -0.687037539
216.806000000 2.269710000 1.168730000 0.173874000 0.598836531 0.037648547 0.429401439 -0.674975407
216.906000000 2.266650000 1.169370000 0.169318000 0.592438994 0.041483003 0.422803546 -0.684494237
217.006000000 2.262290000 1.171490000 0.163414000 0.600116109 -0.004331141 0.446426220 -0.663736037
217.106000000 2.258650000 1.173230000 0.157235000 0.619465266 -0.011583352 0.425849659 -0.659379009
217.206000000 2.254300000 1.173350000 0.152711000 0.605286675 -0.023207660 0.417836534 -0.677127814
217.306000000 2.252370000 1.173320000 0.151515000 0.572087554 0.011251428 0.407322211 -0.711813074
217.406000000 2.252270000 1.173950000 0.154351000 0.546714000 0.017885552 0.400729700 -0.734982732
217.506000000 2.254160000 1.175000000 0.158093000 0.535350647 0.016777126 0.383027299 -0.752601024
217.606000000 2.259320000 1.174090000 0.162395000 0.567635788 0.005913021 0.391868937 -0.724012006
217.706000000 2.266370000 1.175100000 0.168518000 0.570801784 -0.023081452 0.403598551 -0.714675297
217.806000000 2.273440000 1.174990000 0.173227000 0.567466536 -0.000764169 0.392294022 -0.723938220
217.906000000 2.280460000 1.175300000 0.176989000 0.562007208 0.011061318 0.406653839 -0.720179284
218.006000000 2.286200000 1.175180000 0.178431000 0.605384651 0.006334884 0.407367652 -0.683754992
218.108000000 2.290520000 1.173970000 0.177560000 0.597355546 0.012418254 0.410318742 -0.688948959
218.206000000 2.290850000 1.174460000 0.173102000 0.597282228 0.022852636 0.416505433 -0.685021840
218.306000000 2.288170000 1.173780000 0.165183000 0.580528942 0.053734872 0.423981186 -0.693064690
218.406000000 2.283120000 1.171760000 0.158228000 0.566450125 0.066052327 0.431748610 -0.698830798
218.506000000 2.277850000 1.168810000 0.148384000 0.608326873 0.063332725 0.449870403 -0.650802583
218.606000000 2.269490000 1.165650000 0.141540000 0.606785522 0.050010646 0.432054560 -0.665311297
218.706000000 2.261340000 1.161940000 0.136815000 0.605624431 0.046776105 0.425563435 -0.670765836
218.806000000 2.251660000 1.161380000 0.135063000 0.561306973 0.064376044 0.403410785 -0.719756866
218.906000000 2.244380000 1.161000000 0.138558000 0.568294154 0.058951623 0.401164804 -0.715984121
219.006000000 2.238850000 1.160750000 0.147658000 0.586376591 0.032695755 0.384336446 -0.712305396
219.106000000 2.236940000 1.161400000 0.157288000 0.560214242 -0.002210230 0.375775924 -0.738205644
219.206000000 2.239210000 1.162770000 0.168664000 0.582901579 -0.023348785 0.361202582 -0.727470466
219.306000000 2.245250000 1.164710000 0.178784000 0.582541968 -0.052795100 0.352700848 -0.730383218
219.406000000 2.252480000 1.165670000 0.187668000 0.584377006 -0.043792318 0.317566076 -0.745478058
219.507000000 2.263020000 1.166750000 0.196017000 0.583304820 -0.050783291 0.323565447 -0.743291293
219.606000000 2.273930000 1.169550000 0.197956000 0.595833529 -0.053460622 0.318043835 -0.735508319
219.706000000 2.283930000 1.172030000 0.199163000 0.584428379 -0.047022587 0.331233105 -0.739267865
219.806000000 2.291780000 1.175550000 0.193497000 0.568993500 -0.017171471 0.353961967 -0.742066347
219.906000000 2.296800000 1.177160000 0.186255000 0.559516470 0.006229303 0.371234212 -0.741004505
220.006000000 2.298630000 1.176820000 0.171494000 0.554958849 0.038674025 0.382824263 -0.737543612
220.106000000 2.297150000 1.178590000 0.157356000 0.548498200 0.062603865 0.395387543 -0.734097522
220.206000000 2.292730000 1.180650000 0.143223000 0.546866724 0.076459573 0.414050906 -0.723638422
220.306000000 2.284730000 1.179890000 0.133082000 0.547743674 0.109092536 0.412214348 -0.719829853
220.406000000 2.275610000 1.177930000 0.126861000 0.563027150 0.104253875 0.427975728 -0.699262708
220.506000000 2.265810000 1.175270000 0.126521000 0.549533860 0.126428166 0.412752484 -0.715306817
220.606000000 2.256760000 1.171030000 0.131079000 0.563412849 0.109207208 0.413311015 -0.706975072
220.706000000 2.250640000 1.157120000 0.140048000 0.545758100 0.062863330 0.438436600 -0.711315433
220.806000000 2.247070000 1.128180000 0.152310000 0.292345260 -0.280998638 0.911547108 -0.068234042
220.906000000 2.243380000 1.086860000 0.164217000 -0.130490430 0.025452564 -0.714857625 0.686515106
221.006000000 2.233480000 1.035210000 0.177711000 -0.161929733 -0.049396399 0.980565047 -0.099151131
221.106000000 2.217300000 0.984545000 0.179748000 -0.752428064 -0.166457462 -0.064593338 -0.634012320
221.207000000 2.200460000 0.944701000 0.165608000 0.250030134 -0.499833322 -0.828589359 -0.033034175
221.306000000 2.174380000 0.904891000 0.161703000 -0.636237570 0.398971402 0.485710616 0.447335189
221.406000000 2.157320000 0.885485000 0.164539000 0.565850720 -0.377506042 -0.403885216 -0.611701629
221.506000000 2.121640000 0.853506000 0.167125000 -0.364270637 -0.269638030 0.882345848 0.126759776
221.606000000 2.093790000 0.830170000 0.157809000 0.243939463 -0.197072050 0.265971832 -0.911545462
221.706000000 2.101010000 0.834894000 0.156162000 -0.251025847 -0.094407322 -0.785171725 0.558192300
221.806000000 2.112100000 0.845477000 0.157473000 -0.204075422 0.092699858 -0.959117095 0.172784133
221.906000000 2.096930000 0.839952000 0.152791000 0.208940222 0.514629421 -0.477804537 -0.680590455
222.006000000 2.080230000 0.827170000 0.142904000 -0.296315725 -0.581711987 -0.170549578 0.738052164
222.106000000 2.071850000 0.806548000 0.119365000 0.641073159 0.162539172 0.680074504 -0.316393571
222.207000000 2.060880000 0.784523000 0.113758000 -0.446513912 -0.769940602 -0.328870435 -0.315691356
222.306000000 2.036150000 0.770029000 0.115001000 0.337288801 0.258404367 0.883447693 0.197442705
222.406000000 2.000500000 0.758310000 0.123365000 -0.253593279 -0.578287110 -0.757094193 -0.167579383
222.506000000 1.969490000 0.738123000 0.149856000 0.178366909 0.294556341 0.784176964 0.516225045
222.606000000 1.925330000 0.706847000 0.154145000 -0.374177914 0.405683548 -0.566637889 -0.611827795
222.706000000 1.860750000 0.671780000 0.159415000 -0.713647691 -0.695307397 0.074571902 -0.041153703
222.806000000 1.789510000 0.625210000 0.149415000 0.579362469 0.259797598 -0.683149505 -0.360764592
222.906000000 1.719940000 0.588364000 0.169401000 -0.801319373 0.134403854 0.527513655 0.248097179
223.006000000 1.640260000 0.563657000 0.182179000 0.370424045 0.585896915 -0.483593535 0.534460592
223.107000000 1.557380000 0.532006000 0.172783000 0.112843397 -0.933193497 -0.315142105 -0.130773538
223.206000000 1.476430000 0.495142000 0.176394000 -0.276271910 -0.627222611 0.250392564 -0.683790313
223.306000000 1.399980000 0.456597000 0.157152000 -0.608752304 0.344103849 0.693230514 0.174483891
223.406000000 1.312460000 0.408901000 0.123795000 -0.032295483 0.484567065 0.545505537 0.683063299
223.506000000 1.238190000 0.351364000 0.109686000 0.257633148 0.491511015 -0.223291119 0.801363313
223.606000000 1.159270000 0.298830000 0.082388300 0.510985864 0.297397777 -0.519022457 0.617303571
223.706000000 1.084560000 0.243023000 0.058347100 0.566120956 0.179392235 -0.773030756 0.223044701
223.806000000 1.011920000 0.192021000 0.039736400 0.664360233 0.095413757 -0.740972885 -0.021928974
223.907000000 0.943134000 0.137012000 0.021374600 0.663970938 -0.237818120 -0.676141513 -0.213114501
224.006000000 0.869610000 0.083520000 0.015861300 0.442911890 -0.463089267 -0.673394139 -0.368670208
224.106000000 0.806446000 0.035270700 0.024278300 0.374063694 -0.616711818 -0.296583352 -0.625924278
224.206000000 0.743465000 -0.011598900 0.015868400 -0.259995342 -0.481938698 0.424845058 -0.720863503
224.306000000 0.679217000 -0.056336300 0.017955200 -0.123855793 -0.408645089 0.750660183 -0.504160911
224.406000000 0.621631000 -0.094378300 0.016385400 -0.360810326 -0.636185917 0.619721526 -0.284655262
224.506000000 0.562997000 -0.132820000 0.005477180 -0.609009010 -0.407046367 0.667131829 -0.135485807
224.606000000 0.500582000 -0.171367000 -0.000256901 -0.674898710 -0.120016692 0.696491953 0.212147790
224.706000000 0.443922000 -0.198342000 0.010024500 -0.705541746 0.084828419 0.664192893 -0.232083572
224.806000000 0.388990000 -0.229078000 0.009259840 -0.460084505 0.452690588 0.512536186 0.566303927
224.906000000 0.334845000 -0.256053000 0.022209400 -0.537361911 0.309768217 0.563514207 0.545653340
225.006000000 0.282237000 -0.286237000 0.020347100 -0.609874792 0.367895575 0.514261453 0.477745478
225.106000000 0.218359000 -0.316197000 0.010862000 -0.459199192 0.482406830 0.651626152 0.363046980
225.206000000 0.166957000 -0.362890000 0.014438700 -0.290399022 0.656043615 0.509790407 0.474751434
225.306000000 0.119758000 -0.399738000 0.026654100 -0.726990296 -0.222823276 0.389813273 -0.519500250
225.406000000 0.054952100 -0.431495000 0.023348700 -0.460985689 -0.702808435 0.420529739 -0.341624409
225.506000000 -0.020900900 -0.453108000 0.032495400 -0.634953661 -0.473517921 0.570316834 -0.217608215
225.606000000 -0.101749000 -0.470540000 0.029634000 -0.642298580 -0.105966687 0.750850428 0.111567158
225.706000000 -0.189522000 -0.488178000 0.014053200 -0.096725773 0.771721763 0.553699057 0.297501261
225.806000000 -0.281461000 -0.504680000 0.006523060 0.510008470 0.712593997 0.243551394 0.415672798
225.906000000 -0.368865000 -0.514109000 -0.003063940 0.354236974 0.302996243 0.104279702 0.878541511
226.006000000 -0.460780000 -0.516822000 -0.018136400 0.521243407 -0.700296997 -0.415934723 0.254730706
226.106000000 -0.550111000 -0.517631000 -0.015668400 -0.140860518 -0.808621848 -0.297985833 -0.487333012
226.207000000 -0.637404000 -0.523656000 -0.032409000 0.049959510 -0.636188758 -0.126215375 -0.759498249
226.306000000 -0.737100000 -0.535330000 -0.061141900 -0.088781698 -0.479405683 0.170302474 -0.856320658
226.406000000 -0.833370000 -0.553900000 -0.072643700 -0.407461500 -0.379484271 0.302837659 -0.773470210
226.506000000 -0.925515000 -0.572419000 -0.086891800 0.044093065 -0.619883140 -0.287572900 -0.728767811
226.606000000 -1.015280000 -0.600988000 -0.106400000 0.147530257 -0.692437236 -0.129044901 -0.694343511
226.706000000 -1.089780000 -0.626128000 -0.108004000 0.580692204 -0.303409523 -0.701307592 -0.280903697
226.806000000 -1.157190000 -0.656506000 -0.117465000 0.711898730 0.036226552 -0.700519601 0.034060587
226.906000000 -1.226190000 -0.695933000 -0.139944000 0.665780661 0.493017632 -0.333197701 0.450165545
227.006000000 -1.286070000 -0.733201000 -0.144684000 0.384811509 0.403082050 -0.315350677 0.768113867
227.106000000 -1.347560000 -0.765861000 -0.164068000 -0.091313091 0.713611985 -0.097098847 0.687743897
227.207000000 -1.407020000 -0.798528000 -0.175410000 -0.381761313 0.693955205 0.007373474 0.610434358
227.307000000 -1.438550000 -0.843059000 -0.154635000 -0.148154709 0.461474843 0.381574935 0.787077963
227.406000000 -1.473390000 -0.890248000 -0.129668000 -0.305665647 0.169008848 0.494246477 0.796068428
227.506000000 -1.519990000 -0.935316000 -0.110071000 -0.413172253 0.245554250 0.426115588 0.766431540
227.606000000 -1.568480000 -0.977016000 -0.075825400 -0.134182253 0.073674187 0.423677520 0.892784742
227.706000000 -1.628150000 -1.016220000 -0.061048700 0.377170275 0.530056137 0.015146120 0.759311313
227.806000000 -1.703500000 -1.048900000 -0.046160400 0.241007640 0.601363099 -0.172762713 0.741910228
227.906000000 -1.786850000 -1.085040000 -0.035966300 0.407714172 0.386738609 -0.483969424 0.670802504
228.006000000 -1.880960000 -1.116450000 -0.042886100 0.396038509 -0.212057402 -0.788303984 0.420430716
228.106000000 -1.983980000 -1.139380000 -0.059874400 0.152578129 -0.497589856 -0.818762631 -0.242388126
228.206000000 -2.085410000 -1.148300000 -0.062604200 -0.389956297 -0.510998031 -0.765911523 -0.013951227
228.306000000 -2.188850000 -1.156500000 -0.080256100 -0.556858141 -0.728282951 0.015834747 -0.399076703
228.407000000 -2.285750000 -1.156560000 -0.094838300 -0.529909669 -0.477886796 0.495317433 -0.495459982
228.507000000 -2.380310000 -1.158350000 -0.125670000 -0.550301259 0.029766111 0.618055397 -0.560615759
228.606000000 -2.482950000 -1.164030000 -0.164940000 -0.318013520 0.342642482 0.861746734 -0.197119499
228.707000000 -2.582810000 -1.171330000 -0.199619000 -0.245303320 0.544475397 0.735512182 0.319991646
228.806000000 -2.677830000 -1.174530000 -0.227166000 -0.190190353 0.489056459 0.800534550 0.289475118
228.908000000 -2.772170000 -1.181390000 -0.253832000 0.035207755 0.711743717 0.202149299 0.671801277
229.006000000 -2.859330000 -1.192010000 -0.261620000 -0.151532732 0.720585828 -0.159991504 0.657416622
229.106000000 -2.931140000 -1.209430000 -0.273581000 -0.034344816 0.715107896 0.032618461 0.697407461
229.207000000 -3.006050000 -1.226690000 -0.286963000 -0.163981534 0.707787839 0.219167609 0.651238812
229.306000000 -3.074340000 -1.248170000 -0.283636000 0.275759838 0.749275719 -0.189956518 0.571365846
229.406000000 -3.138710000 -1.267700000 -0.279813000 0.050394484 0.804497094 -0.009594383 0.591737079
229.506000000 -3.205880000 -1.287220000 -0.282144000 0.422693853 0.782166971 -0.335475384 0.311449840
229.606000000 -3.261570000 -1.304500000 -0.272440000 0.412421951 0.784764542 -0.195406035 0.419367656
229.706000000 -3.321490000 -1.324300000 -0.276697000 0.422934815 0.621504234 -0.356754328 0.554603443
229.806000000 -3.390080000 -1.345570000 -0.284102000 0.271837811 0.581792969 -0.405636983 0.650445835
229.906000000 -3.455320000 -1.361680000 -0.270837000 0.274374845 0.458162751 -0.539770008 0.650733184
230.006000000 -3.524800000 -1.374840000 -0.279356000 0.594787412 0.452660200 -0.571985002 0.337875474
230.106000000 -3.602280000 -1.384010000 -0.283346000 0.586642208 0.434489737 -0.565881206 0.383207579
230.207000000 -3.676890000 -1.388120000 -0.284270000 0.411821712 0.477868249 -0.550489298 0.546814728
230.306000000 -3.756330000 -1.392200000 -0.293691000 0.151915819 0.549267681 -0.580258020 0.581830928
230.406000000 -3.846320000 -1.393490000 -0.304493000 0.275121547 0.613282268 -0.470548944 0.571643845
230.508000000 -3.926980000 -1.388640000 -0.290898000 -0.174134338 0.025845474 -0.601677348 0.779097948
230.606000000 -4.009190000 -1.381790000 -0.293641000 0.528654026 0.229806641 -0.537230452 0.615708754
230.706000000 -4.087640000 -1.388990000 -0.292176000 0.343565315 0.530064963 -0.407547795 0.659468577
230.806000000 -4.161400000 -1.407540000 -0.295544000 0.011684813 0.660525768 -0.253622519 0.706572567
230.906000000 -4.241330000 -1.423420000 -0.312701000 -0.067272254 0.668749907 -0.245957888 0.698392957
231.006000000 -4.326040000 -1.443140000 -0.326498000 0.062181343 0.692072380 -0.163518045 0.700307896
231.106000000 -4.399950000 -1.462110000 -0.332285000 -0.238862002 0.435601769 -0.174252140 0.850195410
231.207000000 -4.472500000 -1.476400000 -0.350457000 0.188881743 0.456599895 -0.121239130 0.860895636
231.306000000 -4.533570000 -1.495440000 -0.342668000 0.045103247 0.262648457 -0.120542512 0.956269307
231.406000000 -4.585860000 -1.513650000 -0.341657000 -0.108894685 0.734181417 0.224828621 0.631325341
231.506000000 -4.634150000 -1.528620000 -0.344329000 -0.025635062 0.632751222 -0.064624248 0.771227879
231.606000000 -4.687260000 -1.539940000 -0.359940000 -0.239117731 0.663818844 -0.088260401 0.703119730
231.706000000 -4.734050000 -1.550100000 -0.365479000 -0.196079387 0.490241941 -0.430238392 0.732195766
231.806000000 -4.769200000 -1.552110000 -0.365980000 -0.149577768 0.653859624 -0.025581723 0.741241970
231.906000000 -4.801540000 -1.548790000 -0.373029000 0.424991965 0.565311575 -0.424929633 0.565012796
232.006000000 -4.832230000 -1.548120000 -0.368879000 0.648825552 0.170912074 -0.636598448 0.380206367
232.107000000 -4.856800000 -1.546360000 -0.366451000 0.476639428 0.223401666 -0.785202565 -0.326134148
232.207000000 -4.879650000 -1.541830000 -0.365892000 0.868991079 0.208733204 -0.410841632 -0.180261223
232.306000000 -4.904860000 -1.538220000 -0.364629000 0.904140038 0.072960831 -0.417751396 -0.051877554
232.407000000 -4.936570000 -1.537720000 -0.368419000 0.802380703 -0.264664605 -0.427807462 -0.321120896
232.506000000 -4.973460000 -1.536960000 -0.379692000 0.725886613 -0.424518258 -0.461933356 -0.281940503
232.606000000 -5.007040000 -1.537670000 -0.377053000 0.456263082 -0.353740832 -0.667132803 -0.470770907
232.708000000 -5.031500000 -1.534560000 -0.379015000 0.771533837 -0.214378695 -0.583781551 -0.134076148
232.806000000 -5.049050000 -1.536880000 -0.380890000 0.680446081 -0.437019302 -0.295898989 -0.508380811
232.906000000 -5.068650000 -1.540620000 -0.388540000 0.503943616 -0.244627294 -0.078652346 -0.824628478
233.006000000 -5.085830000 -1.546150000 -0.388046000 0.773290136 -0.214015490 -0.305190874 -0.512911558
233.106000000 -5.098640000 -1.544960000 -0.391795000 0.939362961 -0.016596320 0.024271372 -0.341661661
233.207000000 -5.100320000 -1.565610000 -0.398237000 0.894930069 0.005965198 0.429668692 -0.120205672
233.306000000 -5.088180000 -1.600090000 -0.405573000 -0.315362554 0.903117989 -0.078308400 0.280699399
233.406000000 -5.070210000 -1.625800000 -0.407019000 -0.386961672 -0.711602520 0.380538853 -0.446175637
233.506000000 -5.055180000 -1.650510000 -0.410413000 0.695180556 -0.225378201 -0.578242511 -0.362717879
233.606000000 -5.039620000 -1.672050000 -0.409998000 0.244893880 0.664737300 -0.236617690 0.664953666
233.706000000 -5.023690000 -1.692270000 -0.406902000 -0.745012741 0.170004923 0.639611810 0.083373107
233.806000000 -5.005680000 -1.715820000 -0.405403000 0.000336644 -0.809785382 0.031370780 -0.585886846
233.906000000 -4.987170000 -1.736170000 -0.403267000 0.705737475 0.198165925 -0.659734304 -0.165576361
234.006000000 -4.965170000 -1.757960000 -0.400366000 -0.048929972 0.483970804 -0.043766725 0.872618240
234.106000000 -4.940300000 -1.783950000 -0.404436000 -0.304706313 -0.353428807 0.577399589 -0.669964070
234.207000000 -4.916250000 -1.811400000 -0.393268000 0.351403112 0.094956167 -0.471932575 0.802981210
234.306000000 -4.894520000 -1.836120000 -0.379021000 0.088087052 -0.065042100 0.701652632 -0.704055239
234.406000000 -4.874870000 -1.849870000 -0.360808000 0.293294652 -0.293529113 -0.789955413 0.451430340
234.507000000 -4.848450000 -1.859300000 -0.347355000 -0.866280981 0.065843308 0.470912423 -0.153177709
234.606000000 -4.826560000 -1.866470000 -0.340622000 0.634981757 -0.752422837 -0.174220292 0.017473786
234.706000000 -4.807380000 -1.866940000 -0.336070000 0.197361471 0.965802673 -0.057545914 -0.157994030
234.806000000 -4.790840000 -1.861250000 -0.332795000 -0.575955806 -0.609027834 0.044954466 0.543451104
234.906000000 -4.773620000 -1.857340000 -0.332593000 0.437443932 0.553096598 0.479804838 -0.522029000
235.006000000 -4.754010000 -1.855730000 -0.339463000 -0.638187159 -0.463467364 -0.614457865 -0.018886107
235.106000000 -4.725720000 -1.847780000 -0.344895000 0.779251685 0.105263641 0.569704062 0.239005564
235.207000000 -4.688100000 -1.838810000 -0.370443000 -0.305127442 0.527562695 -0.157467087 -0.777032151
235.307000000 -4.666430000 -1.832990000 -0.370763000 -0.107666267 -0.980068954 -0.166006446 -0.017739202
235.406000000 -4.672060000 -1.834070000 -0.374446000 0.850250950 0.025132079 0.248860007 0.463152673
235.507000000 -4.687130000 -1.841230000 -0.373824000 0.309874423 -0.169232118 0.049674478 0.934275536
235.606000000 -4.694560000 -1.843850000 -0.376878000 0.616127359 0.122595347 -0.107459735 0.770590594
235.706000000 -4.696130000 -1.847970000 -0.375880000 0.367379796 0.040043527 -0.184533591 0.910700804
235.806000000 -4.696670000 -1.852460000 -0.376952000 0.179662959 -0.033282729 -0.215160423 0.959332827
235.906000000 -4.696290000 -1.859520000 -0.376297000 0.187236169 -0.001706481 -0.168828202 0.967696617
236.006000000 -4.692570000 -1.867750000 -0.378512000 0.176578606 -0.052022696 -0.164953391 0.968970595
236.106000000 -4.687480000 -1.876110000 -0.378883000 0.112219598 -0.144797297 -0.172636523 0.967800153
236.207000000 -4.680040000 -1.883640000 -0.376175000 0.107981538 -0.161163553 -0.170629711 0.966049584
236.308000000 -4.671390000 -1.891120000 -0.373473000 0.072180251 -0.259245361 -0.188324289 0.944518828
236.406000000 -4.662240000 -1.897730000 -0.368938000 0.072833030 -0.257382456 -0.183121386 0.946000095
236.506000000 -4.652080000 -1.904230000 -0.366826000 0.027924029 -0.335919175 -0.205559354 0.918762161
236.606000000 -4.643480000 -1.907440000 -0.364929000 0.024740277 -0.381497882 -0.202796948 0.901510223
236.706000000 -4.634740000 -1.908970000 -0.365801000 0.026878874 -0.413135174 -0.198356926 0.888398212
236.806000000 -4.626370000 -1.906390000 -0.369879000 -0.004008841 -0.450160116 -0.211256793 0.867588823
236.906000000 -4.620730000 -1.900210000 -0.376173000 0.059182866 -0.498012263 -0.158967297 0.850417881
237.006000000 -4.615060000 -1.892950000 -0.382712000 0.002121154 -0.563492721 -0.148093472 0.812735982
237.106000000 -4.612760000 -1.884690000 -0.386464000 0.064511929 -0.554158222 -0.105225435 0.823209866
237.207000000 -4.610590000 -1.874250000 -0.391318000 0.090786006 -0.553812698 -0.091159453 0.822641691
237.307000000 -4.610300000 -1.867130000 -0.391193000 0.174423227 -0.508238669 -0.038554581 0.842486521
237.406000000 -4.611520000 -1.859720000 -0.390329000 0.173135996 -0.505509590 -0.053582339 0.843571523
237.506000000 -4.614390000 -1.852540000 -0.389973000 0.171637907 -0.571831472 0.004609790 0.802201936
237.606000000 -4.618750000 -1.850110000 -0.384912000 0.168408796 -0.578690250 0.027647382 0.797490874
237.706000000 -4.622220000 -1.850050000 -0.377303000 0.209243679 -0.502723631 -0.009654331 0.838685178
237.806000000 -4.627200000 -1.850420000 -0.368673000 0.232699455 -0.449183768 -0.027045316 0.862179481
237.906000000 -4.632730000 -1.854510000 -0.361522000 0.243281788 -0.427573116 -0.027292803 0.870201301
238.006000000 -4.638330000 -1.861080000 -0.353800000 0.281450435 -0.379217682 -0.031607190 0.880897604
238.106000000 -4.642390000 -1.867820000 -0.350846000 0.233417050 -0.352631436 -0.115778916 0.898756248
238.207000000 -4.646770000 -1.872660000 -0.350041000 0.249121628 -0.321231077 -0.120915422 0.905609447
238.306000000 -4.653670000 -1.876220000 -0.352214000 0.183743979 -0.340752563 -0.142275599 0.910979415
238.406000000 -4.659480000 -1.877880000 -0.356391000 0.180957138 -0.309778497 -0.151894325 0.920988551
238.506000000 -4.666100000 -1.881070000 -0.360680000 0.159133383 -0.294161330 -0.165164333 0.927828875
238.606000000 -4.672460000 -1.881980000 -0.366432000 0.157445201 -0.322500820 -0.158584167 0.919812639
238.708000000 -4.677160000 -1.881970000 -0.373783000 0.139858679 -0.355601747 -0.135951680 0.914059127
238.806000000 -4.679600000 -1.882230000 -0.378763000 0.130963865 -0.325424754 -0.146837607 0.924870754
238.906000000 -4.679910000 -1.883220000 -0.382764000 0.066573039 -0.370748427 -0.148928003 0.914294309
239.006000000 -4.679400000 -1.882900000 -0.386835000 0.037278438 -0.399693932 -0.157816760 0.902191193
239.106000000 -4.676080000 -1.882210000 -0.386507000 0.033115580 -0.385002557 -0.184216029 0.903737154
239.207000000 -4.669530000 -1.883180000 -0.383974000 -0.013461350 -0.418037803 -0.184070046 0.889483786
239.306000000 -4.663850000 -1.885560000 -0.379476000 0.038540279 -0.418610284 -0.148650903 0.895088256
239.406000000 -4.656040000 -1.887730000 -0.373919000 0.012125735 -0.436066928 -0.151187337 0.887040580
239.506000000 -4.648950000 -1.888410000 -0.370643000 0.021933265 -0.439316633 -0.154315123 0.884707110
239.606000000 -4.641250000 -1.890290000 -0.366045000 0.061716902 -0.431816202 -0.148815942 0.887456820
239.706000000 -4.635140000 -1.891630000 -0.362634000 0.033820015 -0.457339685 -0.160583328 0.874019230
239.806000000 -4.627730000 -1.891440000 -0.361142000 0.039298762 -0.496845276 -0.155452676 0.852897910
239.906000000 -4.621050000 -1.891980000 -0.361467000 0.053903986 -0.522314759 -0.124169647 0.841940349
240.006000000 -4.616630000 -1.889410000 -0.365727000 0.019532984 -0.567937400 -0.125918878 0.813148208
240.106000000 -4.613070000 -1.886940000 -0.371366000 -0.003779321 -0.576053414 -0.137379998 0.805775972
240.207000000 -4.612300000 -1.881510000 -0.378514000 0.034525233 -0.591741898 -0.098622722 0.799326650
240.306000000 -4.614140000 -1.874740000 -0.382388000 0.053483029 -0.587708502 -0.084646991 0.802853143
240.407000000 -4.618600000 -1.865500000 -0.385473000 0.090532492 -0.547757492 -0.099206965 0.825786641
240.507000000 -4.622550000 -1.859050000 -0.387251000 0.128245208 -0.547267541 -0.053372079 0.825350123
240.606000000 -4.627600000 -1.852860000 -0.389835000 0.139916676 -0.489989410 -0.091061722 0.855594217
240.706000000 -4.632100000 -1.849550000 -0.386348000 0.155218956 -0.471592898 -0.087970071 0.863578880
240.806000000 -4.636570000 -1.849890000 -0.382624000 0.156894731 -0.485080417 -0.063051284 0.857965948
240.906000000 -4.639810000 -1.850690000 -0.379521000 0.184660244 -0.450132963 -0.051705541 0.872128114
241.007000000 -4.641950000 -1.854220000 -0.375123000 0.188156024 -0.410185285 -0.072984719 0.889392249
241.106000000 -4.644060000 -1.860550000 -0.366430000 0.158490382 -0.357376085 -0.131244203 0.911009381
241.207000000 -4.646930000 -1.867260000 -0.361453000 0.181665274 -0.337830695 -0.129408707 0.914396815
241.306000000 -4.649380000 -1.873750000 -0.355982000 0.178662015 -0.333911646 -0.147408102 0.913703315
241.406000000 -4.651240000 -1.880950000 -0.353988000 0.159833136 -0.361195597 -0.143892768 0.907351079
241.506000000 -4.653900000 -1.887800000 -0.353249000 0.088570164 -0.441112935 -0.145892808 0.881073206
241.606000000 -4.656270000 -1.891370000 -0.357295000 0.083000933 -0.441596991 -0.141186528 0.882139052
241.706000000 -4.659420000 -1.892640000 -0.362448000 0.076053081 -0.416306134 -0.148737582 0.893746196
241.806000000 -4.663400000 -1.892120000 -0.369097000 0.053266926 -0.435283332 -0.159484420 0.884452246
241.906000000 -4.664960000 -1.888970000 -0.374921000 0.042309060 -0.470620964 -0.149475694 0.868552168
242.006000000 -4.659540000 -1.880720000 -0.378548000 0.040365373 -0.446093683 -0.135941806 0.883680309
242.107000000 -4.642540000 -1.863920000 -0.378595000 0.421057947 -0.265476791 0.499609036 0.708959159
242.207000000 -4.616280000 -1.847760000 -0.371580000 -0.125830364 0.630921244 0.206530821 -0.737190697
242.307000000 -4.588560000 -1.827250000 -0.370052000 -0.585273350 -0.517234890 -0.377722470 0.497241299
242.406000000 -4.565410000 -1.808810000 -0.363078000 0.761314702 -0.356758659 0.536541787 -0.072429923
242.507000000 -4.544840000 -1.793780000 -0.354150000 0.629934954 0.630141178 -0.033619958 -0.452740266
242.606000000 -4.503910000 -1.756830000 -0.338975000 -0.110745626 0.808253756 -0.578311613 -0.004117062
242.707000000 -4.461220000 -1.715430000 -0.329394000 0.244912179 -0.736582665 0.405530314 -0.482710230
242.806000000 -4.421390000 -1.667280000 -0.330038000 -0.460432453 0.534080227 0.493284631 0.509343245
242.907000000 -4.380840000 -1.615240000 -0.344988000 0.716408506 0.108911671 -0.686536776 0.059702226
243.006000000 -4.355610000 -1.576530000 -0.336121000 -0.290081277 -0.910154861 0.284562500 -0.080592588
243.106000000 -4.339940000 -1.542220000 -0.336457000 0.159251113 0.730124191 -0.138594745 0.649884024
243.207000000 -4.334160000 -1.501450000 -0.333675000 -0.357794627 -0.686694264 0.389007400 -0.499106437
243.306000000 -4.336580000 -1.459790000 -0.334768000 -0.299158221 0.603648064 0.126030228 0.728168768
243.406000000 -4.326820000 -1.433510000 -0.326912000 0.735679876 -0.365040655 -0.418855474 -0.387402288
243.506000000 -4.298410000 -1.398740000 -0.329932000 -0.272281042 0.004326878 0.045797145 0.961117544
243.607000000 -4.264770000 -1.370280000 -0.328472000 -0.383374046 -0.013387956 -0.413678983 -0.825660222
243.707000000 -4.232920000 -1.327260000 -0.331238000 0.863229291 -0.026487626 0.500293844 -0.061965036
243.807000000 -4.206110000 -1.264620000 -0.331280000 0.745100067 0.408196440 -0.238320016 -0.470537062
243.906000000 -4.188060000 -1.197810000 -0.314541000 0.334168942 0.610972268 0.046156850 -0.716179832
244.007000000 -4.156840000 -1.131150000 -0.307349000 -0.351083710 0.815897464 -0.169790304 -0.426875637
244.107000000 -4.116900000 -1.053860000 -0.303244000 -0.572000766 0.376984578 -0.616650395 -0.387866010
244.207000000 -4.071900000 -0.996239000 -0.290674000 -0.361254403 -0.875759722 0.019639866 -0.319616083
244.307000000 -4.014150000 -0.932187000 -0.286012000 0.533361733 -0.829005047 -0.121155492 -0.116607204
244.407000000 -3.948120000 -0.877808000 -0.270113000 0.760836984 -0.648373829 -0.008296737 0.025877124
244.507000000 -3.880420000 -0.825021000 -0.265648000 0.139114671 -0.706971656 -0.614887076 -0.320549637
244.607000000 -3.791040000 -0.795711000 -0.268608000 0.020470241 -0.695394856 -0.180292226 -0.695342849
244.707000000 -3.716950000 -0.763547000 -0.253093000 -0.696031009 -0.120951101 0.660918145 0.253177550
244.806000000 -3.639670000 -0.746411000 -0.247144000 0.321431429 0.886220179 -0.058908772 0.328367762
244.907000000 -3.572900000 -0.749018000 -0.243020000 0.633419821 -0.342526796 -0.445049797 -0.532339555
245.007000000 -3.520450000 -0.739689000 -0.225878000 -0.648069297 0.478055871 0.570330483 -0.161839150
245.107000000 -3.465850000 -0.744118000 -0.226372000 -0.759894782 0.544187716 0.190672938 0.300105784
245.207000000 -3.421420000 -0.744608000 -0.222722000 0.287915323 -0.114081240 -0.914423852 -0.260613232
245.306000000 -3.375600000 -0.769851000 -0.237795000 -0.658031833 -0.478110389 0.456313424 -0.360808290
245.407000000 -3.355010000 -0.803162000 -0.250078000 -0.166070473 0.351230675 -0.432654860 0.813552323
245.507000000 -3.358220000 -0.831280000 -0.265860000 -0.072794625 -0.112548206 -0.066497758 -0.988742581
245.607000000 -3.366690000 -0.860831000 -0.275050000 -0.268691169 0.105059291 0.695655274 0.657899187
245.707000000 -3.352640000 -0.867458000 -0.294591000 0.482081895 0.027050766 -0.863197780 0.147495409
245.807000000 -3.313500000 -0.882248000 -0.321270000 -0.030212307 0.831223238 -0.510326883 0.218452783
245.907000000 -3.269120000 -0.896607000 -0.324562000 -0.791110736 0.116680234 -0.489333947 0.347968122
246.007000000 -3.206600000 -0.877861000 -0.313571000 -0.569893042 -0.149943616 0.453425667 0.668688266
246.107000000 -3.130620000 -0.868352000 -0.293653000 0.480238024 -0.313565046 -0.410688138 -0.708790276
246.207000000 -3.052770000 -0.854487000 -0.286368000 0.718902169 0.111424381 -0.676333633 0.115486344
246.307000000 -2.985860000 -0.843004000 -0.285128000 0.312062492 0.641646100 -0.274678030 0.644561296
246.406000000 -2.948210000 -0.841520000 -0.279379000 -0.852433220 0.009025063 0.298514181 -0.429145008
246.507000000 -2.905370000 -0.840299000 -0.272901000 -0.313184143 -0.123342772 0.507477566 0.793201597
246.607000000 -2.844040000 -0.835702000 -0.265506000 0.434963599 0.562134310 -0.385673499 0.588275137
246.707000000 -2.791550000 -0.831968000 -0.256089000 0.619513938 -0.067191284 -0.677746468 -0.390317226
246.807000000 -2.768870000 -0.831936000 -0.246888000 -0.416170135 -0.552681664 0.453794526 -0.561619021
246.907000000 -2.761710000 -0.829719000 -0.241149000 -0.586320041 0.329659983 0.464451718 0.576053562
247.007000000 -2.759030000 -0.820419000 -0.235351000 0.206903144 0.886042281 -0.325296066 0.257492979
247.107000000 -2.762820000 -0.817628000 -0.235624000 0.934307966 -0.352701470 -0.047710313 0.019850025
247.207000000 -2.772950000 -0.812136000 -0.232566000 -0.874496159 -0.300963436 -0.237753543 -0.296901889
247.307000000 -2.784120000 -0.809061000 -0.232601000 0.397068101 0.667132735 0.628015230 -0.053550990
247.406000000 -2.789730000 -0.804990000 -0.226309000 0.621540923 -0.591448909 -0.180293742 0.481008562
247.507000000 -2.752920000 -0.779029000 -0.223674000 -0.420172347 -0.370635512 0.575760393 0.595469970
247.607000000 -2.696320000 -0.755963000 -0.199455000 -0.023899287 -0.918137041 -0.232449699 0.320031772
247.707000000 -2.619070000 -0.737161000 -0.181563000 -0.068354360 -0.432223032 0.894213116 -0.094307134
247.807000000 -2.526190000 -0.743055000 -0.205970000 0.094575892 -0.573024388 -0.475253586 -0.660933038
247.907000000 -2.444970000 -0.734978000 -0.217601000 0.073039600 0.147708400 0.986082700 0.022098742
248.007000000 -2.365520000 -0.717325000 -0.218151000 -0.100721731 -0.239359375 -0.435286139 -0.862025638
248.107000000 -2.293010000 -0.691706000 -0.197511000 -0.213067736 0.590918541 -0.408128600 0.662456386
248.207000000 -2.232530000 -0.665249000 -0.181280000 -0.604407854 -0.724717727 0.295577419 -0.148692135
248.307000000 -2.158210000 -0.640813000 -0.179765000 0.713074772 -0.461175956 -0.025583763 0.527433956
248.407000000 -2.093790000 -0.622787000 -0.163902000 0.345079099 0.707899092 -0.524642786 0.323340745
248.507000000 -2.026070000 -0.608698000 -0.159322000 -0.813250688 0.245957973 -0.377710355 0.368052826
248.606000000 -1.943080000 -0.599040000 -0.155581000 -0.855692676 0.296117392 -0.412244067 -0.100793670
248.707000000 -1.854990000 -0.601794000 -0.156798000 -0.340498842 0.872528092 0.103879746 -0.334610617
248.807000000 -1.764030000 -0.617940000 -0.157292000 0.904872044 0.285949661 0.051603915 -0.311089073
248.907000000 -1.670790000 -0.632782000 -0.162840000 0.038924318 -0.688860563 0.297079331 0.660075672
249.007000000 -1.588660000 -0.660417000 -0.145164000 -0.066531844 0.568776510 -0.123976068 0.810368268
249.107000000 -1.502550000 -0.684398000 -0.141634000 -0.407910438 -0.268353161 -0.775362098 -0.400511264
249.207000000 -1.419400000 -0.706140000 -0.130034000 -0.024808872 0.421922260 0.339152294 -0.840441460
249.307000000 -1.330770000 -0.716463000 -0.117327000 0.037906222 0.187186357 0.746918001 -0.636897077
249.407000000 -1.230580000 -0.718872000 -0.125208000 0.248002525 0.429522282 0.347581542 -0.795733893
249.507000000 -1.151610000 -0.674632000 -0.098221600 -0.409039319 0.307547684 -0.628545914 -0.585688732
249.607000000 -1.071660000 -0.634462000 -0.091014900 -0.051126429 -0.443411857 0.094333295 0.889872599
249.707000000 -1.011450000 -0.583625000 -0.069492600 0.539658886 -0.385111906 0.277199486 -0.695426165
249.808000000 -0.958619000 -0.530635000 -0.058270600 -0.574831675 0.467378584 -0.544110573 -0.393788634
249.907000000 -0.908656000 -0.464860000 -0.059751400 -0.245541769 -0.841942587 -0.435388892 0.203170944
250.007000000 -0.867271000 -0.399258000 -0.072938200 0.404640318 -0.007093826 0.668002874 0.624490233
250.107000000 -0.839277000 -0.339536000 -0.075526100 -0.649594740 -0.398135706 -0.079010214 -0.642862365
250.207000000 -0.813888000 -0.277497000 -0.092461600 0.749669687 -0.495906095 0.108782094 0.424545594
250.307000000 -0.788332000 -0.216180000 -0.095776600 0.181367424 0.677995508 0.179259321 -0.689415727
250.407000000 -0.764704000 -0.154874000 -0.092477400 -0.481898538 0.519841346 -0.217640754 -0.670948043
250.507000000 -0.733206000 -0.095098500 -0.094029300 -0.390706348 -0.200834240 -0.898060569 -0.022391339
250.606000000 -0.694861000 -0.035855200 -0.093024900 -0.124893261 -0.728984711 -0.035414570 0.672107709
250.707000000 -0.648342000 0.010589300 -0.078270300 0.541502265 0.071923726 0.199442006 0.813526374
250.807000000 -0.603010000 0.064375900 -0.066211200 0.703611440 0.315295268 0.595340282 0.226030494
250.907000000 -0.552210000 0.089669300 -0.041422200 0.397793816 0.665883911 0.598346518 -0.200848555
251.007000000 -0.501898000 0.082432000 -0.029431800 -0.221127234 0.353719848 -0.223104349 0.881027505
251.107000000 -0.473596000 0.078586100 -0.024398100 -0.037573513 -0.704083259 0.043794721 -0.707769043
251.208000000 -0.447048000 0.105118000 -0.010455400 -0.649262785 0.543127787 0.498971827 0.185734107
251.322000000 -0.407524000 0.127153000 0.009961040 -0.559783845 -0.200960673 0.512721818 0.619171375
251.407000000 -0.342546000 0.166859000 -0.026024400 0.223357439 -0.865047102 -0.067240545 0.444166269
251.507000000 -0.302904000 0.198948000 -0.075006600 0.486381048 0.646604654 -0.029900503 0.586891692
251.607000000 -0.263219000 0.199097000 -0.132382000 -0.925962521 0.244229361 0.286930193 0.024829300
251.713000000 -0.224351000 0.174557000 -0.158102000 -0.936986914 0.160248609 -0.303076769 -0.067233763
251.816000000 -0.207029000 0.150284000 -0.156463000 -0.385921764 0.122822752 0.312486382 0.859262023
251.907000000 -0.205853000 0.128488000 -0.145348000 -0.365927769 0.118362638 0.537208467 0.750662518
252.007000000 -0.205125000 0.101839000 -0.116785000 -0.432371881 0.095644290 0.599133612 0.667042459
252.107000000 -0.199961000 0.077589900 -0.091586100 0.486290644 0.470075593 -0.563470125 0.474396211
252.207000000 -0.208694000 0.097682900 -0.069328100 -0.304362237 -0.686789342 0.221960672 -0.621624878
252.307000000 -0.202378000 0.147457000 -0.053258600 0.077065799 -0.703231057 -0.073054288 -0.702986497
252.407000000 -0.170197000 0.209337000 -0.032651800 0.371694862 -0.347820258 -0.484003724 -0.711761472
252.507000000 -0.131345000 0.291716000 -0.010416200 0.483850628 0.175064875 -0.855108012 0.063491307
252.607000000 -0.087421000 0.383947000 0.002191340 -0.342877884 0.760451554 -0.000446128 0.551496140
252.707000000 -0.031807700 0.482491000 0.008565720 -0.701960876 -0.001363262 0.712163512 -0.008497236
252.807000000 0.018388200 0.569689000 0.028409000 -0.363526198 -0.669144782 0.370185822 -0.532030471
252.908000000 0.058992100 0.663347000 0.026652700 -0.723399815 -0.455412650 0.036417828 -0.517654100
253.007000000 0.098449200 0.750130000 0.026339600 0.387317024 -0.478223984 -0.785105729 0.069973834
253.107000000 0.136354000 0.833728000 0.023127900 0.197474972 0.433760814 0.064087167 0.876782771
253.207000000 0.180609000 0.916048000 0.006352580 -0.364620121 0.063966818 0.903039902 -0.217897563
253.307000000 0.226858000 0.973549000 0.010579900 -0.592166967 -0.479235491 0.159728375 -0.627820415
253.407000000 0.280084000 1.022580000 0.005356180 0.015975036 -0.730975059 -0.650826689 -0.204560215
253.508000000 0.334118000 1.073190000 0.008716060 0.128782180 -0.590949579 -0.785591245 0.130537891
253.607000000 0.388582000 1.118170000 0.013145800 0.424704222 -0.244961881 -0.756035113 0.433625309
253.707000000 0.446514000 1.164080000 0.004763630 0.384488728 0.186383969 -0.739013061 0.520854232
253.807000000 0.506047000 1.180180000 0.004228100 0.684351439 -0.045216022 -0.726679800 -0.039434600
253.907000000 0.535865000 1.167730000 0.010643300 -0.672261562 -0.282038450 0.683776077 0.031128462
254.007000000 0.553480000 1.134410000 0.011069100 0.298342694 0.651463965 -0.312211464 0.623787096
254.107000000 0.563873000 1.091380000 0.012618300 -0.395505864 -0.527664317 0.677815807 -0.325132607
254.207000000 0.572747000 1.043290000 0.016612900 0.569284014 -0.265819817 -0.766372416 -0.133898677
254.307000000 0.574504000 1.009660000 0.024207400 -0.237818770 0.674454383 0.248417946 0.653331494
254.407000000 0.564006000 1.009700000 0.020274300 0.530697758 0.262608238 -0.560088858 -0.579393885
254.507000000 0.567586000 0.986981000 0.016866300 0.304019639 -0.321925187 -0.313303335 -0.840105501
254.607000000 0.577003000 0.967607000 0.021468200 -0.452297258 0.561788289 0.468215459 0.510485448
254.707000000 0.597967000 1.003720000 0.025045100 0.763694827 0.328068885 -0.453615369 -0.321518452
254.807000000 0.630169000 1.060000000 0.045810400 -0.467409265 0.627081349 0.433182162 0.447940594
254.907000000 0.685606000 1.122710000 0.036370900 -0.481043771 -0.811713533 -0.239032339 0.229306718
255.007000000 0.749420000 1.187730000 0.030011000 0.802831914 0.109461791 -0.349601099 -0.470380810
255.107000000 0.808495000 1.270790000 0.021590600 -0.161511677 0.180351462 -0.735543784 0.632742184
255.207000000 0.857598000 1.345020000 0.014161200 0.179459014 -0.610723264 0.696036528 0.332181742
255.307000000 0.905038000 1.432380000 0.014099200 0.670483012 -0.656802937 -0.207785165 0.275477326
255.407000000 0.956590000 1.523900000 0.008534770 0.184096309 -0.143814948 0.904290859 0.357328773
255.507000000 1.008770000 1.589250000 0.031184200 -0.302068046 -0.658935769 0.074683872 -0.684821777
255.607000000 1.065210000 1.651160000 0.043388700 0.747361770 -0.448210835 -0.363098589 0.329722378
255.708000000 1.133470000 1.713440000 0.055571300 0.598100986 -0.166335015 -0.007495185 0.783933477
255.807000000 1.201580000 1.772890000 0.052491900 0.489996823 -0.039407918 -0.223835892 0.841574490
255.907000000 1.277470000 1.829880000 0.048700800 0.605221955 0.111274176 -0.625219030 0.480026674
256.007000000 1.352670000 1.886180000 0.049561800 0.359884608 -0.602038197 -0.712691819 -0.010171024
256.107000000 1.420900000 1.928670000 0.062055900 0.406820114 -0.554750370 -0.686948421 -0.234203519
256.207000000 1.486700000 1.978600000 0.064742500 -0.384319300 -0.872414532 -0.158997183 -0.256732263
256.307000000 1.517280000 2.020970000 0.101552000 -0.506825410 -0.701778424 -0.453634119 -0.211780863
256.407000000 1.542510000 2.069760000 0.131425000 -0.427109000 -0.560235129 -0.595752214 -0.385737996
256.507000000 1.578890000 2.132340000 0.147599000 -0.206227686 -0.515134369 -0.800443995 -0.226707157
256.607000000 1.610760000 2.194610000 0.175356000 0.499150133 -0.712663637 -0.492866078 -0.006535569
256.707000000 1.649200000 2.253520000 0.187728000 0.716387885 0.452557343 0.032185394 0.530041837
256.807000000 1.698300000 2.321650000 0.199282000 -0.003216095 0.875158140 0.251449920 0.413353147
256.907000000 1.746800000 2.385650000 0.210470000 -0.644536593 0.205845411 0.710759056 -0.192410527
257.007000000 1.797480000 2.453560000 0.215354000 -0.304477773 -0.727651835 0.424384765 -0.444650047
257.107000000 1.855330000 2.525140000 0.210096000 0.528885068 -0.541169848 -0.479407597 -0.444504371
257.207000000 1.911160000 2.588140000 0.222877000 0.873646295 -0.089093305 -0.252677601 -0.406150912
257.307000000 1.969650000 2.649330000 0.216753000 0.662204246 0.251191008 -0.691290869 0.143197585
257.407000000 2.024820000 2.706670000 0.211899000 0.406837184 0.460956376 -0.283045283 0.736130486
257.507000000 2.077270000 2.764030000 0.201540000 -0.244450172 0.668854925 0.239196885 0.660047008
257.607000000 2.124340000 2.831450000 0.181048000 -0.631476563 0.456710106 0.490405148 0.390071814
257.707000000 2.171760000 2.905540000 0.156471000 -0.575231857 0.170825178 0.774553833 0.199983569
257.807000000 2.201320000 2.969670000 0.147241000 -0.638907419 -0.473127128 0.472962411 -0.379808621
257.907000000 2.220940000 3.043390000 0.118330000 -0.355968978 -0.395207400 0.350500344 -0.770873989
258.007000000 2.237820000 3.096750000 0.118226000 -0.039957440 -0.471236826 -0.044154121 -0.879994131
258.107000000 2.236320000 3.136580000 0.108773000 0.546150679 -0.084942954 -0.599383212 -0.579002500
258.207000000 2.222590000 3.167240000 0.099843800 0.887246914 -0.009395401 -0.454074961 -0.080750049
258.307000000 2.199290000 3.187670000 0.103173000 0.382744468 0.896186242 0.131791979 -0.181625343
258.407000000 2.173340000 3.195470000 0.115045000 -0.481289146 0.727724687 0.122353240 -0.473082681
258.507000000 2.145010000 3.196700000 0.125992000 -0.842383550 0.025343132 -0.054950341 -0.535470019
258.607000000 2.127570000 3.198320000 0.126422000 -0.349546632 -0.893853967 -0.179687622 -0.215765143
258.707000000 2.116230000 3.203080000 0.134287000 0.566334251 -0.771715848 0.201797824 -0.207359121
258.807000000 2.111750000 3.213640000 0.139427000 0.731584963 -0.078345260 -0.004156609 -0.677220928
258.907000000 2.109540000 3.230300000 0.142723000 0.203915606 0.304947703 -0.415486711 -0.832343749
259.007000000 2.112480000 3.263350000 0.149449000 -0.370419210 0.200661444 -0.681248991 -0.598685565
259.107000000 2.128600000 3.300320000 0.168050000 0.180795287 0.605739051 -0.110020365 -0.766999860
259.207000000 2.156290000 3.339600000 0.176030000 0.775907710 -0.359131652 -0.469594941 0.220164197
259.307000000 2.188070000 3.383040000 0.174064000 0.188612726 -0.740689548 -0.644414793 0.023104276
259.407000000 2.223830000 3.432630000 0.171630000 -0.660925513 -0.364634679 -0.431231934 -0.494224681
259.507000000 2.248390000 3.479350000 0.189439000 -0.783780356 0.448535118 -0.093927325 -0.419144676
259.607000000 2.268970000 3.519450000 0.199259000 -0.706224458 0.508959101 0.485224976 0.082245799
259.707000000 2.282990000 3.559450000 0.199130000 0.158083592 0.606444717 -0.474769760 0.617922372
259.807000000 2.284730000 3.601500000 0.186688000 0.246449693 0.294619300 -0.596581046 0.704665220
259.907000000 2.277750000 3.633700000 0.181333000 -0.018291747 -0.023491548 -0.184775573 0.982329653
260.007000000 2.246450000 3.655680000 0.182887000 0.129653212 -0.094469911 0.515480161 0.841751557
260.107000000 2.206870000 3.671920000 0.177197000 0.519567311 -0.263723807 0.260585323 -0.769801827
260.207000000 2.168470000 3.689780000 0.165199000 0.023177641 0.962140201 -0.050491650 0.266832576
260.307000000 2.129340000 3.705690000 0.150181000 -0.655115403 -0.257036754 -0.034521404 -0.709622567
260.407000000 2.085030000 3.719810000 0.131336000 0.202660467 -0.133975935 -0.870276754 0.428482853
260.507000000 2.042910000 3.730080000 0.117384000 -0.139663960 -0.269999388 0.523838464 0.795730842
260.607000000 1.999850000 3.737350000 0.106757000 0.685261878 -0.006576875 0.641847540 -0.344099751
260.707000000 1.955700000 3.744940000 0.099571400 -0.420870077 0.532547254 -0.304357064 -0.668302759
260.807000000 1.901610000 3.748140000 0.078110900 0.687716801 -0.607032385 0.085594324 0.388884170
260.907000000 1.855660000 3.745020000 0.089466600 0.259727843 0.772664313 -0.053934686 0.576734217
261.007000000 1.827570000 3.742610000 0.099980500 -0.165051848 -0.490110154 0.453338634 -0.725971079
261.107000000 1.810100000 3.732860000 0.117055000 0.451622330 0.313371541 -0.733171099 0.400369439
261.207000000 1.796290000 3.722270000 0.134413000 -0.369614198 -0.538439296 0.715860266 0.247007183
261.307000000 1.781550000 3.712360000 0.145990000 0.523840942 -0.031305626 -0.332494561 -0.783618525
261.407000000 1.773020000 3.704090000 0.156232000 0.002382465 0.357065255 -0.331695908 0.873199034
261.507000000 1.766220000 3.698220000 0.164133000 -0.442104557 0.086672950 0.886379211 -0.106598566
261.607000000 1.762450000 3.694790000 0.168019000 -0.051180851 -0.681358916 -0.324290560 -0.654191242
261.707000000 1.756980000 3.684950000 0.163908000 0.818357875 0.081597186 -0.542796786 0.170305426
261.807000000 1.753020000 3.666670000 0.158942000 -0.497085781 0.606711753 0.367035340 0.500091625
261.907000000 1.754260000 3.639860000 0.155271000 -0.095369136 -0.650739523 0.066222820 -0.750371467
262.007000000 1.757220000 3.601680000 0.136464000 0.202949969 0.397309460 -0.451678388 0.772620953
262.108000000 1.753450000 3.561190000 0.134991000 0.201609391 0.137284036 0.473473821 -0.846362386
262.208000000 1.755800000 3.518160000 0.126437000 0.080216723 -0.136988359 -0.820729991 0.548818503
262.307000000 1.753310000 3.474010000 0.129132000 -0.180575454 -0.090974018 -0.698390179 -0.686562009
262.407000000 1.749940000 3.435300000 0.127691000 0.008504972 0.191542400 0.241759881 0.951205201
262.507000000 1.739160000 3.413080000 0.132329000 -0.170755394 -0.048588780 0.577972415 -0.796510900
262.607000000 1.722920000 3.426790000 0.132772000 0.109739479 -0.354897992 0.047901908 -0.927205516
262.707000000 1.722050000 3.436130000 0.138000000 -0.630556815 0.095456171 0.468803249 0.611154429
262.807000000 1.726740000 3.441260000 0.137435000 0.682030994 0.236820358 -0.674090356 0.156051379
262.907000000 1.726050000 3.448520000 0.141392000 -0.329795603 0.607104063 0.379401204 0.615397631
263.007000000 1.727080000 3.461750000 0.148007000 0.560656641 -0.306385865 -0.751708698 -0.163480476
263.107000000 1.731730000 3.471630000 0.154441000 -0.639801635 0.361075191 0.668598795 -0.115127001
263.207000000 1.726430000 3.467470000 0.159970000 0.698827578 -0.081520514 -0.641126660 0.306514320
263.307000000 1.707230000 3.430100000 0.159680000 0.312575691 -0.651673226 -0.595997038 -0.349865652
263.407000000 1.675750000 3.399270000 0.156306000 -0.021510320 0.763232399 0.048305960 0.643956633
263.507000000 1.650920000 3.365100000 0.151970000 -0.520019044 -0.373181991 0.592877242 -0.488683918
263.607000000 1.631480000 3.333580000 0.150599000 0.414297627 -0.492725726 -0.709976605 -0.285503162
263.708000000 1.617810000 3.308400000 0.149229000 -0.735626785 -0.168468589 0.566480975 -0.331014914
263.807000000 1.615390000 3.286590000 0.150414000 0.436210936 -0.711676513 -0.342936235 -0.430849508
263.907000000 1.625530000 3.260570000 0.151792000 0.507118887 0.395222715 -0.519130413 0.563145678
264.007000000 1.638170000 3.243810000 0.150172000 -0.373348847 0.071521041 0.789700425 -0.481527380
264.107000000 1.632390000 3.274060000 0.145387000 -0.082347413 -0.679501722 -0.341154361 -0.644290319
264.208000000 1.644010000 3.297780000 0.143822000 -0.792621461 -0.074893905 0.569928500 -0.203282136
264.308000000 1.663140000 3.318040000 0.141880000 -0.011864123 0.675228700 0.349619378 0.649377961
264.407000000 1.683470000 3.342540000 0.143083000 0.597991952 -0.141855861 -0.713703882 0.336019803
264.507000000 1.702860000 3.368720000 0.140288000 -0.354036482 -0.320202450 -0.233984319 -0.846982821
264.607000000 1.717300000 3.392020000 0.138702000 -0.051735567 -0.276708725 -0.724528369 0.629137787
264.707000000 1.729940000 3.418300000 0.141814000 -0.278852442 0.655682576 -0.279190369 -0.643719204
264.807000000 1.736620000 3.434280000 0.148232000 0.784146275 -0.196372355 0.587378110 0.039236111
264.907000000 1.736330000 3.407640000 0.148744000 0.320206225 -0.664948625 0.366358437 0.566650506
265.007000000 1.726560000 3.398770000 0.152262000 -0.237282139 0.469276449 -0.768097462 -0.365380745
265.107000000 1.719540000 3.395680000 0.156738000 0.493056366 -0.078767393 0.754668125 0.425637332
265.208000000 1.705870000 3.389430000 0.166843000 0.203942048 -0.708051397 -0.067463010 0.672695773
265.307000000 1.696140000 3.373120000 0.171468000 0.686961826 0.019908313 0.531363701 -0.495317802
265.407000000 1.683910000 3.367430000 0.175579000 -0.156207342 0.955890775 -0.240911926 0.061915560
265.507000000 1.662190000 3.408140000 0.177753000 -0.859304428 0.180123772 0.182086771 -0.442714055
265.607000000 1.654000000 3.439610000 0.176423000 0.203712073 0.210658878 0.066566446 0.953778348
265.707000000 1.648770000 3.465440000 0.176067000 0.521477569 0.087581642 -0.573083695 -0.626071626
265.807000000 1.645590000 3.489510000 0.181069000 -0.341913027 0.841050056 -0.176366782 0.380295996
265.907000000 1.650990000 3.518070000 0.184047000 0.859974142 -0.346870536 -0.307984146 0.212769997
266.007000000 1.656040000 3.537100000 0.179732000 -0.699858619 -0.083060331 0.704554936 -0.083073680
266.107000000 1.649370000 3.514550000 0.170499000 0.256282873 0.346668514 -0.202640296 0.879247941
266.208000000 1.643270000 3.499770000 0.162279000 -0.662145128 -0.262157661 0.625033422 -0.319641066
266.307000000 1.645120000 3.475930000 0.150978000 0.606254286 -0.266409084 -0.487795661 -0.568803423
266.407000000 1.648800000 3.446640000 0.144123000 -0.043043584 0.718524931 -0.398961493 0.568065930
266.507000000 1.649410000 3.423950000 0.140745000 0.704414962 -0.150198817 -0.112249770 -0.684572762
266.607000000 1.654190000 3.405150000 0.134706000 -0.210313780 0.719204657 -0.562491338 0.349451383
266.707000000 1.658130000 3.386170000 0.130896000 -0.554845836 -0.402083058 0.650725650 0.327156601
266.807000000 1.660590000 3.373230000 0.130945000 0.417792000 -0.285325215 -0.012999083 -0.862479212
266.907000000 1.659950000 3.421220000 0.147841000 0.216328141 0.260070505 -0.936906701 -0.088154984
267.007000000 1.668560000 3.463040000 0.166839000 0.194651227 -0.477537250 0.855982967 -0.036908466
267.107000000 1.682560000 3.498990000 0.182535000 -0.659768207 0.351808361 -0.663889427 -0.013697372
267.208000000 1.694530000 3.525820000 0.203209000 0.704028091 -0.177306451 0.670579718 0.152412964
267.307000000 1.698190000 3.547480000 0.214174000 0.291913544 0.537651508 0.351251882 -0.708759094
267.407000000 1.696160000 3.565510000 0.221520000 -0.159398270 -0.697277633 -0.193526410 0.671523360
267.507000000 1.681340000 3.533680000 0.216482000 -0.898629256 0.050198933 -0.381781711 -0.210210021
267.607000000 1.657750000 3.511830000 0.209075000 0.642860220 0.349379588 0.403629071 -0.549316133
267.707000000 1.647610000 3.487440000 0.205286000 -0.018229931 -0.647626424 -0.168792297 0.742803369
267.807000000 1.643050000 3.456140000 0.208097000 -0.723421749 -0.203822800 -0.653595136 0.089054130
267.907000000 1.635860000 3.428740000 0.211448000 0.930088903 -0.115016433 0.264617599 -0.227339787
268.007000000 1.630970000 3.415050000 0.213085000 -0.280987500 0.635891020 -0.327432073 0.639903800
268.107000000 1.608440000 3.436980000 0.210134000 -0.706117199 0.210924932 0.490789456 0.464795529
268.208000000 1.603570000 3.443010000 0.202229000 0.465382758 0.614684612 -0.257157301 0.582624956
268.307000000 1.598030000 3.449110000 0.200688000 0.426271261 -0.214667820 -0.848399149 -0.228974722
268.407000000 1.594570000 3.451960000 0.194939000 -0.446272343 0.304705023 0.171597936 0.823741460
268.507000000 1.599590000 3.455170000 0.188076000 0.246310326 0.268682848 -0.703138430 -0.610521988
268.607000000 1.605030000 3.451290000 0.180065000 -0.170819811 -0.545700039 0.788155583 -0.227690219
268.707000000 1.612470000 3.402830000 0.156810000 -0.383321403 0.543215517 0.399557072 0.631138456
268.807000000 1.610760000 3.372060000 0.146878000 -0.272827237 -0.171290514 -0.342592289 -0.882527837
268.907000000 1.615360000 3.344950000 0.135174000 0.860906086 -0.074890656 -0.031954952 0.502206114
269.007000000 1.631270000 3.317010000 0.127803000 -0.183788077 -0.962733602 0.198239627 0.008185693
269.107000000 1.642360000 3.286510000 0.120069000 0.806345304 0.223038183 -0.529434302 -0.140572189
269.208000000 1.653930000 3.257470000 0.116180000 -0.388201482 0.627915151 0.268126283 0.618975338
269.307000000 1.652800000 3.276350000 0.106378000 -0.637920632 -0.295478139 0.642539564 -0.304783277
269.407000000 1.656700000 3.289380000 0.099216700 0.295905169 0.786874780 0.172117112 0.513462668
269.507000000 1.659330000 3.302870000 0.097573900 -0.186945011 -0.442291964 -0.825000117 0.298000317
269.607000000 1.661970000 3.315030000 0.105325000 0.122699325 -0.662752344 0.160793915 0.721005911
269.707000000 1.664900000 3.327790000 0.119444000 0.057651878 0.773244853 -0.178005992 -0.605873358
269.807000000 1.667740000 3.340150000 0.134165000 0.248558177 -0.853894706 0.051252370 0.454374140
269.907000000 1.659490000 3.299010000 0.141945000 -0.923901681 0.222493800 -0.206368074 -0.233054523
270.007000000 1.644050000 3.276870000 0.147574000 0.485140994 0.511909328 0.597895302 -0.380930787
270.107000000 1.636870000 3.251670000 0.147982000 -0.115415486 -0.682762433 0.422618755 0.584729094
270.208000000 1.633940000 3.235800000 0.146927000 -0.148684423 -0.499873385 -0.317358121 0.792024851
270.308000000 1.630270000 3.222190000 0.145425000 0.497136471 0.568503780 0.160062654 -0.635640409
270.407000000 1.628420000 3.206590000 0.142743000 -0.477479775 0.493901155 -0.331946008 0.646441460
270.507000000 1.613440000 3.232380000 0.132744000 -0.594065314 -0.458121801 0.629562635 -0.202142787
270.607000000 1.608600000 3.251070000 0.118668000 -0.082390664 0.864440854 0.228813098 0.439998130
270.707000000 1.598860000 3.272680000 0.112989000 0.402125294 -0.331489243 -0.601274559 0.605705402
270.807000000 1.592590000 3.291820000 0.111018000 0.091910954 0.026183452 -0.120634581 -0.988086080
270.908000000 1.593070000 3.313670000 0.111187000 -0.200423149 0.344573992 -0.853384378 0.335908365
271.007000000 1.596130000 3.335710000 0.112632000 0.734706539 -0.257628193 0.077130105 -0.622804113
271.107000000 1.598080000 3.314760000 0.112141000 -0.608647480 -0.334613445 0.666133007 0.271751549
271.208000000 1.596370000 3.307180000 0.116070000 -0.166872624 0.308877054 -0.448865855 -0.821746881
271.307000000 1.602740000 3.303260000 0.113281000 0.730030601 -0.215308446 0.518409265 0.389806913
271.407000000 1.614580000 3.303580000 0.114453000 0.263412879 -0.788308513 0.293453491 0.472301167
271.507000000 1.631540000 3.302510000 0.124628000 0.363194707 0.695155255 -0.257401213 -0.564440779
271.607000000 1.645070000 3.298890000 0.129496000 -0.704267424 0.195500925 -0.102357685 0.674766395
271.708000000 1.640870000 3.337610000 0.120205000 -0.142512910 -0.805156969 0.387121405 -0.426086076
271.807000000 1.639150000 3.374450000 0.105517000 -0.690181456 0.636871548 0.330688034 -0.093218097
271.907000000 1.638670000 3.413820000 0.104561000 0.418126379 -0.377910679 0.221264428 0.795861736
272.007000000 1.644050000 3.451510000 0.107688000 -0.348220572 0.518741910 -0.502932924 -0.597250147
272.107000000 1.650650000 3.486560000 0.117746000 -0.737378432 0.131713207 -0.653521623 0.108784961
272.208000000 1.651790000 3.529980000 0.131655000 0.899137834 0.270832344 0.329596464 -0.097811899
272.307000000 1.655750000 3.565600000 0.153241000 -0.667930506 -0.583807519 -0.395789036 -0.237462965
272.407000000 1.644670000 3.542380000 0.160545000 -0.163891974 0.876341588 0.413003554 0.185991682
272.507000000 1.627480000 3.517790000 0.162825000 0.073400950 -0.840708799 0.416691322 0.337919159
272.607000000 1.612860000 3.498160000 0.167411000 -0.676934219 -0.021338072 -0.735664179 -0.010147196
272.707000000 1.601660000 3.479200000 0.172640000 -0.611540979 0.373734838 -0.577623745 -0.390756589
272.807000000 1.598440000 3.461490000 0.182512000 0.794061684 -0.408177724 0.442080700 0.086148961
272.908000000 1.599410000 3.437940000 0.196563000 -0.300823054 0.693947916 -0.651776237 -0.055942092
273.007000000 1.601700000 3.413420000 0.209069000 -0.685873730 -0.387617954 0.511836316 0.342568435
273.107000000 1.593610000 3.427830000 0.219084000 0.118420535 -0.745207769 0.215235624 -0.619931919
273.208000000 1.597910000 3.432000000 0.221568000 -0.773856187 0.376935524 0.484029276 -0.157422590
273.308000000 1.599810000 3.438100000 0.224901000 0.378091382 0.012220055 0.240236316 0.893970967
273.407000000 1.607400000 3.446380000 0.224830000 -0.065260375 0.263165148 -0.890524120 -0.365310799
273.507000000 1.618420000 3.451150000 0.222347000 -0.733027309 -0.072570970 -0.291063194 0.610480659
273.607000000 1.638880000 3.459170000 0.220188000 0.371572810 0.658904553 0.092457606 -0.647479751
273.707000000 1.662650000 3.468630000 0.214065000 -0.076964741 -0.871349951 0.186464954 0.447276774
273.807000000 1.681750000 3.480360000 0.201114000 -0.430495743 0.901674516 -0.024970819 -0.032139384
273.907000000 1.700170000 3.498480000 0.183641000 0.854656453 -0.103120981 -0.428370875 0.274639407
274.007000000 1.711750000 3.516970000 0.162087000 -0.204647654 -0.665265479 0.410713760 -0.588944299
274.107000000 1.725450000 3.541200000 0.145818000 -0.687048610 0.579297868 0.172020200 0.403469006
274.208000000 1.740070000 3.558020000 0.144451000 0.790485347 -0.214185763 -0.569619322 -0.069218513
274.308000000 1.725750000 3.558350000 0.127097000 -0.062691716 -0.036043472 0.068166124 0.995049746
274.407000000 1.694040000 3.555930000 0.120324000 -0.388233688 0.427537900 -0.728359982 0.368751520
274.507000000 1.668480000 3.561240000 0.108765000 -0.340791582 -0.218504027 -0.467032784 0.786128149
274.607000000 1.645070000 3.564650000 0.106827000 0.230281609 -0.199277133 0.034665220 0.951870436
274.707000000 1.624940000 3.564950000 0.108923000 0.484399912 -0.078559639 0.432587223 0.756342120
274.807000000 1.605470000 3.566310000 0.112554000 0.630668936 -0.166776427 0.655173726 0.381037669
274.907000000 1.596370000 3.569180000 0.123197000 0.666816149 0.075140362 0.728842238 0.136011550
275.007000000 1.596420000 3.572510000 0.132600000 0.652127798 0.243607195 0.707172464 -0.123660731
275.107000000 1.601120000 3.579670000 0.145235000 0.506231567 0.427375181 0.738345146 -0.126200242
275.208000000 1.607450000 3.584630000 0.158099000 0.402714065 0.533999932 0.705461167 -0.234499460
275.307000000 1.611040000 3.592800000 0.171458000 0.335037076 0.611192845 0.623759088 -0.353720320
275.407000000 1.619240000 3.602670000 0.184008000 0.204041942 0.650555643 0.608553034 -0.405964833
275.508000000 1.626860000 3.613470000 0.195938000 0.114448110 0.661300411 0.571869306 -0.471750880
275.607000000 1.635610000 3.623660000 0.204646000 0.026664047 0.599035655 0.646684394 -0.471428263
275.707000000 1.642720000 3.635700000 0.212532000 -0.109060677 0.654286939 0.489448028 -0.566087447
275.807000000 1.648050000 3.648930000 0.218013000 -0.178582314 0.637619797 0.469117314 -0.584361444
275.907000000 1.654370000 3.661880000 0.219352000 -0.284750186 0.539934817 0.566648361 -0.553441379
276.007000000 1.663040000 3.674980000 0.217826000 -0.430540582 0.506016239 0.423831487 -0.615588534
276.108000000 1.668220000 3.683840000 0.217022000 -0.561213920 0.407122680 0.583246678 -0.423217879
276.208000000 1.673360000 3.699490000 0.211959000 -0.625533950 0.296990802 0.497305678 -0.522676576
276.307000000 1.675980000 3.712720000 0.202190000 -0.601078002 0.310214588 0.448925557 -0.583898954
276.407000000 1.678590000 3.724080000 0.195603000 -0.654165849 0.127906114 0.573770009 -0.475914955
276.508000000 1.676070000 3.737910000 0.185295000 -0.645681440 0.160746438 0.505931258 -0.548898554
276.607000000 1.670680000 3.751360000 0.175477000 -0.609752954 0.141447122 0.496874940 -0.601090128
276.707000000 1.663530000 3.765950000 0.165708000 -0.594354319 0.143331213 0.443736458 -0.655207649
276.807000000 1.651610000 3.780630000 0.159995000 -0.554519978 0.173279338 0.393729364 -0.712361603
276.907000000 1.638140000 3.794070000 0.154854000 -0.551530590 0.249966446 0.383649285 -0.697240281
277.007000000 1.626080000 3.809700000 0.155636000 -0.632647004 0.208895505 0.333703755 -0.666904971
277.108000000 1.616020000 3.825180000 0.156261000 -0.648815807 0.297087166 0.172987956 -0.678861128
277.208000000 1.607700000 3.840680000 0.156111000 -0.649544604 0.335733778 0.115595688 -0.672318581
277.307000000 1.601810000 3.854640000 0.156313000 -0.511209940 0.372865842 0.174813787 -0.754370997
